"../../../Engine/Plugins/2D/Paper2D/Content/PlaceholderTextures/DummySpriteTexture.ubulk" 0
"../../../Engine/Plugins/2D/Paper2D/Content/PlaceholderTextures/DummySpriteTexture.uasset" 1
"../../../Engine/Plugins/2D/Paper2D/Content/PlaceholderTextures/DummySpriteTexture.uexp" 2
"../../../Engine/Plugins/2D/Paper2D/Content/DummySprite.uasset" 3
"../../../Engine/Plugins/2D/Paper2D/Content/DummySprite.uexp" 4
"../../../Engine/Plugins/2D/Paper2D/Content/DefaultPaperTerrainMaterial.uasset" 5
"../../../Engine/Plugins/2D/Paper2D/Content/DefaultPaperTerrainMaterial.uexp" 6
"../../../Engine/Content/Animation/DefaultRecorderBoneCompression.uasset" 7
"../../../Engine/Content/Animation/DefaultRecorderBoneCompression.uexp" 8
"../../../Engine/Plugins/Animation/ControlRig/Content/Controls/DefaultGizmoLibraryNormalized.uasset" 9
"../../../Engine/Plugins/Animation/ControlRig/Content/Controls/DefaultGizmoLibraryNormalized.uexp" 10
"../../../Engine/Content/EngineSounds/Master.uasset" 11
"../../../Engine/Content/EngineSounds/Master.uexp" 12
"../../../Engine/Content/EngineMaterials/DefaultDestructiblePhysicalMaterial.uasset" 13
"../../../Engine/Content/EngineMaterials/DefaultDestructiblePhysicalMaterial.uexp" 14
"../../../Engine/Content/EngineFonts/Faces/DroidSansFallback.uexp" 15
"../../../Engine/Content/EngineFonts/Faces/DroidSansFallback.uasset" 16
"../../../Engine/Content/EngineFonts/Faces/DroidSansFallback.ufont" 17
"../../../Engine/Content/EngineFonts/Faces/DroidSansMono.uexp" 18
"../../../Engine/Content/EngineFonts/Faces/DroidSansMono.uasset" 19
"../../../Engine/Content/EngineFonts/Faces/DroidSansMono.ufont" 20
"../../../Engine/Content/EngineFonts/DroidSansMono.uasset" 21
"../../../Engine/Content/EngineFonts/DroidSansMono.uexp" 22
"../../../Engine/Content/EngineResources/GradientTexture0.uasset" 23
"../../../Engine/Content/EngineResources/GradientTexture0.uexp" 24
"../../../Engine/Content/EngineResources/DefaultTexture.ubulk" 25
"../../../Engine/Content/EngineResources/DefaultTexture.uasset" 26
"../../../Engine/Content/EngineResources/DefaultTexture.uexp" 27
"../../../Engine/Content/EngineMaterials/PreintegratedSkinBRDF.uasset" 28
"../../../Engine/Content/EngineMaterials/PreintegratedSkinBRDF.uexp" 29
"../../../Engine/Content/EngineMaterials/MiniFont.uasset" 30
"../../../Engine/Content/EngineMaterials/MiniFont.uexp" 31
"../../../Engine/Content/EngineMaterials/FastBlueNoise_vec2_128x128x64.uasset" 32
"../../../Engine/Content/EngineMaterials/FastBlueNoise_vec2_128x128x64.uexp" 33
"../../../Engine/Content/EngineMaterials/FastBlueNoise_scalar_128x128x8.uasset" 34
"../../../Engine/Content/EngineMaterials/FastBlueNoise_scalar_128x128x8.uexp" 35
"../../../Engine/Content/EngineMaterials/FastBlueNoise_scalar_128x128x64.uasset" 36
"../../../Engine/Content/EngineMaterials/FastBlueNoise_scalar_128x128x64.uexp" 37
"../../../Engine/Content/EngineMaterials/DefaultWhiteGrid.ubulk" 38
"../../../Engine/Content/EngineMaterials/DefaultWhiteGrid.uasset" 39
"../../../Engine/Content/EngineMaterials/DefaultWhiteGrid.uexp" 40
"../../../Engine/Content/EngineMaterials/DefaultBokeh.uasset" 41
"../../../Engine/Content/EngineMaterials/DefaultBokeh.uexp" 42
"../../../Engine/Content/EngineMaterials/DefaultBloomKernel.uasset" 43
"../../../Engine/Content/EngineMaterials/DefaultBloomKernel.uexp" 44
"../../../Engine/Content/EditorResources/S_TriggerSphere.uasset" 45
"../../../Engine/Content/EditorResources/S_TriggerSphere.uexp" 46
"../../../Engine/Content/EditorResources/S_TriggerCapsule.uasset" 47
"../../../Engine/Content/EditorResources/S_TriggerCapsule.uexp" 48
"../../../Engine/Content/EditorResources/S_TriggerBox.uasset" 49
"../../../Engine/Content/EditorResources/S_TriggerBox.uexp" 50
"../../../Engine/Content/EditorResources/S_Trigger.ubulk" 51
"../../../Engine/Content/EditorResources/S_Trigger.uasset" 52
"../../../Engine/Content/EditorResources/S_Trigger.uexp" 53
"../../../Engine/Content/EditorResources/S_Terrain.ubulk" 54
"../../../Engine/Content/EditorResources/S_Terrain.uasset" 55
"../../../Engine/Content/EditorResources/S_Terrain.uexp" 56
"../../../Engine/Content/EditorResources/S_Solver.ubulk" 57
"../../../Engine/Content/EditorResources/S_Solver.uasset" 58
"../../../Engine/Content/EditorResources/S_Solver.uexp" 59
"../../../Engine/Content/EditorResources/S_BoxReflectionCapture.uasset" 60
"../../../Engine/Content/EditorResources/S_BoxReflectionCapture.uexp" 61
"../../../Engine/Content/EditorResources/S_Actor.ubulk" 62
"../../../Engine/Content/EditorResources/S_Actor.uasset" 63
"../../../Engine/Content/EditorResources/S_Actor.uexp" 64
"../../../Engine/Content/EditorResources/BSPVertex.uasset" 65
"../../../Engine/Content/EditorResources/BSPVertex.uexp" 66
"../../../Engine/Plugins/Runtime/AudioWidgets/Content/Resources/ScrubHandleDown_Clamped.uasset" 67
"../../../Engine/Plugins/Runtime/AudioWidgets/Content/Resources/ScrubHandleDown_Clamped.uexp" 68
"../../../Engine/Content/EditorMaterials/ParticleSystems/PSysThumbnail_OOD.ubulk" 69
"../../../Engine/Content/EditorMaterials/ParticleSystems/PSysThumbnail_OOD.uasset" 70
"../../../Engine/Content/EditorMaterials/ParticleSystems/PSysThumbnail_OOD.uexp" 71
"../../../Engine/Content/EditorMaterials/ParticleSystems/PSysThumbnail_NoImage.ubulk" 72
"../../../Engine/Content/EditorMaterials/ParticleSystems/PSysThumbnail_NoImage.uasset" 73
"../../../Engine/Content/EditorMaterials/ParticleSystems/PSysThumbnail_NoImage.uexp" 74
"../../../Engine/Content/EngineResources/FilmGrains/Marcie_Grain_v3_128_M2_000.uasset" 75
"../../../Engine/Content/EngineResources/FilmGrains/Marcie_Grain_v3_128_M2_000.uexp" 76
"../../../Engine/Content/EngineResources/Development/ZenLogo_64.uasset" 77
"../../../Engine/Content/EngineResources/Development/ZenLogo_64.uexp" 78
"../../../Engine/Content/EngineMaterials/LTC/Sheen_LTC.uasset" 79
"../../../Engine/Content/EngineMaterials/LTC/Sheen_LTC.uexp" 80
"../../../Engine/Content/EngineMaterials/LTC/GGX_LTCMat.uasset" 81
"../../../Engine/Content/EngineMaterials/LTC/GGX_LTCMat.uexp" 82
"../../../Engine/Content/EngineMaterials/LTC/GGX_LTCAmp.uasset" 83
"../../../Engine/Content/EngineMaterials/LTC/GGX_LTCAmp.uexp" 84
"../../../Engine/Content/EngineMaterials/EnergyConservation/Sheen_Energy.uasset" 85
"../../../Engine/Content/EngineMaterials/EnergyConservation/Sheen_Energy.uexp" 86
"../../../Engine/Content/EngineMaterials/EnergyConservation/SheenLegacy_Energy.uasset" 87
"../../../Engine/Content/EngineMaterials/EnergyConservation/SheenLegacy_Energy.uexp" 88
"../../../Engine/Content/EngineMaterials/EnergyConservation/GGX_TransmissionEnergyArray.uasset" 89
"../../../Engine/Content/EngineMaterials/EnergyConservation/GGX_TransmissionEnergyArray.uexp" 90
"../../../Engine/Content/EngineMaterials/EnergyConservation/GGX_ReflectionEnergy.uasset" 91
"../../../Engine/Content/EngineMaterials/EnergyConservation/GGX_ReflectionEnergy.uexp" 92
"../../../Engine/Content/EngineMaterials/EnergyConservation/Diffuse_Energy.uasset" 93
"../../../Engine/Content/EngineMaterials/EnergyConservation/Diffuse_Energy.uexp" 94
"../../../Engine/Content/EditorResources/SequenceRecorder/RecordingIndicator.uasset" 95
"../../../Engine/Content/EditorResources/SequenceRecorder/RecordingIndicator.uexp" 96
"../../../Engine/Content/EditorResources/SequenceRecorder/Countdown.uasset" 97
"../../../Engine/Content/EditorResources/SequenceRecorder/Countdown.uexp" 98
"../../../Engine/Content/Functions/Engine_MaterialFunctions01/Shading/ConvertFromDiffSpec.uasset" 99
"../../../Engine/Content/Functions/Engine_MaterialFunctions01/Shading/ConvertFromDiffSpec.uexp" 100
"../../../Engine/Content/Functions/Engine_MaterialFunctions01/Shading/PowerToRoughness.uasset" 101
"../../../Engine/Content/Functions/Engine_MaterialFunctions01/Shading/PowerToRoughness.uexp" 102
"../../../Engine/Content/EditorMaterials/Dataflow/DataflowTwoSidedVertexMaterial.uasset" 103
"../../../Engine/Content/EditorMaterials/Dataflow/DataflowTwoSidedVertexMaterial.uexp" 104
"../../../Engine/Content/EditorMaterials/Dataflow/DataflowVertexMaterial.uasset" 105
"../../../Engine/Content/EditorMaterials/Dataflow/DataflowVertexMaterial.uexp" 106
"../../../Engine/Content/Functions/Engine_MaterialFunctions02/Utility/VectorLength.uasset" 107
"../../../Engine/Content/Functions/Engine_MaterialFunctions02/Utility/VectorLength.uexp" 108
"../../../Engine/Content/Functions/Engine_MaterialFunctions02/Utility/BreakOutFloat3Components.uasset" 109
"../../../Engine/Content/Functions/Engine_MaterialFunctions02/Utility/BreakOutFloat3Components.uexp" 110
"../../../Engine/Content/Functions/Engine_MaterialFunctions02/WorldPositionOffset/ObjectScale.uasset" 111
"../../../Engine/Content/Functions/Engine_MaterialFunctions02/WorldPositionOffset/ObjectScale.uexp" 112
"../../../Engine/Content/Functions/Engine_MaterialFunctions02/SafeNormalize.uasset" 113
"../../../Engine/Content/Functions/Engine_MaterialFunctions02/SafeNormalize.uexp" 114
"../../../Engine/Plugins/Editor/SpeedTreeImporter/Content/SpeedTree9/UnpackInteger3.uasset" 115
"../../../Engine/Plugins/Editor/SpeedTreeImporter/Content/SpeedTree9/UnpackInteger3.uexp" 116
"../../../Engine/Plugins/Editor/SpeedTreeImporter/Content/SpeedTree9/UnpackDirection.uasset" 117
"../../../Engine/Plugins/Editor/SpeedTreeImporter/Content/SpeedTree9/UnpackDirection.uexp" 118
"../../../Engine/Plugins/Editor/SpeedTreeImporter/Content/SpeedTree9/game_wind_noise.ubulk" 119
"../../../Engine/Plugins/Editor/SpeedTreeImporter/Content/SpeedTree9/game_wind_noise.uasset" 120
"../../../Engine/Plugins/Editor/SpeedTreeImporter/Content/SpeedTree9/game_wind_noise.uexp" 121
"../../../Engine/Plugins/Editor/SpeedTreeImporter/Content/SpeedTree9/SpeedTreeWindMotion.uasset" 122
"../../../Engine/Plugins/Editor/SpeedTreeImporter/Content/SpeedTree9/SpeedTreeWindMotion.uexp" 123
"../../../Engine/Plugins/Editor/SpeedTreeImporter/Content/SpeedTree9/SpeedTreeBranchMotion.uasset" 124
"../../../Engine/Plugins/Editor/SpeedTreeImporter/Content/SpeedTree9/SpeedTreeBranchMotion.uexp" 125
"../../../Engine/Content/Functions/Engine_MaterialFunctions02/ObjectLocalBounds.uasset" 126
"../../../Engine/Content/Functions/Engine_MaterialFunctions02/ObjectLocalBounds.uexp" 127
"../../../Engine/Content/Functions/Engine_MaterialFunctions02/UVs/BoundingBoxBased_0-1_UVW.uasset" 128
"../../../Engine/Content/Functions/Engine_MaterialFunctions02/UVs/BoundingBoxBased_0-1_UVW.uexp" 129
"../../../Engine/Plugins/Editor/SpeedTreeImporter/Content/SpeedTree9/SpeedTreeWind.uasset" 130
"../../../Engine/Plugins/Editor/SpeedTreeImporter/Content/SpeedTree9/SpeedTreeWind.uexp" 131
"../../../Engine/Plugins/Editor/SpeedTreeImporter/Content/SpeedTree9/EmptyNormal.uasset" 132
"../../../Engine/Plugins/Editor/SpeedTreeImporter/Content/SpeedTree9/EmptyNormal.uexp" 133
"../../../Engine/Plugins/Editor/SpeedTreeImporter/Content/SpeedTree9/Empty.uasset" 134
"../../../Engine/Plugins/Editor/SpeedTreeImporter/Content/SpeedTree9/Empty.uexp" 135
"../../../Engine/Plugins/Editor/SpeedTreeImporter/Content/SpeedTree9/SpeedTreeBillboard.uasset" 136
"../../../Engine/Plugins/Editor/SpeedTreeImporter/Content/SpeedTree9/SpeedTreeBillboard.uexp" 137
"../../../Engine/Plugins/Editor/SpeedTreeImporter/Content/SpeedTree9/SpeedTreeBillboardMaster.uasset" 138
"../../../Engine/Plugins/Editor/SpeedTreeImporter/Content/SpeedTree9/SpeedTreeBillboardMaster.uexp" 139
"../../../Engine/Plugins/Editor/SpeedTreeImporter/Content/SpeedTree9/SpeedTreeCameraFacing.uasset" 140
"../../../Engine/Plugins/Editor/SpeedTreeImporter/Content/SpeedTree9/SpeedTreeCameraFacing.uexp" 141
"../../../Engine/Plugins/Editor/SpeedTreeImporter/Content/SpeedTree9/SpeedTreeMaster.uasset" 142
"../../../Engine/Plugins/Editor/SpeedTreeImporter/Content/SpeedTree9/SpeedTreeMaster.uexp" 143
"../../../Engine/Plugins/Interchange/Assets/Content/Functions/MX_AbsorptionVDF.uasset" 144
"../../../Engine/Plugins/Interchange/Assets/Content/Functions/MX_AbsorptionVDF.uexp" 145
"../../../Engine/Plugins/Interchange/Assets/Content/Functions/MX_AnisotropicVDF.uasset" 146
"../../../Engine/Plugins/Interchange/Assets/Content/Functions/MX_AnisotropicVDF.uexp" 147
"../../../Engine/Plugins/Interchange/Assets/Content/Functions/MX_BurleyDiffuseBSDF.uasset" 148
"../../../Engine/Plugins/Interchange/Assets/Content/Functions/MX_BurleyDiffuseBSDF.uexp" 149
"../../../Engine/Plugins/Interchange/Assets/Content/Functions/MX_ConductorBSDF.uasset" 150
"../../../Engine/Plugins/Interchange/Assets/Content/Functions/MX_ConductorBSDF.uexp" 151
"../../../Engine/Plugins/Interchange/Assets/Content/Functions/MX_ConicalEDF.uasset" 152
"../../../Engine/Plugins/Interchange/Assets/Content/Functions/MX_ConicalEDF.uexp" 153
"../../../Engine/Plugins/Interchange/Assets/Content/Functions/MX_DielectricBSDF.uasset" 154
"../../../Engine/Plugins/Interchange/Assets/Content/Functions/MX_DielectricBSDF.uexp" 155
"../../../Engine/Plugins/Interchange/Assets/Content/Functions/MX_Displacement.uasset" 156
"../../../Engine/Plugins/Interchange/Assets/Content/Functions/MX_Displacement.uexp" 157
"../../../Engine/Plugins/Interchange/Assets/Content/Functions/MX_GeneralizedSchlickBSDF.uasset" 158
"../../../Engine/Plugins/Interchange/Assets/Content/Functions/MX_GeneralizedSchlickBSDF.uexp" 159
"../../../Engine/Plugins/Interchange/Assets/Content/Functions/MX_MeasuredEDF.uasset" 160
"../../../Engine/Plugins/Interchange/Assets/Content/Functions/MX_MeasuredEDF.uexp" 161
"../../../Engine/Plugins/Interchange/Assets/Content/Functions/MF_IridescenceNoLUT.uasset" 162
"../../../Engine/Plugins/Interchange/Assets/Content/Functions/MF_IridescenceNoLUT.uexp" 163
"../../../Engine/Plugins/Interchange/Assets/Content/Functions/MX_StandardSurface.uasset" 164
"../../../Engine/Plugins/Interchange/Assets/Content/Functions/MX_StandardSurface.uexp" 165
"../../../Engine/Plugins/Interchange/Assets/Content/Functions/MX_OpenPBR_Opaque.uasset" 166
"../../../Engine/Plugins/Interchange/Assets/Content/Functions/MX_OpenPBR_Opaque.uexp" 167
"../../../Engine/Plugins/Interchange/Assets/Content/Functions/MX_TransmissionSurface.uasset" 168
"../../../Engine/Plugins/Interchange/Assets/Content/Functions/MX_TransmissionSurface.uexp" 169
"../../../Engine/Plugins/Interchange/Assets/Content/Functions/MX_OpenPBR_Translucent.uasset" 170
"../../../Engine/Plugins/Interchange/Assets/Content/Functions/MX_OpenPBR_Translucent.uexp" 171
"../../../Engine/Plugins/Interchange/Assets/Content/Functions/MX_OrenNayarBSDF.uasset" 172
"../../../Engine/Plugins/Interchange/Assets/Content/Functions/MX_OrenNayarBSDF.uexp" 173
"../../../Engine/Plugins/Interchange/Assets/Content/Functions/MX_SheenBSDF.uasset" 174
"../../../Engine/Plugins/Interchange/Assets/Content/Functions/MX_SheenBSDF.uexp" 175
"../../../Engine/Plugins/Interchange/Assets/Content/Functions/MX_SubsurfaceBSDF.uasset" 176
"../../../Engine/Plugins/Interchange/Assets/Content/Functions/MX_SubsurfaceBSDF.uexp" 177
"../../../Engine/Plugins/Interchange/Assets/Content/Functions/MX_Surface.uasset" 178
"../../../Engine/Plugins/Interchange/Assets/Content/Functions/MX_Surface.uexp" 179
"../../../Engine/Plugins/Interchange/Assets/Content/Functions/MX_SurfaceUnlit.uasset" 180
"../../../Engine/Plugins/Interchange/Assets/Content/Functions/MX_SurfaceUnlit.uexp" 181
"../../../Engine/Plugins/Interchange/Assets/Content/Functions/MX_ThinFilmBSDF.uasset" 182
"../../../Engine/Plugins/Interchange/Assets/Content/Functions/MX_ThinFilmBSDF.uexp" 183
"../../../Engine/Plugins/Interchange/Assets/Content/Functions/MX_TranslucentBSDF.uasset" 184
"../../../Engine/Plugins/Interchange/Assets/Content/Functions/MX_TranslucentBSDF.uexp" 185
"../../../Engine/Plugins/Interchange/Assets/Content/Functions/MX_UniformEDF.uasset" 186
"../../../Engine/Plugins/Interchange/Assets/Content/Functions/MX_UniformEDF.uexp" 187
"../../../Engine/Plugins/Interchange/Assets/Content/Functions/MX_UsdPreviewSurface.uasset" 188
"../../../Engine/Plugins/Interchange/Assets/Content/Functions/MX_UsdPreviewSurface.uexp" 189
"../../../Engine/Plugins/Runtime/HairStrands/Content/Materials/HairCardsDefaultMaterial.uasset" 190
"../../../Engine/Plugins/Runtime/HairStrands/Content/Materials/HairCardsDefaultMaterial.uexp" 191
"../../../Engine/Content/Functions/Engine_MaterialFunctions02/Utility/MakeFloat2.uasset" 192
"../../../Engine/Content/Functions/Engine_MaterialFunctions02/Utility/MakeFloat2.uexp" 193
"../../../Engine/Content/Functions/Engine_MaterialFunctions02/Utility/MakeFloat3.uasset" 194
"../../../Engine/Content/Functions/Engine_MaterialFunctions02/Utility/MakeFloat3.uexp" 195
"../../../Engine/Content/EngineMaterials/HairDebugColor.uasset" 196
"../../../Engine/Content/EngineMaterials/HairDebugColor.uexp" 197
"../../../Engine/Content/EngineMaterials/HairColorMap.uasset" 198
"../../../Engine/Content/EngineMaterials/HairColorMap.uexp" 199
"../../../Engine/Plugins/Runtime/HairStrands/Content/Materials/HairGroupColors.uasset" 200
"../../../Engine/Plugins/Runtime/HairStrands/Content/Materials/HairGroupColors.uexp" 201
"../../../Engine/Plugins/Runtime/HairStrands/Content/Materials/HairDebugMaterial.uasset" 202
"../../../Engine/Plugins/Runtime/HairStrands/Content/Materials/HairDebugMaterial.uexp" 203
"../../../Engine/Plugins/Runtime/HairStrands/Content/Materials/HairDefaultMaterial.uasset" 204
"../../../Engine/Plugins/Runtime/HairStrands/Content/Materials/HairDefaultMaterial.uexp" 205
"../../../Engine/Plugins/Runtime/HairStrands/Content/Materials/HairMeshesDefaultMaterial.uasset" 206
"../../../Engine/Plugins/Runtime/HairStrands/Content/Materials/HairMeshesDefaultMaterial.uexp" 207
"../../../Engine/Plugins/VirtualProduction/CameraCalibrationCore/Content/Materials/M_DefaultEvenSquare.uasset" 208
"../../../Engine/Plugins/VirtualProduction/CameraCalibrationCore/Content/Materials/M_DefaultEvenSquare.uexp" 209
"../../../Engine/Plugins/VirtualProduction/CameraCalibrationCore/Content/Materials/M_DefaultOddSquare.uasset" 210
"../../../Engine/Plugins/VirtualProduction/CameraCalibrationCore/Content/Materials/M_DefaultOddSquare.uexp" 211
"../../../Engine/Content/EngineDamageTypes/DmgTypeBP_Environmental.uasset" 212
"../../../Engine/Content/EngineDamageTypes/DmgTypeBP_Environmental.uexp" 213
"../../../Engine/Content/EngineDebugMaterials/DebugEditorMaterial.uasset" 214
"../../../Engine/Content/EngineDebugMaterials/DebugEditorMaterial.uexp" 215
"../../../Engine/Content/EngineDebugMaterials/DebugMeshMaterial.uasset" 216
"../../../Engine/Content/EngineDebugMaterials/DebugMeshMaterial.uexp" 217
"../../../Engine/Content/EngineDebugMaterials/M_SimpleUnlitTranslucent.uasset" 218
"../../../Engine/Content/EngineDebugMaterials/M_SimpleUnlitTranslucent.uexp" 219
"../../../Engine/Content/Functions/Engine_MaterialFunctions02/Utility/CameraDirectionVector.uasset" 220
"../../../Engine/Content/Functions/Engine_MaterialFunctions02/Utility/CameraDirectionVector.uexp" 221
"../../../Engine/Content/EngineDebugMaterials/VolumeToRender.uasset" 222
"../../../Engine/Content/EngineDebugMaterials/VolumeToRender.uexp" 223
"../../../Engine/Content/EngineDebugMaterials/M_VolumeRenderSphereTracePP.uasset" 224
"../../../Engine/Content/EngineDebugMaterials/M_VolumeRenderSphereTracePP.uexp" 225
"../../../Engine/Content/EngineMaterials/DefaultDiffuse.ubulk" 226
"../../../Engine/Content/EngineMaterials/DefaultDiffuse.uasset" 227
"../../../Engine/Content/EngineMaterials/DefaultDiffuse.uexp" 228
"../../../Engine/Content/EngineMaterials/DefaultDeferredDecalMaterial.uasset" 229
"../../../Engine/Content/EngineMaterials/DefaultDeferredDecalMaterial.uexp" 230
"../../../Engine/Content/EngineMaterials/DefaultLightFunctionMaterial.uasset" 231
"../../../Engine/Content/EngineMaterials/DefaultLightFunctionMaterial.uexp" 232
"../../../Engine/Content/Functions/Engine_MaterialFunctions02/Utility/BreakOutFloat2Components.uasset" 233
"../../../Engine/Content/Functions/Engine_MaterialFunctions02/Utility/BreakOutFloat2Components.uexp" 234
"../../../Engine/Content/EngineMaterials/DefaultPostProcessMaterial.uasset" 235
"../../../Engine/Content/EngineMaterials/DefaultPostProcessMaterial.uexp" 236
"../../../Engine/Content/EngineFonts/RobotoDistanceField.uasset" 237
"../../../Engine/Content/EngineFonts/RobotoDistanceField.uexp" 238
"../../../Engine/Content/EngineMaterials/DefaultTextMaterialOpaque.uasset" 239
"../../../Engine/Content/EngineMaterials/DefaultTextMaterialOpaque.uexp" 240
"../../../Engine/Content/EngineMaterials/DefaultWhiteGrid_Low.uasset" 241
"../../../Engine/Content/EngineMaterials/DefaultWhiteGrid_Low.uexp" 242
"../../../Engine/Content/EngineMaterials/EmissiveMeshMaterial.uasset" 243
"../../../Engine/Content/EngineMaterials/EmissiveMeshMaterial.uexp" 244
"../../../Engine/Content/EngineMaterials/BaseFlattenLinearColor.uasset" 245
"../../../Engine/Content/EngineMaterials/BaseFlattenLinearColor.uexp" 246
"../../../Engine/Content/EngineMaterials/BaseFlattenNormalMap.uasset" 247
"../../../Engine/Content/EngineMaterials/BaseFlattenNormalMap.uexp" 248
"../../../Engine/Content/EngineMaterials/BaseFlattenDiffuseMap.uasset" 249
"../../../Engine/Content/EngineMaterials/BaseFlattenDiffuseMap.uexp" 250
"../../../Engine/Content/EngineMaterials/BaseFlattenEmissiveMap.uasset" 251
"../../../Engine/Content/EngineMaterials/BaseFlattenEmissiveMap.uexp" 252
"../../../Engine/Content/EngineMaterials/BaseFlattenGrayscaleMap.uasset" 253
"../../../Engine/Content/EngineMaterials/BaseFlattenGrayscaleMap.uexp" 254
"../../../Engine/Content/Functions/Engine_MaterialFunctions02/PivotPainter2/Black_1x1_EXR_Texture.uasset" 255
"../../../Engine/Content/Functions/Engine_MaterialFunctions02/PivotPainter2/Black_1x1_EXR_Texture.uexp" 256
"../../../Engine/Content/EngineMaterials/FlattenMaterial.uasset" 257
"../../../Engine/Content/EngineMaterials/FlattenMaterial.uexp" 258
"../../../Engine/Content/EngineMaterials/BaseFlattenDiffuseMap_VT.uasset" 259
"../../../Engine/Content/EngineMaterials/BaseFlattenDiffuseMap_VT.uexp" 260
"../../../Engine/Content/EngineMaterials/BaseFlattenEmissiveMap_VT.uasset" 261
"../../../Engine/Content/EngineMaterials/BaseFlattenEmissiveMap_VT.uexp" 262
"../../../Engine/Content/EngineMaterials/BaseFlattenGrayscaleMap_VT.uasset" 263
"../../../Engine/Content/EngineMaterials/BaseFlattenGrayscaleMap_VT.uexp" 264
"../../../Engine/Content/EngineMaterials/BaseFlattenLinearColor_VT.uasset" 265
"../../../Engine/Content/EngineMaterials/BaseFlattenLinearColor_VT.uexp" 266
"../../../Engine/Content/EngineMaterials/BaseFlattenNormalMap_VT.uasset" 267
"../../../Engine/Content/EngineMaterials/BaseFlattenNormalMap_VT.uexp" 268
"../../../Engine/Content/EngineMaterials/Black_1x1_EXR_Texture_VT.uasset" 269
"../../../Engine/Content/EngineMaterials/Black_1x1_EXR_Texture_VT.uexp" 270
"../../../Engine/Content/EngineMaterials/FlattenMaterial_VT.uasset" 271
"../../../Engine/Content/EngineMaterials/FlattenMaterial_VT.uexp" 272
"../../../Engine/Content/EngineMaterials/FlattenMaterial_WS_Normal_VT.uasset" 273
"../../../Engine/Content/EngineMaterials/FlattenMaterial_WS_Normal_VT.uexp" 274
"../../../Engine/Content/EngineMaterials/GizmoMaterial.uasset" 275
"../../../Engine/Content/EngineMaterials/GizmoMaterial.uexp" 276
"../../../Engine/Content/EngineMaterials/InvalidLightmapSettings.ubulk" 277
"../../../Engine/Content/EngineMaterials/InvalidLightmapSettings.uasset" 278
"../../../Engine/Content/EngineMaterials/InvalidLightmapSettings.uexp" 279
"../../../Engine/Content/EngineMaterials/M_InvalidLightmapSettings.uasset" 280
"../../../Engine/Content/EngineMaterials/M_InvalidLightmapSettings.uexp" 281
"../../../Engine/Content/EngineMaterials/NaniteHiddenSectionMaterial.uasset" 282
"../../../Engine/Content/EngineMaterials/NaniteHiddenSectionMaterial.uexp" 283
"../../../Engine/Content/Functions/Engine_MaterialFunctions02/WorldPositionOffset/CameraOffset.uasset" 284
"../../../Engine/Content/Functions/Engine_MaterialFunctions02/WorldPositionOffset/CameraOffset.uexp" 285
"../../../Engine/Content/EngineMaterials/PhAT_JointLimitMaterial.uasset" 286
"../../../Engine/Content/EngineMaterials/PhAT_JointLimitMaterial.uexp" 287
"../../../Engine/Content/EngineMaterials/DefaultCalibrationColor.uasset" 288
"../../../Engine/Content/EngineMaterials/DefaultCalibrationColor.uexp" 289
"../../../Engine/Content/EngineMaterials/PPM_DefaultCalibrationColor.uasset" 290
"../../../Engine/Content/EngineMaterials/PPM_DefaultCalibrationColor.uexp" 291
"../../../Engine/Content/EngineMaterials/DefaultCalibrationGrayscale.uasset" 292
"../../../Engine/Content/EngineMaterials/DefaultCalibrationGrayscale.uexp" 293
"../../../Engine/Content/EngineMaterials/PPM_DefaultCalibrationGrayscale.uasset" 294
"../../../Engine/Content/EngineMaterials/PPM_DefaultCalibrationGrayscale.uexp" 295
"../../../Engine/Content/EngineMaterials/RemoveSurfaceMaterial.uasset" 296
"../../../Engine/Content/EngineMaterials/RemoveSurfaceMaterial.uexp" 297
"../../../Engine/Plugins/Animation/ControlRig/Content/Controls/ControlRigGizmoMaterial.uasset" 298
"../../../Engine/Plugins/Animation/ControlRig/Content/Controls/ControlRigGizmoMaterial.uexp" 299
"../../../Engine/Plugins/Animation/ControlRig/Content/Controls/ControlRigXRayMaterial.uasset" 300
"../../../Engine/Plugins/Animation/ControlRig/Content/Controls/ControlRigXRayMaterial.uexp" 301
"../../../Engine/Content/EditorLandscapeResources/DefaultAlphaTexture.uasset" 302
"../../../Engine/Content/EditorLandscapeResources/DefaultAlphaTexture.uexp" 303
"../../../Engine/Content/EditorLandscapeResources/LandscapeDirtyMaterial.uasset" 304
"../../../Engine/Content/EditorLandscapeResources/LandscapeDirtyMaterial.uexp" 305
"../../../Engine/Content/Functions/Engine_MaterialFunctions01/Texturing/ScaleUVsByCenter.uasset" 306
"../../../Engine/Content/Functions/Engine_MaterialFunctions01/Texturing/ScaleUVsByCenter.uexp" 307
"../../../Engine/Content/Functions/Engine_MaterialFunctions02/WorldPositionOffset/LocalPosition.uasset" 308
"../../../Engine/Content/Functions/Engine_MaterialFunctions02/WorldPositionOffset/LocalPosition.uexp" 309
"../../../Engine/Content/Functions/Engine_MaterialFunctions01/Texturing/TextureCropping.uasset" 310
"../../../Engine/Content/Functions/Engine_MaterialFunctions01/Texturing/TextureCropping.uexp" 311
"../../../Engine/Content/Functions/Engine_MaterialFunctions02/ExampleContent/DebugNumberStrip.uasset" 312
"../../../Engine/Content/Functions/Engine_MaterialFunctions02/ExampleContent/DebugNumberStrip.uexp" 313
"../../../Engine/Content/Functions/Engine_MaterialFunctions01/Debug/DebugIntValues.uasset" 314
"../../../Engine/Content/Functions/Engine_MaterialFunctions01/Debug/DebugIntValues.uexp" 315
"../../../Engine/Content/EditorLandscapeResources/LandscapeLayerUsageMaterial.uasset" 316
"../../../Engine/Content/EditorLandscapeResources/LandscapeLayerUsageMaterial.uexp" 317
"../../../Engine/Content/EditorLandscapeResources/WhiteSquareTexture.uasset" 318
"../../../Engine/Content/EditorLandscapeResources/WhiteSquareTexture.uexp" 319
"../../../Engine/Content/EditorLandscapeResources/LayerVisMaterial.uasset" 320
"../../../Engine/Content/EditorLandscapeResources/LayerVisMaterial.uexp" 321
"../../../Engine/Content/EditorMaterials/PhAT_NoCollisionMaterial.uasset" 322
"../../../Engine/Content/EditorMaterials/PhAT_NoCollisionMaterial.uexp" 323
"../../../Engine/Content/EditorMaterials/PhAT_UnselectedMaterial.uasset" 324
"../../../Engine/Content/EditorMaterials/PhAT_UnselectedMaterial.uexp" 325
"../../../Engine/Content/EditorMaterials/PreviewShadowIndicator.ubulk" 326
"../../../Engine/Content/EditorMaterials/PreviewShadowIndicator.uasset" 327
"../../../Engine/Content/EditorMaterials/PreviewShadowIndicator.uexp" 328
"../../../Engine/Content/EditorMaterials/PreviewShadowIndicatorMaterial.uasset" 329
"../../../Engine/Content/EditorMaterials/PreviewShadowIndicatorMaterial.uexp" 330
"../../../Engine/Plugins/Animation/ControlRig/Content/M_Manip.uasset" 331
"../../../Engine/Plugins/Animation/ControlRig/Content/M_Manip.uexp" 332
"../../../Engine/Content/EngineMeshes/Sphere.ubulk" 333
"../../../Engine/Content/EngineMeshes/Sphere.uasset" 334
"../../../Engine/Content/EngineMeshes/Sphere.uexp" 335
"../../../Engine/Content/EngineResources/DefaultTextureCube.uasset" 336
"../../../Engine/Content/EngineResources/DefaultTextureCube.uexp" 337
"../../../Engine/Content/EngineMaterials/Substrate/GLints/AGlintTex2dArray.uasset" 338
"../../../Engine/Content/EngineMaterials/Substrate/GLints/AGlintTex2dArray.uexp" 339
"../../../Engine/Content/EngineMaterials/Substrate/Glints2/AGlintTex2dArray2.uasset" 340
"../../../Engine/Content/EngineMaterials/Substrate/Glints2/AGlintTex2dArray2.uexp" 341
"../../../Engine/Content/EngineMaterials/Substrate/Volume/SubstrateSimpleVolumeEnvLUT3D.uasset" 342
"../../../Engine/Content/EngineMaterials/Substrate/Volume/SubstrateSimpleVolumeEnvLUT3D.uexp" 343
"../../../Engine/Content/EngineMaterials/Substrate/Volume/SubstrateSimpleVolumeLUT3D.uasset" 344
"../../../Engine/Content/EngineMaterials/Substrate/Volume/SubstrateSimpleVolumeLUT3D.uexp" 345
"../../../Engine/Content/EngineMaterials/T_Default_Material_Grid_M.ubulk" 346
"../../../Engine/Content/EngineMaterials/T_Default_Material_Grid_M.uasset" 347
"../../../Engine/Content/EngineMaterials/T_Default_Material_Grid_M.uexp" 348
"../../../Engine/Content/Functions/Engine_MaterialFunctions01/Opacity/CameraDepthFade.uasset" 349
"../../../Engine/Content/Functions/Engine_MaterialFunctions01/Opacity/CameraDepthFade.uexp" 350
"../../../Engine/Content/EngineMaterials/T_Default_Material_Grid_N.ubulk" 351
"../../../Engine/Content/EngineMaterials/T_Default_Material_Grid_N.uasset" 352
"../../../Engine/Content/EngineMaterials/T_Default_Material_Grid_N.uexp" 353
"../../../Engine/Content/EngineMaterials/WorldGridMaterial.uasset" 354
"../../../Engine/Content/EngineMaterials/WorldGridMaterial.uexp" 355
"../../../Engine/Content/ArtTools/RenderToTexture/Meshes/S_1_Unit_Plane.ubulk" 356
"../../../Engine/Content/ArtTools/RenderToTexture/Meshes/S_1_Unit_Plane.uasset" 357
"../../../Engine/Content/ArtTools/RenderToTexture/Meshes/S_1_Unit_Plane.uexp" 358
"../../../Engine/Plugins/Interchange/Assets/Content/Utilities/New_LUT.uasset" 359
"../../../Engine/Plugins/Interchange/Assets/Content/Utilities/New_LUT.uexp" 360
"../../../Engine/Content/Functions/Engine_MaterialFunctions03/Math/RemapValueRange.uasset" 361
"../../../Engine/Content/Functions/Engine_MaterialFunctions03/Math/RemapValueRange.uexp" 362
"../../../Engine/Plugins/Interchange/Assets/Content/Functions/MF_Iridescence.uasset" 363
"../../../Engine/Plugins/Interchange/Assets/Content/Functions/MF_Iridescence.uexp" 364
"../../../Engine/Plugins/Interchange/Assets/Content/gltf/Textures/T_White_srgb.uasset" 365
"../../../Engine/Plugins/Interchange/Assets/Content/gltf/Textures/T_White_srgb.uexp" 366
"../../../Engine/Plugins/Interchange/Assets/Content/gltf/MaterialFunctions/MF_BaseColor.uasset" 367
"../../../Engine/Plugins/Interchange/Assets/Content/gltf/MaterialFunctions/MF_BaseColor.uexp" 368
"../../../Engine/Plugins/Interchange/Assets/Content/gltf/MaterialFunctions/MF_RotateV2.uasset" 369
"../../../Engine/Plugins/Interchange/Assets/Content/gltf/MaterialFunctions/MF_RotateV2.uexp" 370
"../../../Engine/Plugins/Interchange/Assets/Content/gltf/MaterialFunctions/MF_TransformUVs.uasset" 371
"../../../Engine/Plugins/Interchange/Assets/Content/gltf/MaterialFunctions/MF_TransformUVs.uexp" 372
"../../../Engine/Plugins/Interchange/Assets/Content/gltf/MaterialFunctions/MF_IOR.uasset" 373
"../../../Engine/Plugins/Interchange/Assets/Content/gltf/MaterialFunctions/MF_IOR.uexp" 374
"../../../Engine/Plugins/Interchange/Assets/Content/gltf/MaterialFunctions/MF_Iridescence.uasset" 375
"../../../Engine/Plugins/Interchange/Assets/Content/gltf/MaterialFunctions/MF_Iridescence.uexp" 376
"../../../Engine/Plugins/Interchange/Assets/Content/gltf/Textures/T_White_Linear.uasset" 377
"../../../Engine/Plugins/Interchange/Assets/Content/gltf/Textures/T_White_Linear.uexp" 378
"../../../Engine/Plugins/Interchange/Assets/Content/gltf/MaterialFunctions/MF_MetallicRoughness.uasset" 379
"../../../Engine/Plugins/Interchange/Assets/Content/gltf/MaterialFunctions/MF_MetallicRoughness.uexp" 380
"../../../Engine/Content/Functions/Engine_MaterialFunctions02/Math/Transform3x3Matrix.uasset" 381
"../../../Engine/Content/Functions/Engine_MaterialFunctions02/Math/Transform3x3Matrix.uexp" 382
"../../../Engine/Plugins/Interchange/Assets/Content/gltf/MaterialFunctions/MF_RotateNormals_TS.uasset" 383
"../../../Engine/Plugins/Interchange/Assets/Content/gltf/MaterialFunctions/MF_RotateNormals_TS.uexp" 384
"../../../Engine/Plugins/Interchange/Assets/Content/gltf/MaterialFunctions/MF_ScaleNormal.uasset" 385
"../../../Engine/Plugins/Interchange/Assets/Content/gltf/MaterialFunctions/MF_ScaleNormal.uexp" 386
"../../../Engine/Plugins/Interchange/Assets/Content/gltf/Textures/T_Generic_N.uasset" 387
"../../../Engine/Plugins/Interchange/Assets/Content/gltf/Textures/T_Generic_N.uexp" 388
"../../../Engine/Plugins/Interchange/Assets/Content/gltf/MaterialFunctions/MF_Normals.uasset" 389
"../../../Engine/Plugins/Interchange/Assets/Content/gltf/MaterialFunctions/MF_Normals.uexp" 390
"../../../Engine/Plugins/Interchange/Assets/Content/gltf/MaterialFunctions/MF_Occlusion.uasset" 391
"../../../Engine/Plugins/Interchange/Assets/Content/gltf/MaterialFunctions/MF_Occlusion.uexp" 392
"../../../Engine/Plugins/Interchange/Assets/Content/gltf/MaterialFunctions/MF_Specular.uasset" 393
"../../../Engine/Plugins/Interchange/Assets/Content/gltf/MaterialFunctions/MF_Specular.uexp" 394
"../../../Engine/Plugins/Interchange/Assets/Content/gltf/Textures/T_Anisotropy_Direction_Linear.uasset" 395
"../../../Engine/Plugins/Interchange/Assets/Content/gltf/Textures/T_Anisotropy_Direction_Linear.uexp" 396
"../../../Engine/Plugins/Interchange/Assets/Content/gltf/MaterialFunctions/MF_SpecularAnisotropy.uasset" 397
"../../../Engine/Plugins/Interchange/Assets/Content/gltf/MaterialFunctions/MF_SpecularAnisotropy.uexp" 398
"../../../Engine/Plugins/Interchange/Assets/Content/gltf/MaterialFunctions/MF_Emissive.uasset" 399
"../../../Engine/Plugins/Interchange/Assets/Content/gltf/MaterialFunctions/MF_Emissive.uexp" 400
"../../../Engine/Content/Functions/Engine_MaterialFunctions01/Texturing/FlattenNormal.uasset" 401
"../../../Engine/Content/Functions/Engine_MaterialFunctions01/Texturing/FlattenNormal.uexp" 402
"../../../Engine/Plugins/Interchange/Assets/Content/gltf/MaterialFunctions/MF_Clearcoat.uasset" 403
"../../../Engine/Plugins/Interchange/Assets/Content/gltf/MaterialFunctions/MF_Clearcoat.uexp" 404
"../../../Engine/Plugins/Interchange/Assets/Content/gltf/MaterialBodies/MF_ClearCoat_Body.uasset" 405
"../../../Engine/Plugins/Interchange/Assets/Content/gltf/MaterialBodies/MF_ClearCoat_Body.uexp" 406
"../../../Engine/Plugins/Interchange/Assets/Content/gltf/M_ClearCoat.uasset" 407
"../../../Engine/Plugins/Interchange/Assets/Content/gltf/M_ClearCoat.uexp" 408
"../../../Engine/Plugins/Interchange/Assets/Content/gltf/MaterialInstances/MI_ClearCoat_Blend.uasset" 409
"../../../Engine/Plugins/Interchange/Assets/Content/gltf/MaterialInstances/MI_ClearCoat_Blend.uexp" 410
"../../../Engine/Plugins/Interchange/Assets/Content/gltf/MaterialInstances/MI_ClearCoat_Blend_DS.uasset" 411
"../../../Engine/Plugins/Interchange/Assets/Content/gltf/MaterialInstances/MI_ClearCoat_Blend_DS.uexp" 412
"../../../Engine/Plugins/Interchange/Assets/Content/gltf/MaterialInstances/MI_ClearCoat_Mask.uasset" 413
"../../../Engine/Plugins/Interchange/Assets/Content/gltf/MaterialInstances/MI_ClearCoat_Mask.uexp" 414
"../../../Engine/Plugins/Interchange/Assets/Content/gltf/MaterialInstances/MI_ClearCoat_Mask_DS.uasset" 415
"../../../Engine/Plugins/Interchange/Assets/Content/gltf/MaterialInstances/MI_ClearCoat_Mask_DS.uexp" 416
"../../../Engine/Plugins/Interchange/Assets/Content/gltf/MaterialInstances/MI_ClearCoat_Opaque.uasset" 417
"../../../Engine/Plugins/Interchange/Assets/Content/gltf/MaterialInstances/MI_ClearCoat_Opaque.uexp" 418
"../../../Engine/Plugins/Interchange/Assets/Content/gltf/MaterialInstances/MI_ClearCoat_Opaque_DS.uasset" 419
"../../../Engine/Plugins/Interchange/Assets/Content/gltf/MaterialInstances/MI_ClearCoat_Opaque_DS.uexp" 420
"../../../Engine/Plugins/Interchange/Assets/Content/gltf/MaterialBodies/MF_Default_Body.uasset" 421
"../../../Engine/Plugins/Interchange/Assets/Content/gltf/MaterialBodies/MF_Default_Body.uexp" 422
"../../../Engine/Plugins/Interchange/Assets/Content/gltf/M_Default.uasset" 423
"../../../Engine/Plugins/Interchange/Assets/Content/gltf/M_Default.uexp" 424
"../../../Engine/Plugins/Interchange/Assets/Content/gltf/MaterialInstances/MI_Default_Blend.uasset" 425
"../../../Engine/Plugins/Interchange/Assets/Content/gltf/MaterialInstances/MI_Default_Blend.uexp" 426
"../../../Engine/Plugins/Interchange/Assets/Content/gltf/MaterialInstances/MI_Default_Blend_DS.uasset" 427
"../../../Engine/Plugins/Interchange/Assets/Content/gltf/MaterialInstances/MI_Default_Blend_DS.uexp" 428
"../../../Engine/Plugins/Interchange/Assets/Content/gltf/MaterialInstances/MI_Default_Mask.uasset" 429
"../../../Engine/Plugins/Interchange/Assets/Content/gltf/MaterialInstances/MI_Default_Mask.uexp" 430
"../../../Engine/Plugins/Interchange/Assets/Content/gltf/MaterialInstances/MI_Default_Mask_DS.uasset" 431
"../../../Engine/Plugins/Interchange/Assets/Content/gltf/MaterialInstances/MI_Default_Mask_DS.uexp" 432
"../../../Engine/Plugins/Interchange/Assets/Content/gltf/MaterialInstances/MI_Default_Opaque.uasset" 433
"../../../Engine/Plugins/Interchange/Assets/Content/gltf/MaterialInstances/MI_Default_Opaque.uexp" 434
"../../../Engine/Plugins/Interchange/Assets/Content/gltf/MaterialInstances/MI_Default_Opaque_DS.uasset" 435
"../../../Engine/Plugins/Interchange/Assets/Content/gltf/MaterialInstances/MI_Default_Opaque_DS.uexp" 436
"../../../Engine/Plugins/Interchange/Assets/Content/gltf/MaterialFunctions/MF_Sheen.uasset" 437
"../../../Engine/Plugins/Interchange/Assets/Content/gltf/MaterialFunctions/MF_Sheen.uexp" 438
"../../../Engine/Plugins/Interchange/Assets/Content/gltf/MaterialBodies/MF_Sheen_Body.uasset" 439
"../../../Engine/Plugins/Interchange/Assets/Content/gltf/MaterialBodies/MF_Sheen_Body.uexp" 440
"../../../Engine/Plugins/Interchange/Assets/Content/gltf/M_Sheen.uasset" 441
"../../../Engine/Plugins/Interchange/Assets/Content/gltf/M_Sheen.uexp" 442
"../../../Engine/Plugins/Interchange/Assets/Content/gltf/MaterialInstances/MI_Sheen_Blend.uasset" 443
"../../../Engine/Plugins/Interchange/Assets/Content/gltf/MaterialInstances/MI_Sheen_Blend.uexp" 444
"../../../Engine/Plugins/Interchange/Assets/Content/gltf/MaterialInstances/MI_Sheen_Blend_DS.uasset" 445
"../../../Engine/Plugins/Interchange/Assets/Content/gltf/MaterialInstances/MI_Sheen_Blend_DS.uexp" 446
"../../../Engine/Plugins/Interchange/Assets/Content/gltf/MaterialInstances/MI_Sheen_Mask.uasset" 447
"../../../Engine/Plugins/Interchange/Assets/Content/gltf/MaterialInstances/MI_Sheen_Mask.uexp" 448
"../../../Engine/Plugins/Interchange/Assets/Content/gltf/MaterialInstances/MI_Sheen_Mask_DS.uasset" 449
"../../../Engine/Plugins/Interchange/Assets/Content/gltf/MaterialInstances/MI_Sheen_Mask_DS.uexp" 450
"../../../Engine/Plugins/Interchange/Assets/Content/gltf/MaterialInstances/MI_Sheen_Opaque.uasset" 451
"../../../Engine/Plugins/Interchange/Assets/Content/gltf/MaterialInstances/MI_Sheen_Opaque.uexp" 452
"../../../Engine/Plugins/Interchange/Assets/Content/gltf/MaterialInstances/MI_Sheen_Opaque_DS.uasset" 453
"../../../Engine/Plugins/Interchange/Assets/Content/gltf/MaterialInstances/MI_Sheen_Opaque_DS.uexp" 454
"../../../Engine/Content/Functions/Engine_MaterialFunctions02/Math/AddComponents.uasset" 455
"../../../Engine/Content/Functions/Engine_MaterialFunctions02/Math/AddComponents.uexp" 456
"../../../Engine/Plugins/Interchange/Assets/Content/gltf/MaterialFunctions/MF_DiffuseSpecGloss.uasset" 457
"../../../Engine/Plugins/Interchange/Assets/Content/gltf/MaterialFunctions/MF_DiffuseSpecGloss.uexp" 458
"../../../Engine/Plugins/Interchange/Assets/Content/gltf/MaterialFunctions/MF_MaxComponentValue.uasset" 459
"../../../Engine/Plugins/Interchange/Assets/Content/gltf/MaterialFunctions/MF_MaxComponentValue.uexp" 460
"../../../Engine/Plugins/Interchange/Assets/Content/gltf/MaterialFunctions/MF_PerceivedBrightness.uasset" 461
"../../../Engine/Plugins/Interchange/Assets/Content/gltf/MaterialFunctions/MF_PerceivedBrightness.uexp" 462
"../../../Engine/Plugins/Interchange/Assets/Content/gltf/MaterialFunctions/MF_SpecGlossToMetalRoughness.uasset" 463
"../../../Engine/Plugins/Interchange/Assets/Content/gltf/MaterialFunctions/MF_SpecGlossToMetalRoughness.uexp" 464
"../../../Engine/Plugins/Interchange/Assets/Content/gltf/MaterialBodies/MF_SpecularGlossiness_Body.uasset" 465
"../../../Engine/Plugins/Interchange/Assets/Content/gltf/MaterialBodies/MF_SpecularGlossiness_Body.uexp" 466
"../../../Engine/Plugins/Interchange/Assets/Content/gltf/M_SpecularGlossiness.uasset" 467
"../../../Engine/Plugins/Interchange/Assets/Content/gltf/M_SpecularGlossiness.uexp" 468
"../../../Engine/Plugins/Interchange/Assets/Content/gltf/MaterialInstances/MI_SpecularGlossiness_Blend.uasset" 469
"../../../Engine/Plugins/Interchange/Assets/Content/gltf/MaterialInstances/MI_SpecularGlossiness_Blend.uexp" 470
"../../../Engine/Plugins/Interchange/Assets/Content/gltf/MaterialInstances/MI_SpecularGlossiness_Blend_DS.uasset" 471
"../../../Engine/Plugins/Interchange/Assets/Content/gltf/MaterialInstances/MI_SpecularGlossiness_Blend_DS.uexp" 472
"../../../Engine/Plugins/Interchange/Assets/Content/gltf/MaterialInstances/MI_SpecularGlossiness_Mask.uasset" 473
"../../../Engine/Plugins/Interchange/Assets/Content/gltf/MaterialInstances/MI_SpecularGlossiness_Mask.uexp" 474
"../../../Engine/Plugins/Interchange/Assets/Content/gltf/MaterialInstances/MI_SpecularGlossiness_Mask_DS.uasset" 475
"../../../Engine/Plugins/Interchange/Assets/Content/gltf/MaterialInstances/MI_SpecularGlossiness_Mask_DS.uexp" 476
"../../../Engine/Plugins/Interchange/Assets/Content/gltf/MaterialInstances/MI_SpecularGlossiness_Opaque.uasset" 477
"../../../Engine/Plugins/Interchange/Assets/Content/gltf/MaterialInstances/MI_SpecularGlossiness_Opaque.uexp" 478
"../../../Engine/Plugins/Interchange/Assets/Content/gltf/MaterialInstances/MI_SpecularGlossiness_Opaque_DS.uasset" 479
"../../../Engine/Plugins/Interchange/Assets/Content/gltf/MaterialInstances/MI_SpecularGlossiness_Opaque_DS.uexp" 480
"../../../Engine/Content/EngineMaterials/Good64x64TilingNoiseHighFreq.uasset" 481
"../../../Engine/Content/EngineMaterials/Good64x64TilingNoiseHighFreq.uexp" 482
"../../../Engine/Content/Functions/Engine_MaterialFunctions02/Texturing/ScreenAlignedPixelToPixelUVs.uasset" 483
"../../../Engine/Content/Functions/Engine_MaterialFunctions02/Texturing/ScreenAlignedPixelToPixelUVs.uexp" 484
"../../../Engine/Plugins/Interchange/Assets/Content/gltf/MaterialFunctions/MF_Fresnel_DS.uasset" 485
"../../../Engine/Plugins/Interchange/Assets/Content/gltf/MaterialFunctions/MF_Fresnel_DS.uexp" 486
"../../../Engine/Plugins/Interchange/Assets/Content/gltf/MaterialFunctions/MF_Temporal_Blur.uasset" 487
"../../../Engine/Plugins/Interchange/Assets/Content/gltf/MaterialFunctions/MF_Temporal_Blur.uexp" 488
"../../../Engine/Plugins/Interchange/Assets/Content/gltf/MaterialFunctions/MF_Transmission.uasset" 489
"../../../Engine/Plugins/Interchange/Assets/Content/gltf/MaterialFunctions/MF_Transmission.uexp" 490
"../../../Engine/Plugins/Interchange/Assets/Content/gltf/MaterialBodies/MF_Transmission_Body.uasset" 491
"../../../Engine/Plugins/Interchange/Assets/Content/gltf/MaterialBodies/MF_Transmission_Body.uexp" 492
"../../../Engine/Plugins/Interchange/Assets/Content/gltf/M_Transmission.uasset" 493
"../../../Engine/Plugins/Interchange/Assets/Content/gltf/M_Transmission.uexp" 494
"../../../Engine/Plugins/Interchange/Assets/Content/gltf/MaterialInstances/MI_Transmission.uasset" 495
"../../../Engine/Plugins/Interchange/Assets/Content/gltf/MaterialInstances/MI_Transmission.uexp" 496
"../../../Engine/Plugins/Interchange/Assets/Content/gltf/MaterialInstances/MI_Transmission_DS.uasset" 497
"../../../Engine/Plugins/Interchange/Assets/Content/gltf/MaterialInstances/MI_Transmission_DS.uexp" 498
"../../../Engine/Plugins/Interchange/Assets/Content/gltf/MaterialBodies/MF_Unlit_Body.uasset" 499
"../../../Engine/Plugins/Interchange/Assets/Content/gltf/MaterialBodies/MF_Unlit_Body.uexp" 500
"../../../Engine/Plugins/Interchange/Assets/Content/gltf/M_Unlit.uasset" 501
"../../../Engine/Plugins/Interchange/Assets/Content/gltf/M_Unlit.uexp" 502
"../../../Engine/Plugins/Interchange/Assets/Content/gltf/MaterialInstances/MI_Unlit_Blend.uasset" 503
"../../../Engine/Plugins/Interchange/Assets/Content/gltf/MaterialInstances/MI_Unlit_Blend.uexp" 504
"../../../Engine/Plugins/Interchange/Assets/Content/gltf/MaterialInstances/MI_Unlit_Blend_DS.uasset" 505
"../../../Engine/Plugins/Interchange/Assets/Content/gltf/MaterialInstances/MI_Unlit_Blend_DS.uexp" 506
"../../../Engine/Plugins/Interchange/Assets/Content/gltf/MaterialInstances/MI_Unlit_Mask.uasset" 507
"../../../Engine/Plugins/Interchange/Assets/Content/gltf/MaterialInstances/MI_Unlit_Mask.uexp" 508
"../../../Engine/Plugins/Interchange/Assets/Content/gltf/MaterialInstances/MI_Unlit_Mask_DS.uasset" 509
"../../../Engine/Plugins/Interchange/Assets/Content/gltf/MaterialInstances/MI_Unlit_Mask_DS.uexp" 510
"../../../Engine/Plugins/Interchange/Assets/Content/gltf/MaterialInstances/MI_Unlit_Opaque.uasset" 511
"../../../Engine/Plugins/Interchange/Assets/Content/gltf/MaterialInstances/MI_Unlit_Opaque.uexp" 512
"../../../Engine/Plugins/Interchange/Assets/Content/gltf/MaterialInstances/MI_Unlit_Opaque_DS.uasset" 513
"../../../Engine/Plugins/Interchange/Assets/Content/gltf/MaterialInstances/MI_Unlit_Opaque_DS.uexp" 514
"../../../Engine/Content/VREditor/LaserPointer/VR_LaserPower_01.ubulk" 515
"../../../Engine/Content/VREditor/LaserPointer/VR_LaserPower_01.uasset" 516
"../../../Engine/Content/VREditor/LaserPointer/VR_LaserPower_01.uexp" 517
"../../../Engine/Content/VREditor/TransformGizmo/TransformGizmoMaterial.uasset" 518
"../../../Engine/Content/VREditor/TransformGizmo/TransformGizmoMaterial.uexp" 519
"../../../Engine/Content/VREditor/TransformGizmo/TranslucentTransformGizmoMaterial.uasset" 520
"../../../Engine/Content/VREditor/TransformGizmo/TranslucentTransformGizmoMaterial.uexp" 521
"../../../Engine/Content/VREditor/TransformGizmo/BoundingBoxCorner.ubulk" 522
"../../../Engine/Content/VREditor/TransformGizmo/BoundingBoxCorner.uasset" 523
"../../../Engine/Content/VREditor/TransformGizmo/BoundingBoxCorner.uexp" 524
"../../../Engine/Content/VREditor/TransformGizmo/BoundingBoxEdge.ubulk" 525
"../../../Engine/Content/VREditor/TransformGizmo/BoundingBoxEdge.uasset" 526
"../../../Engine/Content/VREditor/TransformGizmo/BoundingBoxEdge.uexp" 527
"../../../Engine/Content/VREditor/TransformGizmo/Xray.uasset" 528
"../../../Engine/Content/VREditor/TransformGizmo/Xray.uexp" 529
"../../../Engine/Content/VREditor/TransformGizmo/Main.uasset" 530
"../../../Engine/Content/VREditor/TransformGizmo/Main.uexp" 531
"../../../Engine/Content/VREditor/TransformGizmo/SM_Sequencer_Node.ubulk" 532
"../../../Engine/Content/VREditor/TransformGizmo/SM_Sequencer_Node.uasset" 533
"../../../Engine/Content/VREditor/TransformGizmo/SM_Sequencer_Node.uexp" 534
"../../../Engine/Content/EditorMaterials/Camera/CineMat.uasset" 535
"../../../Engine/Content/EditorMaterials/Camera/CineMat.uexp" 536
"../../../Engine/Content/EditorMaterials/Camera/MI_CineMat_Rig.uasset" 537
"../../../Engine/Content/EditorMaterials/Camera/MI_CineMat_Rig.uexp" 538
"../../../Engine/Content/EditorMeshes/Camera/SM_CraneRig_Arm.ubulk" 539
"../../../Engine/Content/EditorMeshes/Camera/SM_CraneRig_Arm.uasset" 540
"../../../Engine/Content/EditorMeshes/Camera/SM_CraneRig_Arm.uexp" 541
"../../../Engine/Content/EditorMeshes/Camera/SM_CraneRig_Base.ubulk" 542
"../../../Engine/Content/EditorMeshes/Camera/SM_CraneRig_Base.uasset" 543
"../../../Engine/Content/EditorMeshes/Camera/SM_CraneRig_Base.uexp" 544
"../../../Engine/Content/EditorMeshes/Camera/SM_CraneRig_Body.ubulk" 545
"../../../Engine/Content/EditorMeshes/Camera/SM_CraneRig_Body.uasset" 546
"../../../Engine/Content/EditorMeshes/Camera/SM_CraneRig_Body.uexp" 547
"../../../Engine/Content/EditorMeshes/Camera/SM_CraneRig_Mount.ubulk" 548
"../../../Engine/Content/EditorMeshes/Camera/SM_CraneRig_Mount.uasset" 549
"../../../Engine/Content/EditorMeshes/Camera/SM_CraneRig_Mount.uexp" 550
"../../../Engine/Content/EditorMeshes/Camera/SM_RailRig_Mount.ubulk" 551
"../../../Engine/Content/EditorMeshes/Camera/SM_RailRig_Mount.uasset" 552
"../../../Engine/Content/EditorMeshes/Camera/SM_RailRig_Mount.uexp" 553
"../../../Engine/Content/EditorMeshes/Camera/SM_RailRig_Track.ubulk" 554
"../../../Engine/Content/EditorMeshes/Camera/SM_RailRig_Track.uasset" 555
"../../../Engine/Content/EditorMeshes/Camera/SM_RailRig_Track.uexp" 556
"../../../Engine/Content/EngineResources/WhiteSquareTexture.uasset" 557
"../../../Engine/Content/EngineResources/WhiteSquareTexture.uexp" 558
"../../../Engine/Content/EngineMaterials/Widget3DPassThrough.uasset" 559
"../../../Engine/Content/EngineMaterials/Widget3DPassThrough.uexp" 560
"../../../Engine/Content/EngineMaterials/Widget3DPassThrough_Masked.uasset" 561
"../../../Engine/Content/EngineMaterials/Widget3DPassThrough_Masked.uexp" 562
"../../../Engine/Content/EngineMaterials/Widget3DPassThrough_Opaque.uasset" 563
"../../../Engine/Content/EngineMaterials/Widget3DPassThrough_Opaque.uexp" 564
"../../../Engine/Content/EngineMaterials/Widget3DPassThrough_Opaque_OneSided.uasset" 565
"../../../Engine/Content/EngineMaterials/Widget3DPassThrough_Opaque_OneSided.uexp" 566
"../../../Engine/Content/EngineMaterials/Widget3DPassThrough_Translucent.uasset" 567
"../../../Engine/Content/EngineMaterials/Widget3DPassThrough_Translucent.uexp" 568
"../../../Engine/Content/EngineMaterials/Widget3DPassThrough_Translucent_OneSided.uasset" 569
"../../../Engine/Content/EngineMaterials/Widget3DPassThrough_Translucent_OneSided.uexp" 570
"../../../Engine/Plugins/Animation/ControlRig/Content/Controls/ControlRig_Arrow2_1mm.ubulk" 571
"../../../Engine/Plugins/Animation/ControlRig/Content/Controls/ControlRig_Arrow2_1mm.uasset" 572
"../../../Engine/Plugins/Animation/ControlRig/Content/Controls/ControlRig_Arrow2_1mm.uexp" 573
"../../../Engine/Plugins/Animation/ControlRig/Content/Controls/ControlRig_Arrow2_3mm.ubulk" 574
"../../../Engine/Plugins/Animation/ControlRig/Content/Controls/ControlRig_Arrow2_3mm.uasset" 575
"../../../Engine/Plugins/Animation/ControlRig/Content/Controls/ControlRig_Arrow2_3mm.uexp" 576
"../../../Engine/Plugins/Animation/ControlRig/Content/Controls/ControlRig_Arrow2_solid.ubulk" 577
"../../../Engine/Plugins/Animation/ControlRig/Content/Controls/ControlRig_Arrow2_solid.uasset" 578
"../../../Engine/Plugins/Animation/ControlRig/Content/Controls/ControlRig_Arrow2_solid.uexp" 579
"../../../Engine/Plugins/Animation/ControlRig/Content/Controls/ControlRig_Arrow4_1mm.ubulk" 580
"../../../Engine/Plugins/Animation/ControlRig/Content/Controls/ControlRig_Arrow4_1mm.uasset" 581
"../../../Engine/Plugins/Animation/ControlRig/Content/Controls/ControlRig_Arrow4_1mm.uexp" 582
"../../../Engine/Plugins/Animation/ControlRig/Content/Controls/ControlRig_Arrow4_3mm.ubulk" 583
"../../../Engine/Plugins/Animation/ControlRig/Content/Controls/ControlRig_Arrow4_3mm.uasset" 584
"../../../Engine/Plugins/Animation/ControlRig/Content/Controls/ControlRig_Arrow4_3mm.uexp" 585
"../../../Engine/Plugins/Animation/ControlRig/Content/Controls/ControlRig_Arrow4_solid.ubulk" 586
"../../../Engine/Plugins/Animation/ControlRig/Content/Controls/ControlRig_Arrow4_solid.uasset" 587
"../../../Engine/Plugins/Animation/ControlRig/Content/Controls/ControlRig_Arrow4_solid.uexp" 588
"../../../Engine/Plugins/Animation/ControlRig/Content/Controls/ControlRig_Arrow_1mm.ubulk" 589
"../../../Engine/Plugins/Animation/ControlRig/Content/Controls/ControlRig_Arrow_1mm.uasset" 590
"../../../Engine/Plugins/Animation/ControlRig/Content/Controls/ControlRig_Arrow_1mm.uexp" 591
"../../../Engine/Plugins/Animation/ControlRig/Content/Controls/ControlRig_Arrow_3mm.ubulk" 592
"../../../Engine/Plugins/Animation/ControlRig/Content/Controls/ControlRig_Arrow_3mm.uasset" 593
"../../../Engine/Plugins/Animation/ControlRig/Content/Controls/ControlRig_Arrow_3mm.uexp" 594
"../../../Engine/Plugins/Animation/ControlRig/Content/Controls/ControlRig_Arrow_solid.ubulk" 595
"../../../Engine/Plugins/Animation/ControlRig/Content/Controls/ControlRig_Arrow_solid.uasset" 596
"../../../Engine/Plugins/Animation/ControlRig/Content/Controls/ControlRig_Arrow_solid.uexp" 597
"../../../Engine/Plugins/Animation/ControlRig/Content/Controls/ControlRig_Box_1mm.ubulk" 598
"../../../Engine/Plugins/Animation/ControlRig/Content/Controls/ControlRig_Box_1mm.uasset" 599
"../../../Engine/Plugins/Animation/ControlRig/Content/Controls/ControlRig_Box_1mm.uexp" 600
"../../../Engine/Plugins/Animation/ControlRig/Content/Controls/ControlRig_Box_3mm.ubulk" 601
"../../../Engine/Plugins/Animation/ControlRig/Content/Controls/ControlRig_Box_3mm.uasset" 602
"../../../Engine/Plugins/Animation/ControlRig/Content/Controls/ControlRig_Box_3mm.uexp" 603
"../../../Engine/Plugins/Animation/ControlRig/Content/Controls/ControlRig_Box_solid.ubulk" 604
"../../../Engine/Plugins/Animation/ControlRig/Content/Controls/ControlRig_Box_solid.uasset" 605
"../../../Engine/Plugins/Animation/ControlRig/Content/Controls/ControlRig_Box_solid.uexp" 606
"../../../Engine/Plugins/Animation/ControlRig/Content/Controls/ControlRig_Circle_1mm.ubulk" 607
"../../../Engine/Plugins/Animation/ControlRig/Content/Controls/ControlRig_Circle_1mm.uasset" 608
"../../../Engine/Plugins/Animation/ControlRig/Content/Controls/ControlRig_Circle_1mm.uexp" 609
"../../../Engine/Plugins/Animation/ControlRig/Content/Controls/ControlRig_Circle_3mm.ubulk" 610
"../../../Engine/Plugins/Animation/ControlRig/Content/Controls/ControlRig_Circle_3mm.uasset" 611
"../../../Engine/Plugins/Animation/ControlRig/Content/Controls/ControlRig_Circle_3mm.uexp" 612
"../../../Engine/Plugins/Animation/ControlRig/Content/Controls/ControlRig_Circle_solid.ubulk" 613
"../../../Engine/Plugins/Animation/ControlRig/Content/Controls/ControlRig_Circle_solid.uasset" 614
"../../../Engine/Plugins/Animation/ControlRig/Content/Controls/ControlRig_Circle_solid.uexp" 615
"../../../Engine/Plugins/Animation/ControlRig/Content/Controls/ControlRig_Diamond_1mm.ubulk" 616
"../../../Engine/Plugins/Animation/ControlRig/Content/Controls/ControlRig_Diamond_1mm.uasset" 617
"../../../Engine/Plugins/Animation/ControlRig/Content/Controls/ControlRig_Diamond_1mm.uexp" 618
"../../../Engine/Plugins/Animation/ControlRig/Content/Controls/ControlRig_Diamond_3mm.ubulk" 619
"../../../Engine/Plugins/Animation/ControlRig/Content/Controls/ControlRig_Diamond_3mm.uasset" 620
"../../../Engine/Plugins/Animation/ControlRig/Content/Controls/ControlRig_Diamond_3mm.uexp" 621
"../../../Engine/Plugins/Animation/ControlRig/Content/Controls/ControlRig_Diamond_solid.ubulk" 622
"../../../Engine/Plugins/Animation/ControlRig/Content/Controls/ControlRig_Diamond_solid.uasset" 623
"../../../Engine/Plugins/Animation/ControlRig/Content/Controls/ControlRig_Diamond_solid.uexp" 624
"../../../Engine/Plugins/Animation/ControlRig/Content/Controls/ControlRig_HalfCircle_1mm.ubulk" 625
"../../../Engine/Plugins/Animation/ControlRig/Content/Controls/ControlRig_HalfCircle_1mm.uasset" 626
"../../../Engine/Plugins/Animation/ControlRig/Content/Controls/ControlRig_HalfCircle_1mm.uexp" 627
"../../../Engine/Plugins/Animation/ControlRig/Content/Controls/ControlRig_HalfCircle_3mm.ubulk" 628
"../../../Engine/Plugins/Animation/ControlRig/Content/Controls/ControlRig_HalfCircle_3mm.uasset" 629
"../../../Engine/Plugins/Animation/ControlRig/Content/Controls/ControlRig_HalfCircle_3mm.uexp" 630
"../../../Engine/Plugins/Animation/ControlRig/Content/Controls/ControlRig_HalfCircle_solid.ubulk" 631
"../../../Engine/Plugins/Animation/ControlRig/Content/Controls/ControlRig_HalfCircle_solid.uasset" 632
"../../../Engine/Plugins/Animation/ControlRig/Content/Controls/ControlRig_HalfCircle_solid.uexp" 633
"../../../Engine/Plugins/Animation/ControlRig/Content/Controls/ControlRig_Hexagon_1mm.ubulk" 634
"../../../Engine/Plugins/Animation/ControlRig/Content/Controls/ControlRig_Hexagon_1mm.uasset" 635
"../../../Engine/Plugins/Animation/ControlRig/Content/Controls/ControlRig_Hexagon_1mm.uexp" 636
"../../../Engine/Plugins/Animation/ControlRig/Content/Controls/ControlRig_Hexagon_3mm.ubulk" 637
"../../../Engine/Plugins/Animation/ControlRig/Content/Controls/ControlRig_Hexagon_3mm.uasset" 638
"../../../Engine/Plugins/Animation/ControlRig/Content/Controls/ControlRig_Hexagon_3mm.uexp" 639
"../../../Engine/Plugins/Animation/ControlRig/Content/Controls/ControlRig_Hexagon_solid.ubulk" 640
"../../../Engine/Plugins/Animation/ControlRig/Content/Controls/ControlRig_Hexagon_solid.uasset" 641
"../../../Engine/Plugins/Animation/ControlRig/Content/Controls/ControlRig_Hexagon_solid.uexp" 642
"../../../Engine/Plugins/Animation/ControlRig/Content/Controls/ControlRig_Octagon_1mm.ubulk" 643
"../../../Engine/Plugins/Animation/ControlRig/Content/Controls/ControlRig_Octagon_1mm.uasset" 644
"../../../Engine/Plugins/Animation/ControlRig/Content/Controls/ControlRig_Octagon_1mm.uexp" 645
"../../../Engine/Plugins/Animation/ControlRig/Content/Controls/ControlRig_Octagon_3mm.ubulk" 646
"../../../Engine/Plugins/Animation/ControlRig/Content/Controls/ControlRig_Octagon_3mm.uasset" 647
"../../../Engine/Plugins/Animation/ControlRig/Content/Controls/ControlRig_Octagon_3mm.uexp" 648
"../../../Engine/Plugins/Animation/ControlRig/Content/Controls/ControlRig_Octagon_solid.ubulk" 649
"../../../Engine/Plugins/Animation/ControlRig/Content/Controls/ControlRig_Octagon_solid.uasset" 650
"../../../Engine/Plugins/Animation/ControlRig/Content/Controls/ControlRig_Octagon_solid.uexp" 651
"../../../Engine/Plugins/Animation/ControlRig/Content/Controls/ControlRig_Pyramid_1mm.ubulk" 652
"../../../Engine/Plugins/Animation/ControlRig/Content/Controls/ControlRig_Pyramid_1mm.uasset" 653
"../../../Engine/Plugins/Animation/ControlRig/Content/Controls/ControlRig_Pyramid_1mm.uexp" 654
"../../../Engine/Plugins/Animation/ControlRig/Content/Controls/ControlRig_Pyramid_3mm.ubulk" 655
"../../../Engine/Plugins/Animation/ControlRig/Content/Controls/ControlRig_Pyramid_3mm.uasset" 656
"../../../Engine/Plugins/Animation/ControlRig/Content/Controls/ControlRig_Pyramid_3mm.uexp" 657
"../../../Engine/Plugins/Animation/ControlRig/Content/Controls/ControlRig_Pyramid_solid.ubulk" 658
"../../../Engine/Plugins/Animation/ControlRig/Content/Controls/ControlRig_Pyramid_solid.uasset" 659
"../../../Engine/Plugins/Animation/ControlRig/Content/Controls/ControlRig_Pyramid_solid.uexp" 660
"../../../Engine/Plugins/Animation/ControlRig/Content/Controls/ControlRig_QuarterCircle_1mm.ubulk" 661
"../../../Engine/Plugins/Animation/ControlRig/Content/Controls/ControlRig_QuarterCircle_1mm.uasset" 662
"../../../Engine/Plugins/Animation/ControlRig/Content/Controls/ControlRig_QuarterCircle_1mm.uexp" 663
"../../../Engine/Plugins/Animation/ControlRig/Content/Controls/ControlRig_QuarterCircle_3mm.ubulk" 664
"../../../Engine/Plugins/Animation/ControlRig/Content/Controls/ControlRig_QuarterCircle_3mm.uasset" 665
"../../../Engine/Plugins/Animation/ControlRig/Content/Controls/ControlRig_QuarterCircle_3mm.uexp" 666
"../../../Engine/Plugins/Animation/ControlRig/Content/Controls/ControlRig_QuarterCircle_solid.ubulk" 667
"../../../Engine/Plugins/Animation/ControlRig/Content/Controls/ControlRig_QuarterCircle_solid.uasset" 668
"../../../Engine/Plugins/Animation/ControlRig/Content/Controls/ControlRig_QuarterCircle_solid.uexp" 669
"../../../Engine/Plugins/Animation/ControlRig/Content/Controls/ControlRig_RoundedSquare_1mm.ubulk" 670
"../../../Engine/Plugins/Animation/ControlRig/Content/Controls/ControlRig_RoundedSquare_1mm.uasset" 671
"../../../Engine/Plugins/Animation/ControlRig/Content/Controls/ControlRig_RoundedSquare_1mm.uexp" 672
"../../../Engine/Plugins/Animation/ControlRig/Content/Controls/ControlRig_RoundedSquare_3mm.ubulk" 673
"../../../Engine/Plugins/Animation/ControlRig/Content/Controls/ControlRig_RoundedSquare_3mm.uasset" 674
"../../../Engine/Plugins/Animation/ControlRig/Content/Controls/ControlRig_RoundedSquare_3mm.uexp" 675
"../../../Engine/Plugins/Animation/ControlRig/Content/Controls/ControlRig_RoundedSquare_solid.ubulk" 676
"../../../Engine/Plugins/Animation/ControlRig/Content/Controls/ControlRig_RoundedSquare_solid.uasset" 677
"../../../Engine/Plugins/Animation/ControlRig/Content/Controls/ControlRig_RoundedSquare_solid.uexp" 678
"../../../Engine/Plugins/Animation/ControlRig/Content/Controls/ControlRig_RoundedTriangle_1mm.ubulk" 679
"../../../Engine/Plugins/Animation/ControlRig/Content/Controls/ControlRig_RoundedTriangle_1mm.uasset" 680
"../../../Engine/Plugins/Animation/ControlRig/Content/Controls/ControlRig_RoundedTriangle_1mm.uexp" 681
"../../../Engine/Plugins/Animation/ControlRig/Content/Controls/ControlRig_RoundedTriangle_3mm.ubulk" 682
"../../../Engine/Plugins/Animation/ControlRig/Content/Controls/ControlRig_RoundedTriangle_3mm.uasset" 683
"../../../Engine/Plugins/Animation/ControlRig/Content/Controls/ControlRig_RoundedTriangle_3mm.uexp" 684
"../../../Engine/Plugins/Animation/ControlRig/Content/Controls/ControlRig_RoundedTriangle_solid.ubulk" 685
"../../../Engine/Plugins/Animation/ControlRig/Content/Controls/ControlRig_RoundedTriangle_solid.uasset" 686
"../../../Engine/Plugins/Animation/ControlRig/Content/Controls/ControlRig_RoundedTriangle_solid.uexp" 687
"../../../Engine/Plugins/Animation/ControlRig/Content/Controls/ControlRig_Sphere_1mm.ubulk" 688
"../../../Engine/Plugins/Animation/ControlRig/Content/Controls/ControlRig_Sphere_1mm.uasset" 689
"../../../Engine/Plugins/Animation/ControlRig/Content/Controls/ControlRig_Sphere_1mm.uexp" 690
"../../../Engine/Plugins/Animation/ControlRig/Content/Controls/ControlRig_Sphere_3mm.ubulk" 691
"../../../Engine/Plugins/Animation/ControlRig/Content/Controls/ControlRig_Sphere_3mm.uasset" 692
"../../../Engine/Plugins/Animation/ControlRig/Content/Controls/ControlRig_Sphere_3mm.uexp" 693
"../../../Engine/Plugins/Animation/ControlRig/Content/Controls/ControlRig_Sphere_solid.ubulk" 694
"../../../Engine/Plugins/Animation/ControlRig/Content/Controls/ControlRig_Sphere_solid.uasset" 695
"../../../Engine/Plugins/Animation/ControlRig/Content/Controls/ControlRig_Sphere_solid.uexp" 696
"../../../Engine/Plugins/Animation/ControlRig/Content/Controls/ControlRig_Square_1mm.ubulk" 697
"../../../Engine/Plugins/Animation/ControlRig/Content/Controls/ControlRig_Square_1mm.uasset" 698
"../../../Engine/Plugins/Animation/ControlRig/Content/Controls/ControlRig_Square_1mm.uexp" 699
"../../../Engine/Plugins/Animation/ControlRig/Content/Controls/ControlRig_Square_3mm.ubulk" 700
"../../../Engine/Plugins/Animation/ControlRig/Content/Controls/ControlRig_Square_3mm.uasset" 701
"../../../Engine/Plugins/Animation/ControlRig/Content/Controls/ControlRig_Square_3mm.uexp" 702
"../../../Engine/Plugins/Animation/ControlRig/Content/Controls/ControlRig_Square_solid.ubulk" 703
"../../../Engine/Plugins/Animation/ControlRig/Content/Controls/ControlRig_Square_solid.uasset" 704
"../../../Engine/Plugins/Animation/ControlRig/Content/Controls/ControlRig_Square_solid.uexp" 705
"../../../Engine/Plugins/Animation/ControlRig/Content/Controls/ControlRig_Star4_1mm.ubulk" 706
"../../../Engine/Plugins/Animation/ControlRig/Content/Controls/ControlRig_Star4_1mm.uasset" 707
"../../../Engine/Plugins/Animation/ControlRig/Content/Controls/ControlRig_Star4_1mm.uexp" 708
"../../../Engine/Plugins/Animation/ControlRig/Content/Controls/ControlRig_Star4_3mm.ubulk" 709
"../../../Engine/Plugins/Animation/ControlRig/Content/Controls/ControlRig_Star4_3mm.uasset" 710
"../../../Engine/Plugins/Animation/ControlRig/Content/Controls/ControlRig_Star4_3mm.uexp" 711
"../../../Engine/Plugins/Animation/ControlRig/Content/Controls/ControlRig_Star4_solid.ubulk" 712
"../../../Engine/Plugins/Animation/ControlRig/Content/Controls/ControlRig_Star4_solid.uasset" 713
"../../../Engine/Plugins/Animation/ControlRig/Content/Controls/ControlRig_Star4_solid.uexp" 714
"../../../Engine/Plugins/Animation/ControlRig/Content/Controls/ControlRig_Triangle_1mm.ubulk" 715
"../../../Engine/Plugins/Animation/ControlRig/Content/Controls/ControlRig_Triangle_1mm.uasset" 716
"../../../Engine/Plugins/Animation/ControlRig/Content/Controls/ControlRig_Triangle_1mm.uexp" 717
"../../../Engine/Plugins/Animation/ControlRig/Content/Controls/ControlRig_Triangle_3mm.ubulk" 718
"../../../Engine/Plugins/Animation/ControlRig/Content/Controls/ControlRig_Triangle_3mm.uasset" 719
"../../../Engine/Plugins/Animation/ControlRig/Content/Controls/ControlRig_Triangle_3mm.uexp" 720
"../../../Engine/Plugins/Animation/ControlRig/Content/Controls/ControlRig_Triangle_solid.ubulk" 721
"../../../Engine/Plugins/Animation/ControlRig/Content/Controls/ControlRig_Triangle_solid.uasset" 722
"../../../Engine/Plugins/Animation/ControlRig/Content/Controls/ControlRig_Triangle_solid.uexp" 723
"../../../Engine/Plugins/Animation/ControlRig/Content/Controls/ControlRig_Wedge_1mm.ubulk" 724
"../../../Engine/Plugins/Animation/ControlRig/Content/Controls/ControlRig_Wedge_1mm.uasset" 725
"../../../Engine/Plugins/Animation/ControlRig/Content/Controls/ControlRig_Wedge_1mm.uexp" 726
"../../../Engine/Plugins/Animation/ControlRig/Content/Controls/ControlRig_Wedge_3mm.ubulk" 727
"../../../Engine/Plugins/Animation/ControlRig/Content/Controls/ControlRig_Wedge_3mm.uasset" 728
"../../../Engine/Plugins/Animation/ControlRig/Content/Controls/ControlRig_Wedge_3mm.uexp" 729
"../../../Engine/Plugins/Animation/ControlRig/Content/Controls/ControlRig_Wedge_solid.ubulk" 730
"../../../Engine/Plugins/Animation/ControlRig/Content/Controls/ControlRig_Wedge_solid.uasset" 731
"../../../Engine/Plugins/Animation/ControlRig/Content/Controls/ControlRig_Wedge_solid.uexp" 732
"../../../Engine/Content/EditorLandscapeResources/ColorMaskBrushMaterial.uasset" 733
"../../../Engine/Content/EditorLandscapeResources/ColorMaskBrushMaterial.uexp" 734
"../../../Engine/Content/EditorLandscapeResources/ColorMaskBrushMaterial_MaskedRegion.uasset" 735
"../../../Engine/Content/EditorLandscapeResources/ColorMaskBrushMaterial_MaskedRegion.uexp" 736
"../../../Engine/Content/Functions/Engine_MaterialFunctions03/Math/WithinRangeFloat2.uasset" 737
"../../../Engine/Content/Functions/Engine_MaterialFunctions03/Math/WithinRangeFloat2.uexp" 738
"../../../Engine/Content/EditorLandscapeResources/MaskBrushMaterial.uasset" 739
"../../../Engine/Content/EditorLandscapeResources/MaskBrushMaterial.uexp" 740
"../../../Engine/Content/EditorLandscapeResources/MaskBrushMaterial_MaskedRegion.uasset" 741
"../../../Engine/Content/EditorLandscapeResources/MaskBrushMaterial_MaskedRegion.uexp" 742
"../../../Engine/Content/EditorLandscapeResources/SelectBrushMaterial.uasset" 743
"../../../Engine/Content/EditorLandscapeResources/SelectBrushMaterial.uexp" 744
"../../../Engine/Content/EditorLandscapeResources/SelectBrushMaterial_Selected.uasset" 745
"../../../Engine/Content/EditorLandscapeResources/SelectBrushMaterial_Selected.uexp" 746
"../../../Engine/Content/EditorLandscapeResources/SelectBrushMaterial_SelectedRegion.uasset" 747
"../../../Engine/Content/EditorLandscapeResources/SelectBrushMaterial_SelectedRegion.uexp" 748
"../../../Engine/Content/EditorLandscapeResources/SplineEditorMeshMat.uasset" 749
"../../../Engine/Content/EditorLandscapeResources/SplineEditorMeshMat.uexp" 750
"../../../Engine/Content/EditorLandscapeResources/SplineEditorMesh.ubulk" 751
"../../../Engine/Content/EditorLandscapeResources/SplineEditorMesh.uasset" 752
"../../../Engine/Content/EditorLandscapeResources/SplineEditorMesh.uexp" 753
"../../../Engine/Content/EngineMaterials/DefaultMaterial.uasset" 754
"../../../Engine/Content/EngineMaterials/DefaultMaterial.uexp" 755
"../../../Engine/Content/BasicShapes/Cone.ubulk" 756
"../../../Engine/Content/BasicShapes/Cone.uasset" 757
"../../../Engine/Content/BasicShapes/Cone.uexp" 758
"../../../Engine/Content/BasicShapes/Plane.ubulk" 759
"../../../Engine/Content/BasicShapes/Plane.uasset" 760
"../../../Engine/Content/BasicShapes/Plane.uexp" 761
"../../../Engine/Content/BasicShapes/Sphere.ubulk" 762
"../../../Engine/Content/BasicShapes/Sphere.uasset" 763
"../../../Engine/Content/BasicShapes/Sphere.uexp" 764
"../../../Engine/Plugins/Media/MediaPlate/Content/SM_MediaPlateScreen.ubulk" 765
"../../../Engine/Plugins/Media/MediaPlate/Content/SM_MediaPlateScreen.uasset" 766
"../../../Engine/Plugins/Media/MediaPlate/Content/SM_MediaPlateScreen.uexp" 767
"../../../Engine/Plugins/2D/Paper2D/Content/DefaultSpriteMaterial.uasset" 768
"../../../Engine/Plugins/2D/Paper2D/Content/DefaultSpriteMaterial.uexp" 769
"../../../Engine/Plugins/2D/Paper2D/Content/MaskedUnlitSpriteMaterial.uasset" 770
"../../../Engine/Plugins/2D/Paper2D/Content/MaskedUnlitSpriteMaterial.uexp" 771
"../../../Engine/Plugins/2D/Paper2D/Content/OpaqueUnlitSpriteMaterial.uasset" 772
"../../../Engine/Plugins/2D/Paper2D/Content/OpaqueUnlitSpriteMaterial.uexp" 773
"../../../Engine/Content/EngineResources/LandscapeVisibilityLayerInfo.uasset" 774
"../../../Engine/Content/EngineResources/LandscapeVisibilityLayerInfo.uexp" 775
"../../../Engine/Content/VREditor/Sounds/UI/Drop_Item_From_ContentBrowser.ubulk" 776
"../../../Engine/Content/VREditor/Sounds/UI/Drop_Item_From_ContentBrowser.uasset" 777
"../../../Engine/Content/VREditor/Sounds/UI/Drop_Item_From_ContentBrowser.uexp" 778
"../../../Engine/Content/VREditor/TransformGizmo/TransformGizmoMaterial_Inst.uasset" 779
"../../../Engine/Content/VREditor/TransformGizmo/TransformGizmoMaterial_Inst.uexp" 780
"../../../Engine/Content/VREditor/TransformGizmo/TranslucentTransformGizmoMaterial_Inst.uasset" 781
"../../../Engine/Content/VREditor/TransformGizmo/TranslucentTransformGizmoMaterial_Inst.uexp" 782
"../../../Engine/Content/Functions/Engine_MaterialFunctions02/SplitComponents.uasset" 783
"../../../Engine/Content/Functions/Engine_MaterialFunctions02/SplitComponents.uexp" 784
"../../../Engine/Content/VREditor/SnapGrid/SnapGridMaterial.uasset" 785
"../../../Engine/Content/VREditor/SnapGrid/SnapGridMaterial.uexp" 786
"../../../Engine/Content/VREditor/SnapGrid/SnapGridPlaneMesh.ubulk" 787
"../../../Engine/Content/VREditor/SnapGrid/SnapGridPlaneMesh.uasset" 788
"../../../Engine/Content/VREditor/SnapGrid/SnapGridPlaneMesh.uexp" 789
"../../../Engine/Content/VREditor/Sounds/UI/Gizmo_Handle_Clicked.ubulk" 790
"../../../Engine/Content/VREditor/Sounds/UI/Gizmo_Handle_Clicked.uasset" 791
"../../../Engine/Content/VREditor/Sounds/UI/Gizmo_Handle_Clicked.uexp" 792
"../../../Engine/Content/VREditor/Sounds/UI/Object_PickUp.ubulk" 793
"../../../Engine/Content/VREditor/Sounds/UI/Object_PickUp.uasset" 794
"../../../Engine/Content/VREditor/Sounds/UI/Object_PickUp.uexp" 795
"../../../Engine/Content/VREditor/Sounds/UI/Object_Snaps_To_Another_Actor.ubulk" 796
"../../../Engine/Content/VREditor/Sounds/UI/Object_Snaps_To_Another_Actor.uasset" 797
"../../../Engine/Content/VREditor/Sounds/UI/Object_Snaps_To_Another_Actor.uexp" 798
"../../../Engine/Content/VREditor/Sounds/UI/Object_Snaps_To_Grid.ubulk" 799
"../../../Engine/Content/VREditor/Sounds/UI/Object_Snaps_To_Grid.uasset" 800
"../../../Engine/Content/VREditor/Sounds/UI/Object_Snaps_To_Grid.uexp" 801
"../../../Engine/Content/VREditor/Sounds/UI/Scaling_Down.ubulk" 802
"../../../Engine/Content/VREditor/Sounds/UI/Scaling_Down.uasset" 803
"../../../Engine/Content/VREditor/Sounds/UI/Scaling_Down.uexp" 804
"../../../Engine/Content/VREditor/Sounds/UI/Scaling_Up.ubulk" 805
"../../../Engine/Content/VREditor/Sounds/UI/Scaling_Up.uasset" 806
"../../../Engine/Content/VREditor/Sounds/UI/Scaling_Up.uexp" 807
"../../../Engine/Content/VREditor/Sounds/UI/Selection_Changes.ubulk" 808
"../../../Engine/Content/VREditor/Sounds/UI/Selection_Changes.uasset" 809
"../../../Engine/Content/VREditor/Sounds/UI/Selection_Changes.uexp" 810
"../../../Engine/Content/VREditor/TransformGizmo/PlaneTranslationHandle.ubulk" 811
"../../../Engine/Content/VREditor/TransformGizmo/PlaneTranslationHandle.uasset" 812
"../../../Engine/Content/VREditor/TransformGizmo/PlaneTranslationHandle.uexp" 813
"../../../Engine/Content/VREditor/TransformGizmo/RotationHandleFull.ubulk" 814
"../../../Engine/Content/VREditor/TransformGizmo/RotationHandleFull.uasset" 815
"../../../Engine/Content/VREditor/TransformGizmo/RotationHandleFull.uexp" 816
"../../../Engine/Content/VREditor/TransformGizmo/RotationHandleIndicator.ubulk" 817
"../../../Engine/Content/VREditor/TransformGizmo/RotationHandleIndicator.uasset" 818
"../../../Engine/Content/VREditor/TransformGizmo/RotationHandleIndicator.uexp" 819
"../../../Engine/Content/VREditor/TransformGizmo/RotationHandleQuarter.ubulk" 820
"../../../Engine/Content/VREditor/TransformGizmo/RotationHandleQuarter.uasset" 821
"../../../Engine/Content/VREditor/TransformGizmo/RotationHandleQuarter.uexp" 822
"../../../Engine/Content/VREditor/TransformGizmo/StartRotationHandleIndicator.ubulk" 823
"../../../Engine/Content/VREditor/TransformGizmo/StartRotationHandleIndicator.uasset" 824
"../../../Engine/Content/VREditor/TransformGizmo/StartRotationHandleIndicator.uexp" 825
"../../../Engine/Content/VREditor/TransformGizmo/TransformGizmoFreeRotation.ubulk" 826
"../../../Engine/Content/VREditor/TransformGizmo/TransformGizmoFreeRotation.uasset" 827
"../../../Engine/Content/VREditor/TransformGizmo/TransformGizmoFreeRotation.uexp" 828
"../../../Engine/Content/VREditor/TransformGizmo/TranslateArrowHandle.ubulk" 829
"../../../Engine/Content/VREditor/TransformGizmo/TranslateArrowHandle.uasset" 830
"../../../Engine/Content/VREditor/TransformGizmo/TranslateArrowHandle.uexp" 831
"../../../Engine/Content/VREditor/TransformGizmo/UniformScaleHandle.ubulk" 832
"../../../Engine/Content/VREditor/TransformGizmo/UniformScaleHandle.uasset" 833
"../../../Engine/Content/VREditor/TransformGizmo/UniformScaleHandle.uexp" 834
"../../../Engine/Plugins/Animation/DeformerGraph/Content/DeformerFunctions/DG_Function_LinearBlendSkin_Morph_Cloth.uasset" 835
"../../../Engine/Plugins/Animation/DeformerGraph/Content/DeformerFunctions/DG_Function_LinearBlendSkin_Morph_Cloth.uexp" 836
"../../../Engine/Plugins/Animation/DeformerGraph/Content/Deformers/DG_LinearBlendSkin_Morph_Cloth.uasset" 837
"../../../Engine/Plugins/Animation/DeformerGraph/Content/Deformers/DG_LinearBlendSkin_Morph_Cloth.uexp" 838
"../../../Engine/Plugins/Animation/DeformerGraph/Content/DeformerFunctions/DG_Function_LinearBlendSkin_Morph_Cloth_PositionOnly.uasset" 839
"../../../Engine/Plugins/Animation/DeformerGraph/Content/DeformerFunctions/DG_Function_LinearBlendSkin_Morph_Cloth_PositionOnly.uexp" 840
"../../../Engine/Plugins/Animation/DeformerGraph/Content/DeformerFunctions/DG_Function_ComputeNormalsTangents.uasset" 841
"../../../Engine/Plugins/Animation/DeformerGraph/Content/DeformerFunctions/DG_Function_ComputeNormalsTangents.uexp" 842
"../../../Engine/Plugins/Animation/DeformerGraph/Content/Deformers/DG_LinearBlendSkin_Morph_Cloth_RecomputeNormals.uasset" 843
"../../../Engine/Plugins/Animation/DeformerGraph/Content/Deformers/DG_LinearBlendSkin_Morph_Cloth_RecomputeNormals.uexp" 844
"../../../Engine/Content/BasicShapes/Cube.ubulk" 845
"../../../Engine/Content/BasicShapes/Cube.uasset" 846
"../../../Engine/Content/BasicShapes/Cube.uexp" 847
"../../../Engine/Content/BasicShapes/BasicShapeMaterial.uasset" 848
"../../../Engine/Content/BasicShapes/BasicShapeMaterial.uexp" 849
"../../../Engine/Content/MapTemplates/SM_Template_Map_Floor.ubulk" 850
"../../../Engine/Content/MapTemplates/SM_Template_Map_Floor.uasset" 851
"../../../Engine/Content/MapTemplates/SM_Template_Map_Floor.uexp" 852
"../../../Engine/Content/EngineSky/T_Sky_Stars.ubulk" 853
"../../../Engine/Content/EngineSky/T_Sky_Stars.uasset" 854
"../../../Engine/Content/EngineSky/T_Sky_Stars.uexp" 855
"../../../Engine/Content/EngineSky/T_Sky_Clouds_M.ubulk" 856
"../../../Engine/Content/EngineSky/T_Sky_Clouds_M.uasset" 857
"../../../Engine/Content/EngineSky/T_Sky_Clouds_M.uexp" 858
"../../../Engine/Content/EngineSky/T_Sky_Blue.ubulk" 859
"../../../Engine/Content/EngineSky/T_Sky_Blue.uasset" 860
"../../../Engine/Content/EngineSky/T_Sky_Blue.uexp" 861
"../../../Engine/Content/EngineSky/M_Sky_Panning_Clouds2.uasset" 862
"../../../Engine/Content/EngineSky/M_Sky_Panning_Clouds2.uexp" 863
"../../../Engine/Content/EngineSky/SM_SkySphere.ubulk" 864
"../../../Engine/Content/EngineSky/SM_SkySphere.uasset" 865
"../../../Engine/Content/EngineSky/SM_SkySphere.uexp" 866
"../../../Engine/Content/EngineSky/M_SimpleSkyDome.uasset" 867
"../../../Engine/Content/EngineSky/M_SimpleSkyDome.uexp" 868
"../../../Engine/Content/EngineSky/VolumetricClouds/VT_PerlinWorley_Balanced.uasset" 869
"../../../Engine/Content/EngineSky/VolumetricClouds/VT_PerlinWorley_Balanced.uexp" 870
"../../../Engine/Content/EngineSky/VolumetricClouds/T_Profile_08.ubulk" 871
"../../../Engine/Content/EngineSky/VolumetricClouds/T_Profile_08.uasset" 872
"../../../Engine/Content/EngineSky/VolumetricClouds/T_Profile_08.uexp" 873
"../../../Engine/Content/EngineSky/VolumetricClouds/T_CloudPattern.ubulk" 874
"../../../Engine/Content/EngineSky/VolumetricClouds/T_CloudPattern.uasset" 875
"../../../Engine/Content/EngineSky/VolumetricClouds/T_CloudPattern.uexp" 876
"../../../Engine/Content/EngineSky/VolumetricClouds/T_CloudMask.ubulk" 877
"../../../Engine/Content/EngineSky/VolumetricClouds/T_CloudMask.uasset" 878
"../../../Engine/Content/EngineSky/VolumetricClouds/T_CloudMask.uexp" 879
"../../../Engine/Content/Functions/Engine_MaterialFunctions02/Utility/BreakOutFloat4Components.uasset" 880
"../../../Engine/Content/Functions/Engine_MaterialFunctions02/Utility/BreakOutFloat4Components.uexp" 881
"../../../Engine/Content/Functions/Engine_MaterialFunctions02/Utility/MakeFloat4.uasset" 882
"../../../Engine/Content/Functions/Engine_MaterialFunctions02/Utility/MakeFloat4.uexp" 883
"../../../Engine/Content/EngineResources/DefaultVolumeTexture2D.uasset" 884
"../../../Engine/Content/EngineResources/DefaultVolumeTexture2D.uexp" 885
"../../../Engine/Content/EngineResources/DefaultVolumeTexture.uasset" 886
"../../../Engine/Content/EngineResources/DefaultVolumeTexture.uexp" 887
"../../../Engine/Content/EngineSky/VolumetricClouds/VT_Lightning.uasset" 888
"../../../Engine/Content/EngineSky/VolumetricClouds/VT_Lightning.uexp" 889
"../../../Engine/Content/Functions/Engine_MaterialFunctions01/Units/Km-to-Cm.uasset" 890
"../../../Engine/Content/Functions/Engine_MaterialFunctions01/Units/Km-to-Cm.uexp" 891
"../../../Engine/Content/EngineSky/VolumetricClouds/m_SimpleVolumetricCloud.uasset" 892
"../../../Engine/Content/EngineSky/VolumetricClouds/m_SimpleVolumetricCloud.uexp" 893
"../../../Engine/Content/EngineSky/VolumetricClouds/m_SimpleVolumetricCloud_Inst.uasset" 894
"../../../Engine/Content/EngineSky/VolumetricClouds/m_SimpleVolumetricCloud_Inst.uexp" 895
"../../../Engine/Content/VREditor/UI/KeyDiskMaterial.uasset" 896
"../../../Engine/Content/VREditor/UI/KeyDiskMaterial.uexp" 897
"../../../Engine/Content/VREditor/UI/DiscMaterial.uasset" 898
"../../../Engine/Content/VREditor/UI/DiscMaterial.uexp" 899
"../../../Engine/Content/EngineMaterials/BlendFunc_DefBlend.uasset" 900
"../../../Engine/Content/EngineMaterials/BlendFunc_DefBlend.uexp" 901
"../../../Engine/Content/EngineMaterials/BlendFunc_DefBase.uasset" 902
"../../../Engine/Content/EngineMaterials/BlendFunc_DefBase.uexp" 903
"../../../Engine/Content/Functions/Engine_MaterialFunctions03/Blends/Blend_Overlay.uasset" 904
"../../../Engine/Content/Functions/Engine_MaterialFunctions03/Blends/Blend_Overlay.uexp" 905
"../../../Engine/Content/Functions/Engine_MaterialFunctions01/Gradient/LinearGradient.uasset" 906
"../../../Engine/Content/Functions/Engine_MaterialFunctions01/Gradient/LinearGradient.uexp" 907
"../../../Engine/Content/Functions/Engine_MaterialFunctions01/ImageAdjustment/CheapContrast.uasset" 908
"../../../Engine/Content/Functions/Engine_MaterialFunctions01/ImageAdjustment/CheapContrast.uexp" 909
"../../../Engine/Content/OpenWorldTemplate/LandscapeMaterial/T_GridChecker_A.ubulk" 910
"../../../Engine/Content/OpenWorldTemplate/LandscapeMaterial/T_GridChecker_A.uasset" 911
"../../../Engine/Content/OpenWorldTemplate/LandscapeMaterial/T_GridChecker_A.uexp" 912
"../../../Engine/Content/OpenWorldTemplate/LandscapeMaterial/MF_ProcGrid.uasset" 913
"../../../Engine/Content/OpenWorldTemplate/LandscapeMaterial/MF_ProcGrid.uexp" 914
"../../../Engine/Content/OpenWorldTemplate/LandscapeMaterial/M_ProcGrid.uasset" 915
"../../../Engine/Content/OpenWorldTemplate/LandscapeMaterial/M_ProcGrid.uexp" 916
"../../../Engine/Content/OpenWorldTemplate/LandscapeMaterial/MI_ProcGrid.uasset" 917
"../../../Engine/Content/OpenWorldTemplate/LandscapeMaterial/MI_ProcGrid.uexp" 918
"C:/Users/Will/Desktop/Work/CHICO/EldritchBotanist/The_Eldritch_Botanist/EldritchBotanistGame/Content/_Blueprints/Data/E_PlantID.uasset" 919
"C:/Users/Will/Desktop/Work/CHICO/EldritchBotanist/The_Eldritch_Botanist/EldritchBotanistGame/Content/_Blueprints/Data/E_PlantID.uexp" 920
"C:/Users/Will/Desktop/Work/CHICO/EldritchBotanist/The_Eldritch_Botanist/EldritchBotanistGame/Content/_Blueprints/Inventory/STR_SpawnedPlant.uasset" 921
"C:/Users/Will/Desktop/Work/CHICO/EldritchBotanist/The_Eldritch_Botanist/EldritchBotanistGame/Content/_Blueprints/Inventory/STR_SpawnedPlant.uexp" 922
"C:/Users/Will/Desktop/Work/CHICO/EldritchBotanist/The_Eldritch_Botanist/EldritchBotanistGame/Content/Input/Touch/BPI_TouchInterface.uasset" 923
"C:/Users/Will/Desktop/Work/CHICO/EldritchBotanist/The_Eldritch_Botanist/EldritchBotanistGame/Content/Input/Touch/BPI_TouchInterface.uexp" 924
"C:/Users/Will/Desktop/Work/CHICO/EldritchBotanist/The_Eldritch_Botanist/EldritchBotanistGame/Content/_Fonts/Wildyrus-Font.uexp" 925
"C:/Users/Will/Desktop/Work/CHICO/EldritchBotanist/The_Eldritch_Botanist/EldritchBotanistGame/Content/_Fonts/Wildyrus-Font.uasset" 926
"C:/Users/Will/Desktop/Work/CHICO/EldritchBotanist/The_Eldritch_Botanist/EldritchBotanistGame/Content/_Fonts/Wildyrus-Font.ufont" 927
"C:/Users/Will/Desktop/Work/CHICO/EldritchBotanist/The_Eldritch_Botanist/EldritchBotanistGame/Content/_Fonts/Wildyrus-Font_Font.uasset" 928
"C:/Users/Will/Desktop/Work/CHICO/EldritchBotanist/The_Eldritch_Botanist/EldritchBotanistGame/Content/_Fonts/Wildyrus-Font_Font.uexp" 929
"C:/Users/Will/Desktop/Work/CHICO/EldritchBotanist/The_Eldritch_Botanist/EldritchBotanistGame/Content/_Fonts/DT_TextStyles.uasset" 930
"C:/Users/Will/Desktop/Work/CHICO/EldritchBotanist/The_Eldritch_Botanist/EldritchBotanistGame/Content/_Fonts/DT_TextStyles.uexp" 931
"C:/Users/Will/Desktop/Work/CHICO/EldritchBotanist/The_Eldritch_Botanist/EldritchBotanistGame/Content/_Blueprints/UI/WBP_SpawnButton.uasset" 932
"C:/Users/Will/Desktop/Work/CHICO/EldritchBotanist/The_Eldritch_Botanist/EldritchBotanistGame/Content/_Blueprints/UI/WBP_SpawnButton.uexp" 933
"C:/Users/Will/Desktop/Work/CHICO/EldritchBotanist/The_Eldritch_Botanist/EldritchBotanistGame/Content/_Images/EffectIcons/Charm_Icon_2x.uasset" 934
"C:/Users/Will/Desktop/Work/CHICO/EldritchBotanist/The_Eldritch_Botanist/EldritchBotanistGame/Content/_Images/EffectIcons/Charm_Icon_2x.uexp" 935
"C:/Users/Will/Desktop/Work/CHICO/EldritchBotanist/The_Eldritch_Botanist/EldritchBotanistGame/Content/_Images/EffectIcons/Rage_Icon_2x.uasset" 936
"C:/Users/Will/Desktop/Work/CHICO/EldritchBotanist/The_Eldritch_Botanist/EldritchBotanistGame/Content/_Images/EffectIcons/Rage_Icon_2x.uexp" 937
"C:/Users/Will/Desktop/Work/CHICO/EldritchBotanist/The_Eldritch_Botanist/EldritchBotanistGame/Content/_Images/EffectIcons/RageWidget.uasset" 938
"C:/Users/Will/Desktop/Work/CHICO/EldritchBotanist/The_Eldritch_Botanist/EldritchBotanistGame/Content/_Images/EffectIcons/RageWidget.uexp" 939
"C:/Users/Will/Desktop/Work/CHICO/EldritchBotanist/The_Eldritch_Botanist/EldritchBotanistGame/Content/_Images/EffectIcons/AtkUp_Icon_2x.uasset" 940
"C:/Users/Will/Desktop/Work/CHICO/EldritchBotanist/The_Eldritch_Botanist/EldritchBotanistGame/Content/_Images/EffectIcons/AtkUp_Icon_2x.uexp" 941
"C:/Users/Will/Desktop/Work/CHICO/EldritchBotanist/The_Eldritch_Botanist/EldritchBotanistGame/Content/_Images/EffectIcons/AtkSpdUp_Icon_2x.uasset" 942
"C:/Users/Will/Desktop/Work/CHICO/EldritchBotanist/The_Eldritch_Botanist/EldritchBotanistGame/Content/_Images/EffectIcons/AtkSpdUp_Icon_2x.uexp" 943
"C:/Users/Will/Desktop/Work/CHICO/EldritchBotanist/The_Eldritch_Botanist/EldritchBotanistGame/Content/_Images/EffectIcons/AtkUpWidget.uasset" 944
"C:/Users/Will/Desktop/Work/CHICO/EldritchBotanist/The_Eldritch_Botanist/EldritchBotanistGame/Content/_Images/EffectIcons/AtkUpWidget.uexp" 945
"C:/Users/Will/Desktop/Work/CHICO/EldritchBotanist/The_Eldritch_Botanist/EldritchBotanistGame/Content/_Images/EffectIcons/AtkSpdDown_Icon_2x.uasset" 946
"C:/Users/Will/Desktop/Work/CHICO/EldritchBotanist/The_Eldritch_Botanist/EldritchBotanistGame/Content/_Images/EffectIcons/AtkSpdDown_Icon_2x.uexp" 947
"C:/Users/Will/Desktop/Work/CHICO/EldritchBotanist/The_Eldritch_Botanist/EldritchBotanistGame/Content/_Images/EffectIcons/AtkSpdUpWidget.uasset" 948
"C:/Users/Will/Desktop/Work/CHICO/EldritchBotanist/The_Eldritch_Botanist/EldritchBotanistGame/Content/_Images/EffectIcons/AtkSpdUpWidget.uexp" 949
"C:/Users/Will/Desktop/Work/CHICO/EldritchBotanist/The_Eldritch_Botanist/EldritchBotanistGame/Content/_Images/EffectIcons/Stun_Icon_2x.uasset" 950
"C:/Users/Will/Desktop/Work/CHICO/EldritchBotanist/The_Eldritch_Botanist/EldritchBotanistGame/Content/_Images/EffectIcons/Stun_Icon_2x.uexp" 951
"C:/Users/Will/Desktop/Work/CHICO/EldritchBotanist/The_Eldritch_Botanist/EldritchBotanistGame/Content/_Images/EffectIcons/StunWidget.uasset" 952
"C:/Users/Will/Desktop/Work/CHICO/EldritchBotanist/The_Eldritch_Botanist/EldritchBotanistGame/Content/_Images/EffectIcons/StunWidget.uexp" 953
"C:/Users/Will/Desktop/Work/CHICO/EldritchBotanist/The_Eldritch_Botanist/EldritchBotanistGame/Content/_Images/EffectIcons/Slow_Icon_2x.uasset" 954
"C:/Users/Will/Desktop/Work/CHICO/EldritchBotanist/The_Eldritch_Botanist/EldritchBotanistGame/Content/_Images/EffectIcons/Slow_Icon_2x.uexp" 955
"C:/Users/Will/Desktop/Work/CHICO/EldritchBotanist/The_Eldritch_Botanist/EldritchBotanistGame/Content/_Images/EffectIcons/SlowWidget.uasset" 956
"C:/Users/Will/Desktop/Work/CHICO/EldritchBotanist/The_Eldritch_Botanist/EldritchBotanistGame/Content/_Images/EffectIcons/SlowWidget.uexp" 957
"C:/Users/Will/Desktop/Work/CHICO/EldritchBotanist/The_Eldritch_Botanist/EldritchBotanistGame/Content/_Images/EffectIcons/Poison_Icon_2x.uasset" 958
"C:/Users/Will/Desktop/Work/CHICO/EldritchBotanist/The_Eldritch_Botanist/EldritchBotanistGame/Content/_Images/EffectIcons/Poison_Icon_2x.uexp" 959
"C:/Users/Will/Desktop/Work/CHICO/EldritchBotanist/The_Eldritch_Botanist/EldritchBotanistGame/Content/_Images/EffectIcons/PoisonWidget.uasset" 960
"C:/Users/Will/Desktop/Work/CHICO/EldritchBotanist/The_Eldritch_Botanist/EldritchBotanistGame/Content/_Images/EffectIcons/PoisonWidget.uexp" 961
"C:/Users/Will/Desktop/Work/CHICO/EldritchBotanist/The_Eldritch_Botanist/EldritchBotanistGame/Content/_Images/EffectIcons/Attraction_Icon_2x.uasset" 962
"C:/Users/Will/Desktop/Work/CHICO/EldritchBotanist/The_Eldritch_Botanist/EldritchBotanistGame/Content/_Images/EffectIcons/Attraction_Icon_2x.uexp" 963
"C:/Users/Will/Desktop/Work/CHICO/EldritchBotanist/The_Eldritch_Botanist/EldritchBotanistGame/Content/_Images/EffectIcons/CharmWidget.uasset" 964
"C:/Users/Will/Desktop/Work/CHICO/EldritchBotanist/The_Eldritch_Botanist/EldritchBotanistGame/Content/_Images/EffectIcons/CharmWidget.uexp" 965
"C:/Users/Will/Desktop/Work/CHICO/EldritchBotanist/The_Eldritch_Botanist/EldritchBotanistGame/Content/_Images/EffectIcons/AtkDown_Icon_2x.uasset" 966
"C:/Users/Will/Desktop/Work/CHICO/EldritchBotanist/The_Eldritch_Botanist/EldritchBotanistGame/Content/_Images/EffectIcons/AtkDown_Icon_2x.uexp" 967
"C:/Users/Will/Desktop/Work/CHICO/EldritchBotanist/The_Eldritch_Botanist/EldritchBotanistGame/Content/_Images/EffectIcons/AtkSpdDownWidget.uasset" 968
"C:/Users/Will/Desktop/Work/CHICO/EldritchBotanist/The_Eldritch_Botanist/EldritchBotanistGame/Content/_Images/EffectIcons/AtkSpdDownWidget.uexp" 969
"C:/Users/Will/Desktop/Work/CHICO/EldritchBotanist/The_Eldritch_Botanist/EldritchBotanistGame/Content/_Images/EffectIcons/AtkDownWidget.uasset" 970
"C:/Users/Will/Desktop/Work/CHICO/EldritchBotanist/The_Eldritch_Botanist/EldritchBotanistGame/Content/_Images/EffectIcons/AtkDownWidget.uexp" 971
"../../../Engine/Content/Tutorial/SubEditors/TutorialAssets/Character/TutorialTPP_Skeleton.uasset" 972
"../../../Engine/Content/Tutorial/SubEditors/TutorialAssets/Character/TutorialTPP_Skeleton.uexp" 973
"../../../Engine/Content/Tutorial/SubEditors/TutorialAssets/Character/TutorialTPP_PhysicsAsset.uasset" 974
"../../../Engine/Content/Tutorial/SubEditors/TutorialAssets/Character/TutorialTPP_PhysicsAsset.uexp" 975
"../../../Engine/Content/Tutorial/SubEditors/TutorialAssets/Character/TutorialTPP_Mat.uasset" 976
"../../../Engine/Content/Tutorial/SubEditors/TutorialAssets/Character/TutorialTPP_Mat.uexp" 977
"../../../Engine/Content/Tutorial/SubEditors/TutorialAssets/Character/TutorialTPP.uasset" 978
"../../../Engine/Content/Tutorial/SubEditors/TutorialAssets/Character/TutorialTPP.uexp" 979
"../../../Engine/Plugins/2D/Paper2D/Content/TranslucentUnlitSpriteMaterial.uasset" 980
"../../../Engine/Plugins/2D/Paper2D/Content/TranslucentUnlitSpriteMaterial.uexp" 981
"C:/Users/Will/Desktop/Work/CHICO/EldritchBotanist/The_Eldritch_Botanist/EldritchBotanistGame/Content/_Images/SpriteSheets/Sprite_Sheet_Spit.uasset" 982
"C:/Users/Will/Desktop/Work/CHICO/EldritchBotanist/The_Eldritch_Botanist/EldritchBotanistGame/Content/_Images/SpriteSheets/Sprite_Sheet_Spit.uexp" 983
"C:/Users/Will/Desktop/Work/CHICO/EldritchBotanist/The_Eldritch_Botanist/EldritchBotanistGame/Content/_Sprites/SPRITE_Spit_1.uasset" 984
"C:/Users/Will/Desktop/Work/CHICO/EldritchBotanist/The_Eldritch_Botanist/EldritchBotanistGame/Content/_Sprites/SPRITE_Spit_1.uexp" 985
"C:/Users/Will/Desktop/Work/CHICO/EldritchBotanist/The_Eldritch_Botanist/EldritchBotanistGame/Content/_Sprites/SPRITE_Spit_2.uasset" 986
"C:/Users/Will/Desktop/Work/CHICO/EldritchBotanist/The_Eldritch_Botanist/EldritchBotanistGame/Content/_Sprites/SPRITE_Spit_2.uexp" 987
"C:/Users/Will/Desktop/Work/CHICO/EldritchBotanist/The_Eldritch_Botanist/EldritchBotanistGame/Content/_Sprites/SPRITE_Spit_3.uasset" 988
"C:/Users/Will/Desktop/Work/CHICO/EldritchBotanist/The_Eldritch_Botanist/EldritchBotanistGame/Content/_Sprites/SPRITE_Spit_3.uexp" 989
"C:/Users/Will/Desktop/Work/CHICO/EldritchBotanist/The_Eldritch_Botanist/EldritchBotanistGame/Content/_Sprites/SPRITE_Spit_4.uasset" 990
"C:/Users/Will/Desktop/Work/CHICO/EldritchBotanist/The_Eldritch_Botanist/EldritchBotanistGame/Content/_Sprites/SPRITE_Spit_4.uexp" 991
"C:/Users/Will/Desktop/Work/CHICO/EldritchBotanist/The_Eldritch_Botanist/EldritchBotanistGame/Content/_Sprites/SPRITE_Spit_5.uasset" 992
"C:/Users/Will/Desktop/Work/CHICO/EldritchBotanist/The_Eldritch_Botanist/EldritchBotanistGame/Content/_Sprites/SPRITE_Spit_5.uexp" 993
"C:/Users/Will/Desktop/Work/CHICO/EldritchBotanist/The_Eldritch_Botanist/EldritchBotanistGame/Content/_Sprites/SPRITE_Spit_6.uasset" 994
"C:/Users/Will/Desktop/Work/CHICO/EldritchBotanist/The_Eldritch_Botanist/EldritchBotanistGame/Content/_Sprites/SPRITE_Spit_6.uexp" 995
"C:/Users/Will/Desktop/Work/CHICO/EldritchBotanist/The_Eldritch_Botanist/EldritchBotanistGame/Content/_Sprites/Flipbooks/PF_Spit.uasset" 996
"C:/Users/Will/Desktop/Work/CHICO/EldritchBotanist/The_Eldritch_Botanist/EldritchBotanistGame/Content/_Sprites/Flipbooks/PF_Spit.uexp" 997
"C:/Users/Will/Desktop/Work/CHICO/EldritchBotanist/The_Eldritch_Botanist/EldritchBotanistGame/Content/_Images/SpriteSheets/Sprite_Sheet_Slash.uasset" 998
"C:/Users/Will/Desktop/Work/CHICO/EldritchBotanist/The_Eldritch_Botanist/EldritchBotanistGame/Content/_Images/SpriteSheets/Sprite_Sheet_Slash.uexp" 999
"C:/Users/Will/Desktop/Work/CHICO/EldritchBotanist/The_Eldritch_Botanist/EldritchBotanistGame/Content/_Sprites/SPRITE_Slash_1.uasset" 1000
"C:/Users/Will/Desktop/Work/CHICO/EldritchBotanist/The_Eldritch_Botanist/EldritchBotanistGame/Content/_Sprites/SPRITE_Slash_1.uexp" 1001
"C:/Users/Will/Desktop/Work/CHICO/EldritchBotanist/The_Eldritch_Botanist/EldritchBotanistGame/Content/_Sprites/SPRITE_Slash_2.uasset" 1002
"C:/Users/Will/Desktop/Work/CHICO/EldritchBotanist/The_Eldritch_Botanist/EldritchBotanistGame/Content/_Sprites/SPRITE_Slash_2.uexp" 1003
"C:/Users/Will/Desktop/Work/CHICO/EldritchBotanist/The_Eldritch_Botanist/EldritchBotanistGame/Content/_Sprites/SPRITE_Slash_3.uasset" 1004
"C:/Users/Will/Desktop/Work/CHICO/EldritchBotanist/The_Eldritch_Botanist/EldritchBotanistGame/Content/_Sprites/SPRITE_Slash_3.uexp" 1005
"C:/Users/Will/Desktop/Work/CHICO/EldritchBotanist/The_Eldritch_Botanist/EldritchBotanistGame/Content/_Sprites/SPRITE_Slash_4.uasset" 1006
"C:/Users/Will/Desktop/Work/CHICO/EldritchBotanist/The_Eldritch_Botanist/EldritchBotanistGame/Content/_Sprites/SPRITE_Slash_4.uexp" 1007
"C:/Users/Will/Desktop/Work/CHICO/EldritchBotanist/The_Eldritch_Botanist/EldritchBotanistGame/Content/_Sprites/SPRITE_Slash_5.uasset" 1008
"C:/Users/Will/Desktop/Work/CHICO/EldritchBotanist/The_Eldritch_Botanist/EldritchBotanistGame/Content/_Sprites/SPRITE_Slash_5.uexp" 1009
"C:/Users/Will/Desktop/Work/CHICO/EldritchBotanist/The_Eldritch_Botanist/EldritchBotanistGame/Content/_Sprites/SPRITE_Slash_6.uasset" 1010
"C:/Users/Will/Desktop/Work/CHICO/EldritchBotanist/The_Eldritch_Botanist/EldritchBotanistGame/Content/_Sprites/SPRITE_Slash_6.uexp" 1011
"C:/Users/Will/Desktop/Work/CHICO/EldritchBotanist/The_Eldritch_Botanist/EldritchBotanistGame/Content/_Sprites/Flipbooks/PF_Slash.uasset" 1012
"C:/Users/Will/Desktop/Work/CHICO/EldritchBotanist/The_Eldritch_Botanist/EldritchBotanistGame/Content/_Sprites/Flipbooks/PF_Slash.uexp" 1013
"C:/Users/Will/Desktop/Work/CHICO/EldritchBotanist/The_Eldritch_Botanist/EldritchBotanistGame/Content/_Images/SpriteSheets/Sprite_Sheet_Chomp.uasset" 1014
"C:/Users/Will/Desktop/Work/CHICO/EldritchBotanist/The_Eldritch_Botanist/EldritchBotanistGame/Content/_Images/SpriteSheets/Sprite_Sheet_Chomp.uexp" 1015
"C:/Users/Will/Desktop/Work/CHICO/EldritchBotanist/The_Eldritch_Botanist/EldritchBotanistGame/Content/_Sprites/SPRITE_Chomp_0.uasset" 1016
"C:/Users/Will/Desktop/Work/CHICO/EldritchBotanist/The_Eldritch_Botanist/EldritchBotanistGame/Content/_Sprites/SPRITE_Chomp_0.uexp" 1017
"C:/Users/Will/Desktop/Work/CHICO/EldritchBotanist/The_Eldritch_Botanist/EldritchBotanistGame/Content/_Sprites/SPRITE_Chomp_1.uasset" 1018
"C:/Users/Will/Desktop/Work/CHICO/EldritchBotanist/The_Eldritch_Botanist/EldritchBotanistGame/Content/_Sprites/SPRITE_Chomp_1.uexp" 1019
"C:/Users/Will/Desktop/Work/CHICO/EldritchBotanist/The_Eldritch_Botanist/EldritchBotanistGame/Content/_Sprites/SPRITE_Chomp_2.uasset" 1020
"C:/Users/Will/Desktop/Work/CHICO/EldritchBotanist/The_Eldritch_Botanist/EldritchBotanistGame/Content/_Sprites/SPRITE_Chomp_2.uexp" 1021
"C:/Users/Will/Desktop/Work/CHICO/EldritchBotanist/The_Eldritch_Botanist/EldritchBotanistGame/Content/_Sprites/SPRITE_Chomp_3.uasset" 1022
"C:/Users/Will/Desktop/Work/CHICO/EldritchBotanist/The_Eldritch_Botanist/EldritchBotanistGame/Content/_Sprites/SPRITE_Chomp_3.uexp" 1023
"C:/Users/Will/Desktop/Work/CHICO/EldritchBotanist/The_Eldritch_Botanist/EldritchBotanistGame/Content/_Sprites/SPRITE_Chomp_4.uasset" 1024
"C:/Users/Will/Desktop/Work/CHICO/EldritchBotanist/The_Eldritch_Botanist/EldritchBotanistGame/Content/_Sprites/SPRITE_Chomp_4.uexp" 1025
"C:/Users/Will/Desktop/Work/CHICO/EldritchBotanist/The_Eldritch_Botanist/EldritchBotanistGame/Content/_Sprites/SPRITE_Chomp_5.uasset" 1026
"C:/Users/Will/Desktop/Work/CHICO/EldritchBotanist/The_Eldritch_Botanist/EldritchBotanistGame/Content/_Sprites/SPRITE_Chomp_5.uexp" 1027
"C:/Users/Will/Desktop/Work/CHICO/EldritchBotanist/The_Eldritch_Botanist/EldritchBotanistGame/Content/_Sprites/Flipbooks/PF_Chomp.uasset" 1028
"C:/Users/Will/Desktop/Work/CHICO/EldritchBotanist/The_Eldritch_Botanist/EldritchBotanistGame/Content/_Sprites/Flipbooks/PF_Chomp.uexp" 1029
"C:/Users/Will/Desktop/Work/CHICO/EldritchBotanist/The_Eldritch_Botanist/EldritchBotanistGame/Content/_Blueprints/Data/e_ResourceID.uasset" 1030
"C:/Users/Will/Desktop/Work/CHICO/EldritchBotanist/The_Eldritch_Botanist/EldritchBotanistGame/Content/_Blueprints/Data/e_ResourceID.uexp" 1031
"C:/Users/Will/Desktop/Work/CHICO/EldritchBotanist/The_Eldritch_Botanist/EldritchBotanistGame/Content/_Blueprints/Data/STR_UnitData.uasset" 1032
"C:/Users/Will/Desktop/Work/CHICO/EldritchBotanist/The_Eldritch_Botanist/EldritchBotanistGame/Content/_Blueprints/Data/STR_UnitData.uexp" 1033
"C:/Users/Will/Desktop/Work/CHICO/EldritchBotanist/The_Eldritch_Botanist/EldritchBotanistGame/Content/_Blueprints/Data/E_Levels.uasset" 1034
"C:/Users/Will/Desktop/Work/CHICO/EldritchBotanist/The_Eldritch_Botanist/EldritchBotanistGame/Content/_Blueprints/Data/E_Levels.uexp" 1035
"C:/Users/Will/Desktop/Work/CHICO/EldritchBotanist/The_Eldritch_Botanist/EldritchBotanistGame/Content/_Blueprints/Data/STR_LevelItem.uasset" 1036
"C:/Users/Will/Desktop/Work/CHICO/EldritchBotanist/The_Eldritch_Botanist/EldritchBotanistGame/Content/_Blueprints/Data/STR_LevelItem.uexp" 1037
"C:/Users/Will/Desktop/Work/CHICO/EldritchBotanist/The_Eldritch_Botanist/EldritchBotanistGame/Content/_Blueprints/Data/STR_InventorySlot.uasset" 1038
"C:/Users/Will/Desktop/Work/CHICO/EldritchBotanist/The_Eldritch_Botanist/EldritchBotanistGame/Content/_Blueprints/Data/STR_InventorySlot.uexp" 1039
"C:/Users/Will/Desktop/Work/CHICO/EldritchBotanist/The_Eldritch_Botanist/EldritchBotanistGame/Content/_Blueprints/Rigs/WurmRig__Skeleton.uasset" 1040
"C:/Users/Will/Desktop/Work/CHICO/EldritchBotanist/The_Eldritch_Botanist/EldritchBotanistGame/Content/_Blueprints/Rigs/WurmRig__Skeleton.uexp" 1041
"C:/Users/Will/Desktop/Work/CHICO/EldritchBotanist/The_Eldritch_Botanist/EldritchBotanistGame/Content/_Blueprints/Rigs/WurmRig__PhysicsAsset.uasset" 1042
"C:/Users/Will/Desktop/Work/CHICO/EldritchBotanist/The_Eldritch_Botanist/EldritchBotanistGame/Content/_Blueprints/Rigs/WurmRig__PhysicsAsset.uexp" 1043
"C:/Users/Will/Desktop/Work/CHICO/EldritchBotanist/The_Eldritch_Botanist/EldritchBotanistGame/Content/_Blueprints/Rigs/m_enemy_BasicEnemy3.uasset" 1044
"C:/Users/Will/Desktop/Work/CHICO/EldritchBotanist/The_Eldritch_Botanist/EldritchBotanistGame/Content/_Blueprints/Rigs/m_enemy_BasicEnemy3.uexp" 1045
"C:/Users/Will/Desktop/Work/CHICO/EldritchBotanist/The_Eldritch_Botanist/EldritchBotanistGame/Content/_Blueprints/Rigs/WurmRig_.uasset" 1046
"C:/Users/Will/Desktop/Work/CHICO/EldritchBotanist/The_Eldritch_Botanist/EldritchBotanistGame/Content/_Blueprints/Rigs/WurmRig_.uexp" 1047
"../../../Engine/Content/EngineMaterials/Widget3DPassThrough_Masked_OneSided.uasset" 1048
"../../../Engine/Content/EngineMaterials/Widget3DPassThrough_Masked_OneSided.uexp" 1049
"C:/Users/Will/Desktop/Work/CHICO/EldritchBotanist/The_Eldritch_Botanist/EldritchBotanistGame/Content/_Blueprints/UI/WBP_Healthbar.uasset" 1050
"C:/Users/Will/Desktop/Work/CHICO/EldritchBotanist/The_Eldritch_Botanist/EldritchBotanistGame/Content/_Blueprints/UI/WBP_Healthbar.uexp" 1051
"C:/Users/Will/Desktop/Work/CHICO/EldritchBotanist/The_Eldritch_Botanist/EldritchBotanistGame/Content/_Blueprints/Character/HealthAndDamage/WC_HealthBar.uasset" 1052
"C:/Users/Will/Desktop/Work/CHICO/EldritchBotanist/The_Eldritch_Botanist/EldritchBotanistGame/Content/_Blueprints/Character/HealthAndDamage/WC_HealthBar.uexp" 1053
"C:/Users/Will/Desktop/Work/CHICO/EldritchBotanist/The_Eldritch_Botanist/EldritchBotanistGame/Content/_Materials/m_Toon_Outline.uasset" 1054
"C:/Users/Will/Desktop/Work/CHICO/EldritchBotanist/The_Eldritch_Botanist/EldritchBotanistGame/Content/_Materials/m_Toon_Outline.uexp" 1055
"C:/Users/Will/Desktop/Work/CHICO/EldritchBotanist/The_Eldritch_Botanist/EldritchBotanistGame/Content/_Materials/Textures/Enemies/enemy_Wurm_m_enemy_Wurm_OcclusionRoughnessMetallic.ubulk" 1056
"C:/Users/Will/Desktop/Work/CHICO/EldritchBotanist/The_Eldritch_Botanist/EldritchBotanistGame/Content/_Materials/Textures/Enemies/enemy_Wurm_m_enemy_Wurm_OcclusionRoughnessMetallic.uasset" 1057
"C:/Users/Will/Desktop/Work/CHICO/EldritchBotanist/The_Eldritch_Botanist/EldritchBotanistGame/Content/_Materials/Textures/Enemies/enemy_Wurm_m_enemy_Wurm_OcclusionRoughnessMetallic.uexp" 1058
"C:/Users/Will/Desktop/Work/CHICO/EldritchBotanist/The_Eldritch_Botanist/EldritchBotanistGame/Content/_Materials/Textures/Enemies/enemy_Wurm_m_enemy_Wurm_Normal.ubulk" 1059
"C:/Users/Will/Desktop/Work/CHICO/EldritchBotanist/The_Eldritch_Botanist/EldritchBotanistGame/Content/_Materials/Textures/Enemies/enemy_Wurm_m_enemy_Wurm_Normal.uasset" 1060
"C:/Users/Will/Desktop/Work/CHICO/EldritchBotanist/The_Eldritch_Botanist/EldritchBotanistGame/Content/_Materials/Textures/Enemies/enemy_Wurm_m_enemy_Wurm_Normal.uexp" 1061
"C:/Users/Will/Desktop/Work/CHICO/EldritchBotanist/The_Eldritch_Botanist/EldritchBotanistGame/Content/_Materials/Textures/Enemies/enemy_Wurm_m_enemy_Wurm_BaseColor.ubulk" 1062
"C:/Users/Will/Desktop/Work/CHICO/EldritchBotanist/The_Eldritch_Botanist/EldritchBotanistGame/Content/_Materials/Textures/Enemies/enemy_Wurm_m_enemy_Wurm_BaseColor.uasset" 1063
"C:/Users/Will/Desktop/Work/CHICO/EldritchBotanist/The_Eldritch_Botanist/EldritchBotanistGame/Content/_Materials/Textures/Enemies/enemy_Wurm_m_enemy_Wurm_BaseColor.uexp" 1064
"C:/Users/Will/Desktop/Work/CHICO/EldritchBotanist/The_Eldritch_Botanist/EldritchBotanistGame/Content/_Materials/m_enemy_wurm.uasset" 1065
"C:/Users/Will/Desktop/Work/CHICO/EldritchBotanist/The_Eldritch_Botanist/EldritchBotanistGame/Content/_Materials/m_enemy_wurm.uexp" 1066
"../../../Engine/Plugins/Animation/ACLPlugin/Content/ACLAnimCurveCompressionSettings.uasset" 1067
"../../../Engine/Plugins/Animation/ACLPlugin/Content/ACLAnimCurveCompressionSettings.uexp" 1068
"../../../Engine/Plugins/Animation/ACLPlugin/Content/ACLAnimBoneCompressionSettings.uasset" 1069
"../../../Engine/Plugins/Animation/ACLPlugin/Content/ACLAnimBoneCompressionSettings.uexp" 1070
"../../../Engine/Content/Animation/DefaultVariableFrameStrippingSettings.uasset" 1071
"../../../Engine/Content/Animation/DefaultVariableFrameStrippingSettings.uexp" 1072
"C:/Users/Will/Desktop/Work/CHICO/EldritchBotanist/The_Eldritch_Botanist/EldritchBotanistGame/Content/_Blueprints/Animations/Wurm_Walk_Anim.uasset" 1073
"C:/Users/Will/Desktop/Work/CHICO/EldritchBotanist/The_Eldritch_Botanist/EldritchBotanistGame/Content/_Blueprints/Animations/Wurm_Walk_Anim.m.ubulk" 1074
"C:/Users/Will/Desktop/Work/CHICO/EldritchBotanist/The_Eldritch_Botanist/EldritchBotanistGame/Content/_Blueprints/Animations/Wurm_Walk_Anim.uexp" 1075
"C:/Users/Will/Desktop/Work/CHICO/EldritchBotanist/The_Eldritch_Botanist/EldritchBotanistGame/Content/_Blueprints/Character/Enemies/BP_EnemyWurm.uasset" 1076
"C:/Users/Will/Desktop/Work/CHICO/EldritchBotanist/The_Eldritch_Botanist/EldritchBotanistGame/Content/_Blueprints/Character/Enemies/BP_EnemyWurm.uexp" 1077
"C:/Users/Will/Desktop/Work/CHICO/EldritchBotanist/The_Eldritch_Botanist/EldritchBotanistGame/Content/_Blueprints/Rigs/BrainletRig__Skeleton.uasset" 1078
"C:/Users/Will/Desktop/Work/CHICO/EldritchBotanist/The_Eldritch_Botanist/EldritchBotanistGame/Content/_Blueprints/Rigs/BrainletRig__Skeleton.uexp" 1079
"C:/Users/Will/Desktop/Work/CHICO/EldritchBotanist/The_Eldritch_Botanist/EldritchBotanistGame/Content/_Blueprints/Rigs/BrainletRig_.uasset" 1080
"C:/Users/Will/Desktop/Work/CHICO/EldritchBotanist/The_Eldritch_Botanist/EldritchBotanistGame/Content/_Blueprints/Rigs/BrainletRig_.uexp" 1081
"C:/Users/Will/Desktop/Work/CHICO/EldritchBotanist/The_Eldritch_Botanist/EldritchBotanistGame/Content/_Materials/Textures/Enemies/enemy_Brainlet_m_Brainlet_OcclusionRoughnessMetallic.ubulk" 1082
"C:/Users/Will/Desktop/Work/CHICO/EldritchBotanist/The_Eldritch_Botanist/EldritchBotanistGame/Content/_Materials/Textures/Enemies/enemy_Brainlet_m_Brainlet_OcclusionRoughnessMetallic.uasset" 1083
"C:/Users/Will/Desktop/Work/CHICO/EldritchBotanist/The_Eldritch_Botanist/EldritchBotanistGame/Content/_Materials/Textures/Enemies/enemy_Brainlet_m_Brainlet_OcclusionRoughnessMetallic.uexp" 1084
"C:/Users/Will/Desktop/Work/CHICO/EldritchBotanist/The_Eldritch_Botanist/EldritchBotanistGame/Content/_Materials/Textures/Enemies/enemy_Brainlet_m_Brainlet_Normal.ubulk" 1085
"C:/Users/Will/Desktop/Work/CHICO/EldritchBotanist/The_Eldritch_Botanist/EldritchBotanistGame/Content/_Materials/Textures/Enemies/enemy_Brainlet_m_Brainlet_Normal.uasset" 1086
"C:/Users/Will/Desktop/Work/CHICO/EldritchBotanist/The_Eldritch_Botanist/EldritchBotanistGame/Content/_Materials/Textures/Enemies/enemy_Brainlet_m_Brainlet_Normal.uexp" 1087
"C:/Users/Will/Desktop/Work/CHICO/EldritchBotanist/The_Eldritch_Botanist/EldritchBotanistGame/Content/_Materials/Textures/Enemies/enemy_Brainlet_m_Brainlet_BaseColor.ubulk" 1088
"C:/Users/Will/Desktop/Work/CHICO/EldritchBotanist/The_Eldritch_Botanist/EldritchBotanistGame/Content/_Materials/Textures/Enemies/enemy_Brainlet_m_Brainlet_BaseColor.uasset" 1089
"C:/Users/Will/Desktop/Work/CHICO/EldritchBotanist/The_Eldritch_Botanist/EldritchBotanistGame/Content/_Materials/Textures/Enemies/enemy_Brainlet_m_Brainlet_BaseColor.uexp" 1090
"C:/Users/Will/Desktop/Work/CHICO/EldritchBotanist/The_Eldritch_Botanist/EldritchBotanistGame/Content/_Materials/m_enemy_brainlet.uasset" 1091
"C:/Users/Will/Desktop/Work/CHICO/EldritchBotanist/The_Eldritch_Botanist/EldritchBotanistGame/Content/_Materials/m_enemy_brainlet.uexp" 1092
"C:/Users/Will/Desktop/Work/CHICO/EldritchBotanist/The_Eldritch_Botanist/EldritchBotanistGame/Content/_Blueprints/Animations/BrainletRig_Walk_Anim.uasset" 1093
"C:/Users/Will/Desktop/Work/CHICO/EldritchBotanist/The_Eldritch_Botanist/EldritchBotanistGame/Content/_Blueprints/Animations/BrainletRig_Walk_Anim.m.ubulk" 1094
"C:/Users/Will/Desktop/Work/CHICO/EldritchBotanist/The_Eldritch_Botanist/EldritchBotanistGame/Content/_Blueprints/Animations/BrainletRig_Walk_Anim.uexp" 1095
"C:/Users/Will/Desktop/Work/CHICO/EldritchBotanist/The_Eldritch_Botanist/EldritchBotanistGame/Content/_Blueprints/Character/Enemies/BP_EnemyBrainlette.uasset" 1096
"C:/Users/Will/Desktop/Work/CHICO/EldritchBotanist/The_Eldritch_Botanist/EldritchBotanistGame/Content/_Blueprints/Character/Enemies/BP_EnemyBrainlette.uexp" 1097
"C:/Users/Will/Desktop/Work/CHICO/EldritchBotanist/The_Eldritch_Botanist/EldritchBotanistGame/Content/_Blueprints/Rigs/SlimeRig__Skeleton.uasset" 1098
"C:/Users/Will/Desktop/Work/CHICO/EldritchBotanist/The_Eldritch_Botanist/EldritchBotanistGame/Content/_Blueprints/Rigs/SlimeRig__Skeleton.uexp" 1099
"C:/Users/Will/Desktop/Work/CHICO/EldritchBotanist/The_Eldritch_Botanist/EldritchBotanistGame/Content/_Blueprints/Rigs/SlimeRig__PhysicsAsset.uasset" 1100
"C:/Users/Will/Desktop/Work/CHICO/EldritchBotanist/The_Eldritch_Botanist/EldritchBotanistGame/Content/_Blueprints/Rigs/SlimeRig__PhysicsAsset.uexp" 1101
"C:/Users/Will/Desktop/Work/CHICO/EldritchBotanist/The_Eldritch_Botanist/EldritchBotanistGame/Content/_Blueprints/Rigs/SlimeRig_.uasset" 1102
"C:/Users/Will/Desktop/Work/CHICO/EldritchBotanist/The_Eldritch_Botanist/EldritchBotanistGame/Content/_Blueprints/Rigs/SlimeRig_.uexp" 1103
"C:/Users/Will/Desktop/Work/CHICO/EldritchBotanist/The_Eldritch_Botanist/EldritchBotanistGame/Content/_Materials/m_SlimeToon_Outline1.uasset" 1104
"C:/Users/Will/Desktop/Work/CHICO/EldritchBotanist/The_Eldritch_Botanist/EldritchBotanistGame/Content/_Materials/m_SlimeToon_Outline1.uexp" 1105
"C:/Users/Will/Desktop/Work/CHICO/EldritchBotanist/The_Eldritch_Botanist/EldritchBotanistGame/Content/_Materials/Textures/Enemies/m_enemy_Slime_BaseColor__1_.ubulk" 1106
"C:/Users/Will/Desktop/Work/CHICO/EldritchBotanist/The_Eldritch_Botanist/EldritchBotanistGame/Content/_Materials/Textures/Enemies/m_enemy_Slime_BaseColor__1_.uasset" 1107
"C:/Users/Will/Desktop/Work/CHICO/EldritchBotanist/The_Eldritch_Botanist/EldritchBotanistGame/Content/_Materials/Textures/Enemies/m_enemy_Slime_BaseColor__1_.uexp" 1108
"C:/Users/Will/Desktop/Work/CHICO/EldritchBotanist/The_Eldritch_Botanist/EldritchBotanistGame/Content/_Materials/Textures/Enemies/m_enemy_Slime_Normal__1_.ubulk" 1109
"C:/Users/Will/Desktop/Work/CHICO/EldritchBotanist/The_Eldritch_Botanist/EldritchBotanistGame/Content/_Materials/Textures/Enemies/m_enemy_Slime_Normal__1_.uasset" 1110
"C:/Users/Will/Desktop/Work/CHICO/EldritchBotanist/The_Eldritch_Botanist/EldritchBotanistGame/Content/_Materials/Textures/Enemies/m_enemy_Slime_Normal__1_.uexp" 1111
"C:/Users/Will/Desktop/Work/CHICO/EldritchBotanist/The_Eldritch_Botanist/EldritchBotanistGame/Content/_Materials/Textures/Enemies/m_enemy_Slime_OcclusionRoughnessMetallic__1_.ubulk" 1112
"C:/Users/Will/Desktop/Work/CHICO/EldritchBotanist/The_Eldritch_Botanist/EldritchBotanistGame/Content/_Materials/Textures/Enemies/m_enemy_Slime_OcclusionRoughnessMetallic__1_.uasset" 1113
"C:/Users/Will/Desktop/Work/CHICO/EldritchBotanist/The_Eldritch_Botanist/EldritchBotanistGame/Content/_Materials/Textures/Enemies/m_enemy_Slime_OcclusionRoughnessMetallic__1_.uexp" 1114
"C:/Users/Will/Desktop/Work/CHICO/EldritchBotanist/The_Eldritch_Botanist/EldritchBotanistGame/Content/_Materials/m_enemy_Slime.uasset" 1115
"C:/Users/Will/Desktop/Work/CHICO/EldritchBotanist/The_Eldritch_Botanist/EldritchBotanistGame/Content/_Materials/m_enemy_Slime.uexp" 1116
"C:/Users/Will/Desktop/Work/CHICO/EldritchBotanist/The_Eldritch_Botanist/EldritchBotanistGame/Content/_Blueprints/Animations/Slime_Walk_Anim.uasset" 1117
"C:/Users/Will/Desktop/Work/CHICO/EldritchBotanist/The_Eldritch_Botanist/EldritchBotanistGame/Content/_Blueprints/Animations/Slime_Walk_Anim.m.ubulk" 1118
"C:/Users/Will/Desktop/Work/CHICO/EldritchBotanist/The_Eldritch_Botanist/EldritchBotanistGame/Content/_Blueprints/Animations/Slime_Walk_Anim.uexp" 1119
"C:/Users/Will/Desktop/Work/CHICO/EldritchBotanist/The_Eldritch_Botanist/EldritchBotanistGame/Content/_Blueprints/Character/Enemies/BP_EnemySlime.uasset" 1120
"C:/Users/Will/Desktop/Work/CHICO/EldritchBotanist/The_Eldritch_Botanist/EldritchBotanistGame/Content/_Blueprints/Character/Enemies/BP_EnemySlime.uexp" 1121
"C:/Users/Will/Desktop/Work/CHICO/EldritchBotanist/The_Eldritch_Botanist/EldritchBotanistGame/Content/_Blueprints/Data/DT_LevelData.uasset" 1122
"C:/Users/Will/Desktop/Work/CHICO/EldritchBotanist/The_Eldritch_Botanist/EldritchBotanistGame/Content/_Blueprints/Data/DT_LevelData.uexp" 1123
"C:/Users/Will/Desktop/Work/CHICO/EldritchBotanist/The_Eldritch_Botanist/EldritchBotanistGame/Content/_Images/ResourceIcons/Tentacle_icon.uasset" 1124
"C:/Users/Will/Desktop/Work/CHICO/EldritchBotanist/The_Eldritch_Botanist/EldritchBotanistGame/Content/_Images/ResourceIcons/Tentacle_icon.uexp" 1125
"C:/Users/Will/Desktop/Work/CHICO/EldritchBotanist/The_Eldritch_Botanist/EldritchBotanistGame/Content/_Images/ResourceIcons/SnakeEye_Icon_2x.uasset" 1126
"C:/Users/Will/Desktop/Work/CHICO/EldritchBotanist/The_Eldritch_Botanist/EldritchBotanistGame/Content/_Images/ResourceIcons/SnakeEye_Icon_2x.uexp" 1127
"C:/Users/Will/Desktop/Work/CHICO/EldritchBotanist/The_Eldritch_Botanist/EldritchBotanistGame/Content/_Images/ResourceIcons/seed_swamp.uasset" 1128
"C:/Users/Will/Desktop/Work/CHICO/EldritchBotanist/The_Eldritch_Botanist/EldritchBotanistGame/Content/_Images/ResourceIcons/seed_swamp.uexp" 1129
"C:/Users/Will/Desktop/Work/CHICO/EldritchBotanist/The_Eldritch_Botanist/EldritchBotanistGame/Content/_Images/ResourceIcons/seed_sunny.uasset" 1130
"C:/Users/Will/Desktop/Work/CHICO/EldritchBotanist/The_Eldritch_Botanist/EldritchBotanistGame/Content/_Images/ResourceIcons/seed_sunny.uexp" 1131
"C:/Users/Will/Desktop/Work/CHICO/EldritchBotanist/The_Eldritch_Botanist/EldritchBotanistGame/Content/_Images/ResourceIcons/seed_haunted.uasset" 1132
"C:/Users/Will/Desktop/Work/CHICO/EldritchBotanist/The_Eldritch_Botanist/EldritchBotanistGame/Content/_Images/ResourceIcons/seed_haunted.uexp" 1133
"C:/Users/Will/Desktop/Work/CHICO/EldritchBotanist/The_Eldritch_Botanist/EldritchBotanistGame/Content/_Images/ResourceIcons/seed_forest.uasset" 1134
"C:/Users/Will/Desktop/Work/CHICO/EldritchBotanist/The_Eldritch_Botanist/EldritchBotanistGame/Content/_Images/ResourceIcons/seed_forest.uexp" 1135
"C:/Users/Will/Desktop/Work/CHICO/EldritchBotanist/The_Eldritch_Botanist/EldritchBotanistGame/Content/_Images/ResourceIcons/seed_arid.uasset" 1136
"C:/Users/Will/Desktop/Work/CHICO/EldritchBotanist/The_Eldritch_Botanist/EldritchBotanistGame/Content/_Images/ResourceIcons/seed_arid.uexp" 1137
"C:/Users/Will/Desktop/Work/CHICO/EldritchBotanist/The_Eldritch_Botanist/EldritchBotanistGame/Content/_Images/ResourceIcons/goateye_icon_2x.uasset" 1138
"C:/Users/Will/Desktop/Work/CHICO/EldritchBotanist/The_Eldritch_Botanist/EldritchBotanistGame/Content/_Images/ResourceIcons/goateye_icon_2x.uexp" 1139
"C:/Users/Will/Desktop/Work/CHICO/EldritchBotanist/The_Eldritch_Botanist/EldritchBotanistGame/Content/_Images/ResourceIcons/DemonClaw_Icon_2x.uasset" 1140
"C:/Users/Will/Desktop/Work/CHICO/EldritchBotanist/The_Eldritch_Botanist/EldritchBotanistGame/Content/_Images/ResourceIcons/DemonClaw_Icon_2x.uexp" 1141
"C:/Users/Will/Desktop/Work/CHICO/EldritchBotanist/The_Eldritch_Botanist/EldritchBotanistGame/Content/_Images/ResourceIcons/blood_icon.uasset" 1142
"C:/Users/Will/Desktop/Work/CHICO/EldritchBotanist/The_Eldritch_Botanist/EldritchBotanistGame/Content/_Images/ResourceIcons/blood_icon.uexp" 1143
"C:/Users/Will/Desktop/Work/CHICO/EldritchBotanist/The_Eldritch_Botanist/EldritchBotanistGame/Content/_Images/PlantIcons/tentacles.uasset" 1144
"C:/Users/Will/Desktop/Work/CHICO/EldritchBotanist/The_Eldritch_Botanist/EldritchBotanistGame/Content/_Images/PlantIcons/tentacles.uexp" 1145
"C:/Users/Will/Desktop/Work/CHICO/EldritchBotanist/The_Eldritch_Botanist/EldritchBotanistGame/Content/_Images/PlantIcons/spitter.uasset" 1146
"C:/Users/Will/Desktop/Work/CHICO/EldritchBotanist/The_Eldritch_Botanist/EldritchBotanistGame/Content/_Images/PlantIcons/spitter.uexp" 1147
"C:/Users/Will/Desktop/Work/CHICO/EldritchBotanist/The_Eldritch_Botanist/EldritchBotanistGame/Content/_Images/PlantIcons/singingbells.uasset" 1148
"C:/Users/Will/Desktop/Work/CHICO/EldritchBotanist/The_Eldritch_Botanist/EldritchBotanistGame/Content/_Images/PlantIcons/singingbells.uexp" 1149
"C:/Users/Will/Desktop/Work/CHICO/EldritchBotanist/The_Eldritch_Botanist/EldritchBotanistGame/Content/_Images/PlantIcons/evileye.uasset" 1150
"C:/Users/Will/Desktop/Work/CHICO/EldritchBotanist/The_Eldritch_Botanist/EldritchBotanistGame/Content/_Images/PlantIcons/evileye.uexp" 1151
"C:/Users/Will/Desktop/Work/CHICO/EldritchBotanist/The_Eldritch_Botanist/EldritchBotanistGame/Content/_Images/PlantIcons/claw.uasset" 1152
"C:/Users/Will/Desktop/Work/CHICO/EldritchBotanist/The_Eldritch_Botanist/EldritchBotanistGame/Content/_Images/PlantIcons/claw.uexp" 1153
"C:/Users/Will/Desktop/Work/CHICO/EldritchBotanist/The_Eldritch_Botanist/EldritchBotanistGame/Content/_Images/PlantIcons/cactus.uasset" 1154
"C:/Users/Will/Desktop/Work/CHICO/EldritchBotanist/The_Eldritch_Botanist/EldritchBotanistGame/Content/_Images/PlantIcons/cactus.uexp" 1155
"C:/Users/Will/Desktop/Work/CHICO/EldritchBotanist/The_Eldritch_Botanist/EldritchBotanistGame/Content/_Images/PlantIcons/bloodcap.uasset" 1156
"C:/Users/Will/Desktop/Work/CHICO/EldritchBotanist/The_Eldritch_Botanist/EldritchBotanistGame/Content/_Images/PlantIcons/bloodcap.uexp" 1157
"C:/Users/Will/Desktop/Work/CHICO/EldritchBotanist/The_Eldritch_Botanist/EldritchBotanistGame/Content/_Images/PlantIcons/blade.uasset" 1158
"C:/Users/Will/Desktop/Work/CHICO/EldritchBotanist/The_Eldritch_Botanist/EldritchBotanistGame/Content/_Images/PlantIcons/blade.uexp" 1159
"C:/Users/Will/Desktop/Work/CHICO/EldritchBotanist/The_Eldritch_Botanist/EldritchBotanistGame/Content/_Images/PlantIcons/beef.uasset" 1160
"C:/Users/Will/Desktop/Work/CHICO/EldritchBotanist/The_Eldritch_Botanist/EldritchBotanistGame/Content/_Images/PlantIcons/beef.uexp" 1161
"C:/Users/Will/Desktop/Work/CHICO/EldritchBotanist/The_Eldritch_Botanist/EldritchBotanistGame/Content/_Blueprints/Rigs/TentacleRig__Skeleton.uasset" 1162
"C:/Users/Will/Desktop/Work/CHICO/EldritchBotanist/The_Eldritch_Botanist/EldritchBotanistGame/Content/_Blueprints/Rigs/TentacleRig__Skeleton.uexp" 1163
"C:/Users/Will/Desktop/Work/CHICO/EldritchBotanist/The_Eldritch_Botanist/EldritchBotanistGame/Content/_Blueprints/Rigs/TentacleRig_.uasset" 1164
"C:/Users/Will/Desktop/Work/CHICO/EldritchBotanist/The_Eldritch_Botanist/EldritchBotanistGame/Content/_Blueprints/Rigs/TentacleRig_.uexp" 1165
"C:/Users/Will/Desktop/Work/CHICO/EldritchBotanist/The_Eldritch_Botanist/EldritchBotanistGame/Content/_Materials/Textures/Plants/plant_tentaclePlant_m_tentaclePlant_OcclusionRoughnessMetallic.ubulk" 1166
"C:/Users/Will/Desktop/Work/CHICO/EldritchBotanist/The_Eldritch_Botanist/EldritchBotanistGame/Content/_Materials/Textures/Plants/plant_tentaclePlant_m_tentaclePlant_OcclusionRoughnessMetallic.uasset" 1167
"C:/Users/Will/Desktop/Work/CHICO/EldritchBotanist/The_Eldritch_Botanist/EldritchBotanistGame/Content/_Materials/Textures/Plants/plant_tentaclePlant_m_tentaclePlant_OcclusionRoughnessMetallic.uexp" 1168
"C:/Users/Will/Desktop/Work/CHICO/EldritchBotanist/The_Eldritch_Botanist/EldritchBotanistGame/Content/_Materials/Textures/Plants/plant_tentaclePlant_m_tentaclePlant_Normal.ubulk" 1169
"C:/Users/Will/Desktop/Work/CHICO/EldritchBotanist/The_Eldritch_Botanist/EldritchBotanistGame/Content/_Materials/Textures/Plants/plant_tentaclePlant_m_tentaclePlant_Normal.uasset" 1170
"C:/Users/Will/Desktop/Work/CHICO/EldritchBotanist/The_Eldritch_Botanist/EldritchBotanistGame/Content/_Materials/Textures/Plants/plant_tentaclePlant_m_tentaclePlant_Normal.uexp" 1171
"C:/Users/Will/Desktop/Work/CHICO/EldritchBotanist/The_Eldritch_Botanist/EldritchBotanistGame/Content/_Materials/Textures/Plants/plant_tentaclePlant_m_tentaclePlant_BaseColor.ubulk" 1172
"C:/Users/Will/Desktop/Work/CHICO/EldritchBotanist/The_Eldritch_Botanist/EldritchBotanistGame/Content/_Materials/Textures/Plants/plant_tentaclePlant_m_tentaclePlant_BaseColor.uasset" 1173
"C:/Users/Will/Desktop/Work/CHICO/EldritchBotanist/The_Eldritch_Botanist/EldritchBotanistGame/Content/_Materials/Textures/Plants/plant_tentaclePlant_m_tentaclePlant_BaseColor.uexp" 1174
"C:/Users/Will/Desktop/Work/CHICO/EldritchBotanist/The_Eldritch_Botanist/EldritchBotanistGame/Content/_Materials/m_tentaclePlant.uasset" 1175
"C:/Users/Will/Desktop/Work/CHICO/EldritchBotanist/The_Eldritch_Botanist/EldritchBotanistGame/Content/_Materials/m_tentaclePlant.uexp" 1176
"C:/Users/Will/Desktop/Work/CHICO/EldritchBotanist/The_Eldritch_Botanist/EldritchBotanistGame/Content/_Blueprints/Character/Plants/BPC_EffectInRange.uasset" 1177
"C:/Users/Will/Desktop/Work/CHICO/EldritchBotanist/The_Eldritch_Botanist/EldritchBotanistGame/Content/_Blueprints/Character/Plants/BPC_EffectInRange.uexp" 1178
"C:/Users/Will/Desktop/Work/CHICO/EldritchBotanist/The_Eldritch_Botanist/EldritchBotanistGame/Content/_Materials/Textures/Plants/plant_mulch_m_mulch_OcclusionRoughnessMetallic.ubulk" 1179
"C:/Users/Will/Desktop/Work/CHICO/EldritchBotanist/The_Eldritch_Botanist/EldritchBotanistGame/Content/_Materials/Textures/Plants/plant_mulch_m_mulch_OcclusionRoughnessMetallic.uasset" 1180
"C:/Users/Will/Desktop/Work/CHICO/EldritchBotanist/The_Eldritch_Botanist/EldritchBotanistGame/Content/_Materials/Textures/Plants/plant_mulch_m_mulch_OcclusionRoughnessMetallic.uexp" 1181
"C:/Users/Will/Desktop/Work/CHICO/EldritchBotanist/The_Eldritch_Botanist/EldritchBotanistGame/Content/_Materials/Textures/Plants/plant_mulch_m_mulch_Normal.ubulk" 1182
"C:/Users/Will/Desktop/Work/CHICO/EldritchBotanist/The_Eldritch_Botanist/EldritchBotanistGame/Content/_Materials/Textures/Plants/plant_mulch_m_mulch_Normal.uasset" 1183
"C:/Users/Will/Desktop/Work/CHICO/EldritchBotanist/The_Eldritch_Botanist/EldritchBotanistGame/Content/_Materials/Textures/Plants/plant_mulch_m_mulch_Normal.uexp" 1184
"C:/Users/Will/Desktop/Work/CHICO/EldritchBotanist/The_Eldritch_Botanist/EldritchBotanistGame/Content/_Materials/Textures/Plants/plant_mulch_m_mulch_BaseColor.ubulk" 1185
"C:/Users/Will/Desktop/Work/CHICO/EldritchBotanist/The_Eldritch_Botanist/EldritchBotanistGame/Content/_Materials/Textures/Plants/plant_mulch_m_mulch_BaseColor.uasset" 1186
"C:/Users/Will/Desktop/Work/CHICO/EldritchBotanist/The_Eldritch_Botanist/EldritchBotanistGame/Content/_Materials/Textures/Plants/plant_mulch_m_mulch_BaseColor.uexp" 1187
"C:/Users/Will/Desktop/Work/CHICO/EldritchBotanist/The_Eldritch_Botanist/EldritchBotanistGame/Content/_Materials/m_mulch.uasset" 1188
"C:/Users/Will/Desktop/Work/CHICO/EldritchBotanist/The_Eldritch_Botanist/EldritchBotanistGame/Content/_Materials/m_mulch.uexp" 1189
"C:/Users/Will/Desktop/Work/CHICO/EldritchBotanist/The_Eldritch_Botanist/EldritchBotanistGame/Content/_Blueprints/Character/Plants/PlantModels/plant_mulch.ubulk" 1190
"C:/Users/Will/Desktop/Work/CHICO/EldritchBotanist/The_Eldritch_Botanist/EldritchBotanistGame/Content/_Blueprints/Character/Plants/PlantModels/plant_mulch.uasset" 1191
"C:/Users/Will/Desktop/Work/CHICO/EldritchBotanist/The_Eldritch_Botanist/EldritchBotanistGame/Content/_Blueprints/Character/Plants/PlantModels/plant_mulch.uexp" 1192
"C:/Users/Will/Desktop/Work/CHICO/EldritchBotanist/The_Eldritch_Botanist/EldritchBotanistGame/Content/_Blueprints/Animations/Tentacle_Idle_Anim.uasset" 1193
"C:/Users/Will/Desktop/Work/CHICO/EldritchBotanist/The_Eldritch_Botanist/EldritchBotanistGame/Content/_Blueprints/Animations/Tentacle_Idle_Anim.m.ubulk" 1194
"C:/Users/Will/Desktop/Work/CHICO/EldritchBotanist/The_Eldritch_Botanist/EldritchBotanistGame/Content/_Blueprints/Animations/Tentacle_Idle_Anim.uexp" 1195
"C:/Users/Will/Desktop/Work/CHICO/EldritchBotanist/The_Eldritch_Botanist/EldritchBotanistGame/Content/_Audio/Plant_SFX/tentacle_plant.ubulk" 1196
"C:/Users/Will/Desktop/Work/CHICO/EldritchBotanist/The_Eldritch_Botanist/EldritchBotanistGame/Content/_Audio/Plant_SFX/tentacle_plant.uasset" 1197
"C:/Users/Will/Desktop/Work/CHICO/EldritchBotanist/The_Eldritch_Botanist/EldritchBotanistGame/Content/_Audio/Plant_SFX/tentacle_plant.uexp" 1198
"C:/Users/Will/Desktop/Work/CHICO/EldritchBotanist/The_Eldritch_Botanist/EldritchBotanistGame/Content/_Blueprints/Character/Plants/BP_PlantTentacle.uasset" 1199
"C:/Users/Will/Desktop/Work/CHICO/EldritchBotanist/The_Eldritch_Botanist/EldritchBotanistGame/Content/_Blueprints/Character/Plants/BP_PlantTentacle.uexp" 1200
"C:/Users/Will/Desktop/Work/CHICO/EldritchBotanist/The_Eldritch_Botanist/EldritchBotanistGame/Content/_Materials/Textures/Props/smoothPotsTest_m_pots_OcclusionRoughnessMetallic.ubulk" 1201
"C:/Users/Will/Desktop/Work/CHICO/EldritchBotanist/The_Eldritch_Botanist/EldritchBotanistGame/Content/_Materials/Textures/Props/smoothPotsTest_m_pots_OcclusionRoughnessMetallic.uasset" 1202
"C:/Users/Will/Desktop/Work/CHICO/EldritchBotanist/The_Eldritch_Botanist/EldritchBotanistGame/Content/_Materials/Textures/Props/smoothPotsTest_m_pots_OcclusionRoughnessMetallic.uexp" 1203
"C:/Users/Will/Desktop/Work/CHICO/EldritchBotanist/The_Eldritch_Botanist/EldritchBotanistGame/Content/_Materials/Textures/Props/smoothPotsTest_m_pots_Normal.ubulk" 1204
"C:/Users/Will/Desktop/Work/CHICO/EldritchBotanist/The_Eldritch_Botanist/EldritchBotanistGame/Content/_Materials/Textures/Props/smoothPotsTest_m_pots_Normal.uasset" 1205
"C:/Users/Will/Desktop/Work/CHICO/EldritchBotanist/The_Eldritch_Botanist/EldritchBotanistGame/Content/_Materials/Textures/Props/smoothPotsTest_m_pots_Normal.uexp" 1206
"C:/Users/Will/Desktop/Work/CHICO/EldritchBotanist/The_Eldritch_Botanist/EldritchBotanistGame/Content/_Materials/Textures/Props/smoothPotsTest_m_pots_BaseColor.ubulk" 1207
"C:/Users/Will/Desktop/Work/CHICO/EldritchBotanist/The_Eldritch_Botanist/EldritchBotanistGame/Content/_Materials/Textures/Props/smoothPotsTest_m_pots_BaseColor.uasset" 1208
"C:/Users/Will/Desktop/Work/CHICO/EldritchBotanist/The_Eldritch_Botanist/EldritchBotanistGame/Content/_Materials/Textures/Props/smoothPotsTest_m_pots_BaseColor.uexp" 1209
"C:/Users/Will/Desktop/Work/CHICO/EldritchBotanist/The_Eldritch_Botanist/EldritchBotanistGame/Content/_Materials/m_pots.uasset" 1210
"C:/Users/Will/Desktop/Work/CHICO/EldritchBotanist/The_Eldritch_Botanist/EldritchBotanistGame/Content/_Materials/m_pots.uexp" 1211
"C:/Users/Will/Desktop/Work/CHICO/EldritchBotanist/The_Eldritch_Botanist/EldritchBotanistGame/Content/_Blueprints/Character/Plants/PlantModels/plant_tier1Pot1.ubulk" 1212
"C:/Users/Will/Desktop/Work/CHICO/EldritchBotanist/The_Eldritch_Botanist/EldritchBotanistGame/Content/_Blueprints/Character/Plants/PlantModels/plant_tier1Pot1.uasset" 1213
"C:/Users/Will/Desktop/Work/CHICO/EldritchBotanist/The_Eldritch_Botanist/EldritchBotanistGame/Content/_Blueprints/Character/Plants/PlantModels/plant_tier1Pot1.uexp" 1214
"C:/Users/Will/Desktop/Work/CHICO/EldritchBotanist/The_Eldritch_Botanist/EldritchBotanistGame/Content/_Blueprints/Character/Plants/BP_PlantTentacle_Potted.uasset" 1215
"C:/Users/Will/Desktop/Work/CHICO/EldritchBotanist/The_Eldritch_Botanist/EldritchBotanistGame/Content/_Blueprints/Character/Plants/BP_PlantTentacle_Potted.uexp" 1216
"C:/Users/Will/Desktop/Work/CHICO/EldritchBotanist/The_Eldritch_Botanist/EldritchBotanistGame/Content/_Blueprints/Rigs/StickyMushroom_Idle_Skeleton.uasset" 1217
"C:/Users/Will/Desktop/Work/CHICO/EldritchBotanist/The_Eldritch_Botanist/EldritchBotanistGame/Content/_Blueprints/Rigs/StickyMushroom_Idle_Skeleton.uexp" 1218
"C:/Users/Will/Desktop/Work/CHICO/EldritchBotanist/The_Eldritch_Botanist/EldritchBotanistGame/Content/_Blueprints/Rigs/StickyMushroom_Idle.uasset" 1219
"C:/Users/Will/Desktop/Work/CHICO/EldritchBotanist/The_Eldritch_Botanist/EldritchBotanistGame/Content/_Blueprints/Rigs/StickyMushroom_Idle.uexp" 1220
"C:/Users/Will/Desktop/Work/CHICO/EldritchBotanist/The_Eldritch_Botanist/EldritchBotanistGame/Content/_Materials/Textures/Plants/plant_stickyMushroomPainter_m_plants_StickyMushroom_Normal.ubulk" 1221
"C:/Users/Will/Desktop/Work/CHICO/EldritchBotanist/The_Eldritch_Botanist/EldritchBotanistGame/Content/_Materials/Textures/Plants/plant_stickyMushroomPainter_m_plants_StickyMushroom_Normal.uasset" 1222
"C:/Users/Will/Desktop/Work/CHICO/EldritchBotanist/The_Eldritch_Botanist/EldritchBotanistGame/Content/_Materials/Textures/Plants/plant_stickyMushroomPainter_m_plants_StickyMushroom_Normal.uexp" 1223
"C:/Users/Will/Desktop/Work/CHICO/EldritchBotanist/The_Eldritch_Botanist/EldritchBotanistGame/Content/_Materials/Textures/Plants/plant_stickyMushroomPainter_m_plants_StickyMushroom_BaseColor.ubulk" 1224
"C:/Users/Will/Desktop/Work/CHICO/EldritchBotanist/The_Eldritch_Botanist/EldritchBotanistGame/Content/_Materials/Textures/Plants/plant_stickyMushroomPainter_m_plants_StickyMushroom_BaseColor.uasset" 1225
"C:/Users/Will/Desktop/Work/CHICO/EldritchBotanist/The_Eldritch_Botanist/EldritchBotanistGame/Content/_Materials/Textures/Plants/plant_stickyMushroomPainter_m_plants_StickyMushroom_BaseColor.uexp" 1226
"C:/Users/Will/Desktop/Work/CHICO/EldritchBotanist/The_Eldritch_Botanist/EldritchBotanistGame/Content/_Materials/Textures/Plants/m_StickyMushroom_ORM.ubulk" 1227
"C:/Users/Will/Desktop/Work/CHICO/EldritchBotanist/The_Eldritch_Botanist/EldritchBotanistGame/Content/_Materials/Textures/Plants/m_StickyMushroom_ORM.uasset" 1228
"C:/Users/Will/Desktop/Work/CHICO/EldritchBotanist/The_Eldritch_Botanist/EldritchBotanistGame/Content/_Materials/Textures/Plants/m_StickyMushroom_ORM.uexp" 1229
"C:/Users/Will/Desktop/Work/CHICO/EldritchBotanist/The_Eldritch_Botanist/EldritchBotanistGame/Content/_Materials/m_plants_StickyMushroom.uasset" 1230
"C:/Users/Will/Desktop/Work/CHICO/EldritchBotanist/The_Eldritch_Botanist/EldritchBotanistGame/Content/_Materials/m_plants_StickyMushroom.uexp" 1231
"C:/Users/Will/Desktop/Work/CHICO/EldritchBotanist/The_Eldritch_Botanist/EldritchBotanistGame/Content/_Blueprints/Animations/StickyMushroom_Idle_Anim.uasset" 1232
"C:/Users/Will/Desktop/Work/CHICO/EldritchBotanist/The_Eldritch_Botanist/EldritchBotanistGame/Content/_Blueprints/Animations/StickyMushroom_Idle_Anim.m.ubulk" 1233
"C:/Users/Will/Desktop/Work/CHICO/EldritchBotanist/The_Eldritch_Botanist/EldritchBotanistGame/Content/_Blueprints/Animations/StickyMushroom_Idle_Anim.uexp" 1234
"C:/Users/Will/Desktop/Work/CHICO/EldritchBotanist/The_Eldritch_Botanist/EldritchBotanistGame/Content/_Audio/Plant_SFX/bloodcap_mushroom.ubulk" 1235
"C:/Users/Will/Desktop/Work/CHICO/EldritchBotanist/The_Eldritch_Botanist/EldritchBotanistGame/Content/_Audio/Plant_SFX/bloodcap_mushroom.uasset" 1236
"C:/Users/Will/Desktop/Work/CHICO/EldritchBotanist/The_Eldritch_Botanist/EldritchBotanistGame/Content/_Audio/Plant_SFX/bloodcap_mushroom.uexp" 1237
"C:/Users/Will/Desktop/Work/CHICO/EldritchBotanist/The_Eldritch_Botanist/EldritchBotanistGame/Content/_Images/SpriteSheets/Sprite_Sheet_SpitPurple.uasset" 1238
"C:/Users/Will/Desktop/Work/CHICO/EldritchBotanist/The_Eldritch_Botanist/EldritchBotanistGame/Content/_Images/SpriteSheets/Sprite_Sheet_SpitPurple.uexp" 1239
"C:/Users/Will/Desktop/Work/CHICO/EldritchBotanist/The_Eldritch_Botanist/EldritchBotanistGame/Content/_Sprites/SPRITE_SpitPoison_1.uasset" 1240
"C:/Users/Will/Desktop/Work/CHICO/EldritchBotanist/The_Eldritch_Botanist/EldritchBotanistGame/Content/_Sprites/SPRITE_SpitPoison_1.uexp" 1241
"C:/Users/Will/Desktop/Work/CHICO/EldritchBotanist/The_Eldritch_Botanist/EldritchBotanistGame/Content/_Sprites/SPRITE_SpitPoison_2.uasset" 1242
"C:/Users/Will/Desktop/Work/CHICO/EldritchBotanist/The_Eldritch_Botanist/EldritchBotanistGame/Content/_Sprites/SPRITE_SpitPoison_2.uexp" 1243
"C:/Users/Will/Desktop/Work/CHICO/EldritchBotanist/The_Eldritch_Botanist/EldritchBotanistGame/Content/_Sprites/SPRITE_SpitPoison_3.uasset" 1244
"C:/Users/Will/Desktop/Work/CHICO/EldritchBotanist/The_Eldritch_Botanist/EldritchBotanistGame/Content/_Sprites/SPRITE_SpitPoison_3.uexp" 1245
"C:/Users/Will/Desktop/Work/CHICO/EldritchBotanist/The_Eldritch_Botanist/EldritchBotanistGame/Content/_Sprites/SPRITE_SpitPoison_4.uasset" 1246
"C:/Users/Will/Desktop/Work/CHICO/EldritchBotanist/The_Eldritch_Botanist/EldritchBotanistGame/Content/_Sprites/SPRITE_SpitPoison_4.uexp" 1247
"C:/Users/Will/Desktop/Work/CHICO/EldritchBotanist/The_Eldritch_Botanist/EldritchBotanistGame/Content/_Sprites/SPRITE_SpitPoison_5.uasset" 1248
"C:/Users/Will/Desktop/Work/CHICO/EldritchBotanist/The_Eldritch_Botanist/EldritchBotanistGame/Content/_Sprites/SPRITE_SpitPoison_5.uexp" 1249
"C:/Users/Will/Desktop/Work/CHICO/EldritchBotanist/The_Eldritch_Botanist/EldritchBotanistGame/Content/_Sprites/SPRITE_SpitPoison_6.uasset" 1250
"C:/Users/Will/Desktop/Work/CHICO/EldritchBotanist/The_Eldritch_Botanist/EldritchBotanistGame/Content/_Sprites/SPRITE_SpitPoison_6.uexp" 1251
"C:/Users/Will/Desktop/Work/CHICO/EldritchBotanist/The_Eldritch_Botanist/EldritchBotanistGame/Content/_Sprites/Flipbooks/PF_SpitPoison.uasset" 1252
"C:/Users/Will/Desktop/Work/CHICO/EldritchBotanist/The_Eldritch_Botanist/EldritchBotanistGame/Content/_Sprites/Flipbooks/PF_SpitPoison.uexp" 1253
"C:/Users/Will/Desktop/Work/CHICO/EldritchBotanist/The_Eldritch_Botanist/EldritchBotanistGame/Content/_Blueprints/Character/Plants/BP_PlantStickyMushroom.uasset" 1254
"C:/Users/Will/Desktop/Work/CHICO/EldritchBotanist/The_Eldritch_Botanist/EldritchBotanistGame/Content/_Blueprints/Character/Plants/BP_PlantStickyMushroom.uexp" 1255
"C:/Users/Will/Desktop/Work/CHICO/EldritchBotanist/The_Eldritch_Botanist/EldritchBotanistGame/Content/_Blueprints/Character/Plants/BP_PlantStickyMushroom_Potted.uasset" 1256
"C:/Users/Will/Desktop/Work/CHICO/EldritchBotanist/The_Eldritch_Botanist/EldritchBotanistGame/Content/_Blueprints/Character/Plants/BP_PlantStickyMushroom_Potted.uexp" 1257
"C:/Users/Will/Desktop/Work/CHICO/EldritchBotanist/The_Eldritch_Botanist/EldritchBotanistGame/Content/_Blueprints/Rigs/SpitterRig__Skeleton.uasset" 1258
"C:/Users/Will/Desktop/Work/CHICO/EldritchBotanist/The_Eldritch_Botanist/EldritchBotanistGame/Content/_Blueprints/Rigs/SpitterRig__Skeleton.uexp" 1259
"C:/Users/Will/Desktop/Work/CHICO/EldritchBotanist/The_Eldritch_Botanist/EldritchBotanistGame/Content/_Blueprints/Rigs/SpitterRig_.uasset" 1260
"C:/Users/Will/Desktop/Work/CHICO/EldritchBotanist/The_Eldritch_Botanist/EldritchBotanistGame/Content/_Blueprints/Rigs/SpitterRig_.uexp" 1261
"C:/Users/Will/Desktop/Work/CHICO/EldritchBotanist/The_Eldritch_Botanist/EldritchBotanistGame/Content/_Materials/Textures/Plants/plant_spitterPlant_m_Spitter_OcclusionRoughnessMetallic.ubulk" 1262
"C:/Users/Will/Desktop/Work/CHICO/EldritchBotanist/The_Eldritch_Botanist/EldritchBotanistGame/Content/_Materials/Textures/Plants/plant_spitterPlant_m_Spitter_OcclusionRoughnessMetallic.uasset" 1263
"C:/Users/Will/Desktop/Work/CHICO/EldritchBotanist/The_Eldritch_Botanist/EldritchBotanistGame/Content/_Materials/Textures/Plants/plant_spitterPlant_m_Spitter_OcclusionRoughnessMetallic.uexp" 1264
"C:/Users/Will/Desktop/Work/CHICO/EldritchBotanist/The_Eldritch_Botanist/EldritchBotanistGame/Content/_Materials/Textures/Plants/plant_spitterPlant_m_Spitter_Normal.ubulk" 1265
"C:/Users/Will/Desktop/Work/CHICO/EldritchBotanist/The_Eldritch_Botanist/EldritchBotanistGame/Content/_Materials/Textures/Plants/plant_spitterPlant_m_Spitter_Normal.uasset" 1266
"C:/Users/Will/Desktop/Work/CHICO/EldritchBotanist/The_Eldritch_Botanist/EldritchBotanistGame/Content/_Materials/Textures/Plants/plant_spitterPlant_m_Spitter_Normal.uexp" 1267
"C:/Users/Will/Desktop/Work/CHICO/EldritchBotanist/The_Eldritch_Botanist/EldritchBotanistGame/Content/_Materials/Textures/Plants/plant_spitterPlant_m_Spitter_BaseColor.ubulk" 1268
"C:/Users/Will/Desktop/Work/CHICO/EldritchBotanist/The_Eldritch_Botanist/EldritchBotanistGame/Content/_Materials/Textures/Plants/plant_spitterPlant_m_Spitter_BaseColor.uasset" 1269
"C:/Users/Will/Desktop/Work/CHICO/EldritchBotanist/The_Eldritch_Botanist/EldritchBotanistGame/Content/_Materials/Textures/Plants/plant_spitterPlant_m_Spitter_BaseColor.uexp" 1270
"C:/Users/Will/Desktop/Work/CHICO/EldritchBotanist/The_Eldritch_Botanist/EldritchBotanistGame/Content/_Materials/m_SpitterPlant.uasset" 1271
"C:/Users/Will/Desktop/Work/CHICO/EldritchBotanist/The_Eldritch_Botanist/EldritchBotanistGame/Content/_Materials/m_SpitterPlant.uexp" 1272
"C:/Users/Will/Desktop/Work/CHICO/EldritchBotanist/The_Eldritch_Botanist/EldritchBotanistGame/Content/_Blueprints/Animations/Spitter_Idle_Anim.uasset" 1273
"C:/Users/Will/Desktop/Work/CHICO/EldritchBotanist/The_Eldritch_Botanist/EldritchBotanistGame/Content/_Blueprints/Animations/Spitter_Idle_Anim.m.ubulk" 1274
"C:/Users/Will/Desktop/Work/CHICO/EldritchBotanist/The_Eldritch_Botanist/EldritchBotanistGame/Content/_Blueprints/Animations/Spitter_Idle_Anim.uexp" 1275
"C:/Users/Will/Desktop/Work/CHICO/EldritchBotanist/The_Eldritch_Botanist/EldritchBotanistGame/Content/_Audio/Plant_SFX/spitter_meow.ubulk" 1276
"C:/Users/Will/Desktop/Work/CHICO/EldritchBotanist/The_Eldritch_Botanist/EldritchBotanistGame/Content/_Audio/Plant_SFX/spitter_meow.uasset" 1277
"C:/Users/Will/Desktop/Work/CHICO/EldritchBotanist/The_Eldritch_Botanist/EldritchBotanistGame/Content/_Audio/Plant_SFX/spitter_meow.uexp" 1278
"C:/Users/Will/Desktop/Work/CHICO/EldritchBotanist/The_Eldritch_Botanist/EldritchBotanistGame/Content/_Blueprints/Character/Plants/BP_PlantSpitter.uasset" 1279
"C:/Users/Will/Desktop/Work/CHICO/EldritchBotanist/The_Eldritch_Botanist/EldritchBotanistGame/Content/_Blueprints/Character/Plants/BP_PlantSpitter.uexp" 1280
"C:/Users/Will/Desktop/Work/CHICO/EldritchBotanist/The_Eldritch_Botanist/EldritchBotanistGame/Content/_Blueprints/Character/Plants/BP_PlantSpitter_Potted.uasset" 1281
"C:/Users/Will/Desktop/Work/CHICO/EldritchBotanist/The_Eldritch_Botanist/EldritchBotanistGame/Content/_Blueprints/Character/Plants/BP_PlantSpitter_Potted.uexp" 1282
"C:/Users/Will/Desktop/Work/CHICO/EldritchBotanist/The_Eldritch_Botanist/EldritchBotanistGame/Content/_Blueprints/Rigs/CactusRig__Skeleton.uasset" 1283
"C:/Users/Will/Desktop/Work/CHICO/EldritchBotanist/The_Eldritch_Botanist/EldritchBotanistGame/Content/_Blueprints/Rigs/CactusRig__Skeleton.uexp" 1284
"C:/Users/Will/Desktop/Work/CHICO/EldritchBotanist/The_Eldritch_Botanist/EldritchBotanistGame/Content/_Blueprints/Rigs/CactusRig_.uasset" 1285
"C:/Users/Will/Desktop/Work/CHICO/EldritchBotanist/The_Eldritch_Botanist/EldritchBotanistGame/Content/_Blueprints/Rigs/CactusRig_.uexp" 1286
"C:/Users/Will/Desktop/Work/CHICO/EldritchBotanist/The_Eldritch_Botanist/EldritchBotanistGame/Content/_Images/SpriteSheets/Sprite_Sheet_Cactus.uasset" 1287
"C:/Users/Will/Desktop/Work/CHICO/EldritchBotanist/The_Eldritch_Botanist/EldritchBotanistGame/Content/_Images/SpriteSheets/Sprite_Sheet_Cactus.uexp" 1288
"C:/Users/Will/Desktop/Work/CHICO/EldritchBotanist/The_Eldritch_Botanist/EldritchBotanistGame/Content/_Sprites/SPRITE_Cactus_1.uasset" 1289
"C:/Users/Will/Desktop/Work/CHICO/EldritchBotanist/The_Eldritch_Botanist/EldritchBotanistGame/Content/_Sprites/SPRITE_Cactus_1.uexp" 1290
"C:/Users/Will/Desktop/Work/CHICO/EldritchBotanist/The_Eldritch_Botanist/EldritchBotanistGame/Content/_Sprites/SPRITE_Cactus_2.uasset" 1291
"C:/Users/Will/Desktop/Work/CHICO/EldritchBotanist/The_Eldritch_Botanist/EldritchBotanistGame/Content/_Sprites/SPRITE_Cactus_2.uexp" 1292
"C:/Users/Will/Desktop/Work/CHICO/EldritchBotanist/The_Eldritch_Botanist/EldritchBotanistGame/Content/_Sprites/SPRITE_Cactus_3.uasset" 1293
"C:/Users/Will/Desktop/Work/CHICO/EldritchBotanist/The_Eldritch_Botanist/EldritchBotanistGame/Content/_Sprites/SPRITE_Cactus_3.uexp" 1294
"C:/Users/Will/Desktop/Work/CHICO/EldritchBotanist/The_Eldritch_Botanist/EldritchBotanistGame/Content/_Sprites/SPRITE_Cactus_4.uasset" 1295
"C:/Users/Will/Desktop/Work/CHICO/EldritchBotanist/The_Eldritch_Botanist/EldritchBotanistGame/Content/_Sprites/SPRITE_Cactus_4.uexp" 1296
"C:/Users/Will/Desktop/Work/CHICO/EldritchBotanist/The_Eldritch_Botanist/EldritchBotanistGame/Content/_Sprites/SPRITE_Cactus_5.uasset" 1297
"C:/Users/Will/Desktop/Work/CHICO/EldritchBotanist/The_Eldritch_Botanist/EldritchBotanistGame/Content/_Sprites/SPRITE_Cactus_5.uexp" 1298
"C:/Users/Will/Desktop/Work/CHICO/EldritchBotanist/The_Eldritch_Botanist/EldritchBotanistGame/Content/_Sprites/SPRITE_Cactus_6.uasset" 1299
"C:/Users/Will/Desktop/Work/CHICO/EldritchBotanist/The_Eldritch_Botanist/EldritchBotanistGame/Content/_Sprites/SPRITE_Cactus_6.uexp" 1300
"C:/Users/Will/Desktop/Work/CHICO/EldritchBotanist/The_Eldritch_Botanist/EldritchBotanistGame/Content/_Sprites/Flipbooks/PF_Cactus.uasset" 1301
"C:/Users/Will/Desktop/Work/CHICO/EldritchBotanist/The_Eldritch_Botanist/EldritchBotanistGame/Content/_Sprites/Flipbooks/PF_Cactus.uexp" 1302
"C:/Users/Will/Desktop/Work/CHICO/EldritchBotanist/The_Eldritch_Botanist/EldritchBotanistGame/Content/_Materials/Textures/Plants/plant_cactus_m_Cactus_OcclusionRoughnessMetallic.ubulk" 1303
"C:/Users/Will/Desktop/Work/CHICO/EldritchBotanist/The_Eldritch_Botanist/EldritchBotanistGame/Content/_Materials/Textures/Plants/plant_cactus_m_Cactus_OcclusionRoughnessMetallic.uasset" 1304
"C:/Users/Will/Desktop/Work/CHICO/EldritchBotanist/The_Eldritch_Botanist/EldritchBotanistGame/Content/_Materials/Textures/Plants/plant_cactus_m_Cactus_OcclusionRoughnessMetallic.uexp" 1305
"C:/Users/Will/Desktop/Work/CHICO/EldritchBotanist/The_Eldritch_Botanist/EldritchBotanistGame/Content/_Materials/Textures/Plants/plant_cactus_m_Cactus_Normal.ubulk" 1306
"C:/Users/Will/Desktop/Work/CHICO/EldritchBotanist/The_Eldritch_Botanist/EldritchBotanistGame/Content/_Materials/Textures/Plants/plant_cactus_m_Cactus_Normal.uasset" 1307
"C:/Users/Will/Desktop/Work/CHICO/EldritchBotanist/The_Eldritch_Botanist/EldritchBotanistGame/Content/_Materials/Textures/Plants/plant_cactus_m_Cactus_Normal.uexp" 1308
"C:/Users/Will/Desktop/Work/CHICO/EldritchBotanist/The_Eldritch_Botanist/EldritchBotanistGame/Content/_Materials/Textures/Plants/plant_cactus_m_Cactus_BaseColor.ubulk" 1309
"C:/Users/Will/Desktop/Work/CHICO/EldritchBotanist/The_Eldritch_Botanist/EldritchBotanistGame/Content/_Materials/Textures/Plants/plant_cactus_m_Cactus_BaseColor.uasset" 1310
"C:/Users/Will/Desktop/Work/CHICO/EldritchBotanist/The_Eldritch_Botanist/EldritchBotanistGame/Content/_Materials/Textures/Plants/plant_cactus_m_Cactus_BaseColor.uexp" 1311
"C:/Users/Will/Desktop/Work/CHICO/EldritchBotanist/The_Eldritch_Botanist/EldritchBotanistGame/Content/_Materials/m_Cactus.uasset" 1312
"C:/Users/Will/Desktop/Work/CHICO/EldritchBotanist/The_Eldritch_Botanist/EldritchBotanistGame/Content/_Materials/m_Cactus.uexp" 1313
"C:/Users/Will/Desktop/Work/CHICO/EldritchBotanist/The_Eldritch_Botanist/EldritchBotanistGame/Content/_Blueprints/Character/HealthAndDamage/BPI_DmgIndicator.uasset" 1314
"C:/Users/Will/Desktop/Work/CHICO/EldritchBotanist/The_Eldritch_Botanist/EldritchBotanistGame/Content/_Blueprints/Character/HealthAndDamage/BPI_DmgIndicator.uexp" 1315
"C:/Users/Will/Desktop/Work/CHICO/EldritchBotanist/The_Eldritch_Botanist/EldritchBotanistGame/Content/_Blueprints/Character/HealthAndDamage/WBP_DamageIndicator.uasset" 1316
"C:/Users/Will/Desktop/Work/CHICO/EldritchBotanist/The_Eldritch_Botanist/EldritchBotanistGame/Content/_Blueprints/Character/HealthAndDamage/WBP_DamageIndicator.uexp" 1317
"C:/Users/Will/Desktop/Work/CHICO/EldritchBotanist/The_Eldritch_Botanist/EldritchBotanistGame/Content/_Blueprints/Character/HealthAndDamage/BP_DmgIndicator.uasset" 1318
"C:/Users/Will/Desktop/Work/CHICO/EldritchBotanist/The_Eldritch_Botanist/EldritchBotanistGame/Content/_Blueprints/Character/HealthAndDamage/BP_DmgIndicator.uexp" 1319
"C:/Users/Will/Desktop/Work/CHICO/EldritchBotanist/The_Eldritch_Botanist/EldritchBotanistGame/Content/_Blueprints/Animations/Cactus_Idle_Anim.uasset" 1320
"C:/Users/Will/Desktop/Work/CHICO/EldritchBotanist/The_Eldritch_Botanist/EldritchBotanistGame/Content/_Blueprints/Animations/Cactus_Idle_Anim.m.ubulk" 1321
"C:/Users/Will/Desktop/Work/CHICO/EldritchBotanist/The_Eldritch_Botanist/EldritchBotanistGame/Content/_Blueprints/Animations/Cactus_Idle_Anim.uexp" 1322
"C:/Users/Will/Desktop/Work/CHICO/EldritchBotanist/The_Eldritch_Botanist/EldritchBotanistGame/Content/_Audio/Plant_SFX/cactus_plant.ubulk" 1323
"C:/Users/Will/Desktop/Work/CHICO/EldritchBotanist/The_Eldritch_Botanist/EldritchBotanistGame/Content/_Audio/Plant_SFX/cactus_plant.uasset" 1324
"C:/Users/Will/Desktop/Work/CHICO/EldritchBotanist/The_Eldritch_Botanist/EldritchBotanistGame/Content/_Audio/Plant_SFX/cactus_plant.uexp" 1325
"C:/Users/Will/Desktop/Work/CHICO/EldritchBotanist/The_Eldritch_Botanist/EldritchBotanistGame/Content/_Blueprints/Character/Plants/BP_PlantCactus.uasset" 1326
"C:/Users/Will/Desktop/Work/CHICO/EldritchBotanist/The_Eldritch_Botanist/EldritchBotanistGame/Content/_Blueprints/Character/Plants/BP_PlantCactus.uexp" 1327
"C:/Users/Will/Desktop/Work/CHICO/EldritchBotanist/The_Eldritch_Botanist/EldritchBotanistGame/Content/_Blueprints/Character/Plants/BP_PlantCactus_Potted.uasset" 1328
"C:/Users/Will/Desktop/Work/CHICO/EldritchBotanist/The_Eldritch_Botanist/EldritchBotanistGame/Content/_Blueprints/Character/Plants/BP_PlantCactus_Potted.uexp" 1329
"C:/Users/Will/Desktop/Work/CHICO/EldritchBotanist/The_Eldritch_Botanist/EldritchBotanistGame/Content/_Blueprints/Rigs/BeefRig__Skeleton.uasset" 1330
"C:/Users/Will/Desktop/Work/CHICO/EldritchBotanist/The_Eldritch_Botanist/EldritchBotanistGame/Content/_Blueprints/Rigs/BeefRig__Skeleton.uexp" 1331
"C:/Users/Will/Desktop/Work/CHICO/EldritchBotanist/The_Eldritch_Botanist/EldritchBotanistGame/Content/_Blueprints/Rigs/BeefRig_.uasset" 1332
"C:/Users/Will/Desktop/Work/CHICO/EldritchBotanist/The_Eldritch_Botanist/EldritchBotanistGame/Content/_Blueprints/Rigs/BeefRig_.uexp" 1333
"C:/Users/Will/Desktop/Work/CHICO/EldritchBotanist/The_Eldritch_Botanist/EldritchBotanistGame/Content/_Materials/Textures/Plants/plant_BeefPainter_m_plants_Beef_OcclusionRoughnessMetallic.ubulk" 1334
"C:/Users/Will/Desktop/Work/CHICO/EldritchBotanist/The_Eldritch_Botanist/EldritchBotanistGame/Content/_Materials/Textures/Plants/plant_BeefPainter_m_plants_Beef_OcclusionRoughnessMetallic.uasset" 1335
"C:/Users/Will/Desktop/Work/CHICO/EldritchBotanist/The_Eldritch_Botanist/EldritchBotanistGame/Content/_Materials/Textures/Plants/plant_BeefPainter_m_plants_Beef_OcclusionRoughnessMetallic.uexp" 1336
"C:/Users/Will/Desktop/Work/CHICO/EldritchBotanist/The_Eldritch_Botanist/EldritchBotanistGame/Content/_Materials/Textures/Plants/plant_BeefPainter_m_plants_Beef_Normal.ubulk" 1337
"C:/Users/Will/Desktop/Work/CHICO/EldritchBotanist/The_Eldritch_Botanist/EldritchBotanistGame/Content/_Materials/Textures/Plants/plant_BeefPainter_m_plants_Beef_Normal.uasset" 1338
"C:/Users/Will/Desktop/Work/CHICO/EldritchBotanist/The_Eldritch_Botanist/EldritchBotanistGame/Content/_Materials/Textures/Plants/plant_BeefPainter_m_plants_Beef_Normal.uexp" 1339
"C:/Users/Will/Desktop/Work/CHICO/EldritchBotanist/The_Eldritch_Botanist/EldritchBotanistGame/Content/_Materials/Textures/Plants/plant_BeefPainter_m_plants_Beef_BaseColor.ubulk" 1340
"C:/Users/Will/Desktop/Work/CHICO/EldritchBotanist/The_Eldritch_Botanist/EldritchBotanistGame/Content/_Materials/Textures/Plants/plant_BeefPainter_m_plants_Beef_BaseColor.uasset" 1341
"C:/Users/Will/Desktop/Work/CHICO/EldritchBotanist/The_Eldritch_Botanist/EldritchBotanistGame/Content/_Materials/Textures/Plants/plant_BeefPainter_m_plants_Beef_BaseColor.uexp" 1342
"C:/Users/Will/Desktop/Work/CHICO/EldritchBotanist/The_Eldritch_Botanist/EldritchBotanistGame/Content/_Materials/m_plants_Beef.uasset" 1343
"C:/Users/Will/Desktop/Work/CHICO/EldritchBotanist/The_Eldritch_Botanist/EldritchBotanistGame/Content/_Materials/m_plants_Beef.uexp" 1344
"C:/Users/Will/Desktop/Work/CHICO/EldritchBotanist/The_Eldritch_Botanist/EldritchBotanistGame/Content/_Blueprints/Animations/Beef_Idle_Anim.uasset" 1345
"C:/Users/Will/Desktop/Work/CHICO/EldritchBotanist/The_Eldritch_Botanist/EldritchBotanistGame/Content/_Blueprints/Animations/Beef_Idle_Anim.m.ubulk" 1346
"C:/Users/Will/Desktop/Work/CHICO/EldritchBotanist/The_Eldritch_Botanist/EldritchBotanistGame/Content/_Blueprints/Animations/Beef_Idle_Anim.uexp" 1347
"C:/Users/Will/Desktop/Work/CHICO/EldritchBotanist/The_Eldritch_Botanist/EldritchBotanistGame/Content/_Audio/Plant_SFX/beef_noise.ubulk" 1348
"C:/Users/Will/Desktop/Work/CHICO/EldritchBotanist/The_Eldritch_Botanist/EldritchBotanistGame/Content/_Audio/Plant_SFX/beef_noise.uasset" 1349
"C:/Users/Will/Desktop/Work/CHICO/EldritchBotanist/The_Eldritch_Botanist/EldritchBotanistGame/Content/_Audio/Plant_SFX/beef_noise.uexp" 1350
"C:/Users/Will/Desktop/Work/CHICO/EldritchBotanist/The_Eldritch_Botanist/EldritchBotanistGame/Content/_Blueprints/Character/Plants/BP_PlantBeef.uasset" 1351
"C:/Users/Will/Desktop/Work/CHICO/EldritchBotanist/The_Eldritch_Botanist/EldritchBotanistGame/Content/_Blueprints/Character/Plants/BP_PlantBeef.uexp" 1352
"C:/Users/Will/Desktop/Work/CHICO/EldritchBotanist/The_Eldritch_Botanist/EldritchBotanistGame/Content/_Blueprints/Character/Plants/BP_PlantBeef_Potted.uasset" 1353
"C:/Users/Will/Desktop/Work/CHICO/EldritchBotanist/The_Eldritch_Botanist/EldritchBotanistGame/Content/_Blueprints/Character/Plants/BP_PlantBeef_Potted.uexp" 1354
"C:/Users/Will/Desktop/Work/CHICO/EldritchBotanist/The_Eldritch_Botanist/EldritchBotanistGame/Content/_Blueprints/Rigs/SingingBellsRig__Skeleton.uasset" 1355
"C:/Users/Will/Desktop/Work/CHICO/EldritchBotanist/The_Eldritch_Botanist/EldritchBotanistGame/Content/_Blueprints/Rigs/SingingBellsRig__Skeleton.uexp" 1356
"C:/Users/Will/Desktop/Work/CHICO/EldritchBotanist/The_Eldritch_Botanist/EldritchBotanistGame/Content/_Blueprints/Rigs/SingingBellsRig_.uasset" 1357
"C:/Users/Will/Desktop/Work/CHICO/EldritchBotanist/The_Eldritch_Botanist/EldritchBotanistGame/Content/_Blueprints/Rigs/SingingBellsRig_.uexp" 1358
"C:/Users/Will/Desktop/Work/CHICO/EldritchBotanist/The_Eldritch_Botanist/EldritchBotanistGame/Content/_Materials/Textures/Plants/plant_singingBellsPainter_m_singingBells_OcclusionRoughnessMetallic.ubulk" 1359
"C:/Users/Will/Desktop/Work/CHICO/EldritchBotanist/The_Eldritch_Botanist/EldritchBotanistGame/Content/_Materials/Textures/Plants/plant_singingBellsPainter_m_singingBells_OcclusionRoughnessMetallic.uasset" 1360
"C:/Users/Will/Desktop/Work/CHICO/EldritchBotanist/The_Eldritch_Botanist/EldritchBotanistGame/Content/_Materials/Textures/Plants/plant_singingBellsPainter_m_singingBells_OcclusionRoughnessMetallic.uexp" 1361
"C:/Users/Will/Desktop/Work/CHICO/EldritchBotanist/The_Eldritch_Botanist/EldritchBotanistGame/Content/_Materials/Textures/Plants/plant_singingBellsPainter_m_singingBells_Normal.ubulk" 1362
"C:/Users/Will/Desktop/Work/CHICO/EldritchBotanist/The_Eldritch_Botanist/EldritchBotanistGame/Content/_Materials/Textures/Plants/plant_singingBellsPainter_m_singingBells_Normal.uasset" 1363
"C:/Users/Will/Desktop/Work/CHICO/EldritchBotanist/The_Eldritch_Botanist/EldritchBotanistGame/Content/_Materials/Textures/Plants/plant_singingBellsPainter_m_singingBells_Normal.uexp" 1364
"C:/Users/Will/Desktop/Work/CHICO/EldritchBotanist/The_Eldritch_Botanist/EldritchBotanistGame/Content/_Materials/Textures/Plants/plant_singingBellsPainter_m_singingBells_BaseColor.ubulk" 1365
"C:/Users/Will/Desktop/Work/CHICO/EldritchBotanist/The_Eldritch_Botanist/EldritchBotanistGame/Content/_Materials/Textures/Plants/plant_singingBellsPainter_m_singingBells_BaseColor.uasset" 1366
"C:/Users/Will/Desktop/Work/CHICO/EldritchBotanist/The_Eldritch_Botanist/EldritchBotanistGame/Content/_Materials/Textures/Plants/plant_singingBellsPainter_m_singingBells_BaseColor.uexp" 1367
"C:/Users/Will/Desktop/Work/CHICO/EldritchBotanist/The_Eldritch_Botanist/EldritchBotanistGame/Content/_Materials/m_singingBells.uasset" 1368
"C:/Users/Will/Desktop/Work/CHICO/EldritchBotanist/The_Eldritch_Botanist/EldritchBotanistGame/Content/_Materials/m_singingBells.uexp" 1369
"C:/Users/Will/Desktop/Work/CHICO/EldritchBotanist/The_Eldritch_Botanist/EldritchBotanistGame/Content/_Images/SpriteSheets/Sprite_Sheet_Sing.uasset" 1370
"C:/Users/Will/Desktop/Work/CHICO/EldritchBotanist/The_Eldritch_Botanist/EldritchBotanistGame/Content/_Images/SpriteSheets/Sprite_Sheet_Sing.uexp" 1371
"C:/Users/Will/Desktop/Work/CHICO/EldritchBotanist/The_Eldritch_Botanist/EldritchBotanistGame/Content/_Sprites/SPRITE_singing6.uasset" 1372
"C:/Users/Will/Desktop/Work/CHICO/EldritchBotanist/The_Eldritch_Botanist/EldritchBotanistGame/Content/_Sprites/SPRITE_singing6.uexp" 1373
"C:/Users/Will/Desktop/Work/CHICO/EldritchBotanist/The_Eldritch_Botanist/EldritchBotanistGame/Content/_Sprites/SPRITE_singing5.uasset" 1374
"C:/Users/Will/Desktop/Work/CHICO/EldritchBotanist/The_Eldritch_Botanist/EldritchBotanistGame/Content/_Sprites/SPRITE_singing5.uexp" 1375
"C:/Users/Will/Desktop/Work/CHICO/EldritchBotanist/The_Eldritch_Botanist/EldritchBotanistGame/Content/_Sprites/SPRITE_singing4.uasset" 1376
"C:/Users/Will/Desktop/Work/CHICO/EldritchBotanist/The_Eldritch_Botanist/EldritchBotanistGame/Content/_Sprites/SPRITE_singing4.uexp" 1377
"C:/Users/Will/Desktop/Work/CHICO/EldritchBotanist/The_Eldritch_Botanist/EldritchBotanistGame/Content/_Sprites/SPRITE_singing3.uasset" 1378
"C:/Users/Will/Desktop/Work/CHICO/EldritchBotanist/The_Eldritch_Botanist/EldritchBotanistGame/Content/_Sprites/SPRITE_singing3.uexp" 1379
"C:/Users/Will/Desktop/Work/CHICO/EldritchBotanist/The_Eldritch_Botanist/EldritchBotanistGame/Content/_Sprites/SPRITE_singing2.uasset" 1380
"C:/Users/Will/Desktop/Work/CHICO/EldritchBotanist/The_Eldritch_Botanist/EldritchBotanistGame/Content/_Sprites/SPRITE_singing2.uexp" 1381
"C:/Users/Will/Desktop/Work/CHICO/EldritchBotanist/The_Eldritch_Botanist/EldritchBotanistGame/Content/_Sprites/SPRITE_singing1.uasset" 1382
"C:/Users/Will/Desktop/Work/CHICO/EldritchBotanist/The_Eldritch_Botanist/EldritchBotanistGame/Content/_Sprites/SPRITE_singing1.uexp" 1383
"C:/Users/Will/Desktop/Work/CHICO/EldritchBotanist/The_Eldritch_Botanist/EldritchBotanistGame/Content/_Sprites/Flipbooks/PF_singing.uasset" 1384
"C:/Users/Will/Desktop/Work/CHICO/EldritchBotanist/The_Eldritch_Botanist/EldritchBotanistGame/Content/_Sprites/Flipbooks/PF_singing.uexp" 1385
"C:/Users/Will/Desktop/Work/CHICO/EldritchBotanist/The_Eldritch_Botanist/EldritchBotanistGame/Content/_Blueprints/Animations/SingingBells_Idle_Anim.uasset" 1386
"C:/Users/Will/Desktop/Work/CHICO/EldritchBotanist/The_Eldritch_Botanist/EldritchBotanistGame/Content/_Blueprints/Animations/SingingBells_Idle_Anim.m.ubulk" 1387
"C:/Users/Will/Desktop/Work/CHICO/EldritchBotanist/The_Eldritch_Botanist/EldritchBotanistGame/Content/_Blueprints/Animations/SingingBells_Idle_Anim.uexp" 1388
"C:/Users/Will/Desktop/Work/CHICO/EldritchBotanist/The_Eldritch_Botanist/EldritchBotanistGame/Content/_Audio/Plant_SFX/singingbells.ubulk" 1389
"C:/Users/Will/Desktop/Work/CHICO/EldritchBotanist/The_Eldritch_Botanist/EldritchBotanistGame/Content/_Audio/Plant_SFX/singingbells.uasset" 1390
"C:/Users/Will/Desktop/Work/CHICO/EldritchBotanist/The_Eldritch_Botanist/EldritchBotanistGame/Content/_Audio/Plant_SFX/singingbells.uexp" 1391
"C:/Users/Will/Desktop/Work/CHICO/EldritchBotanist/The_Eldritch_Botanist/EldritchBotanistGame/Content/_Blueprints/Character/Plants/BP_PlantSingingBells.uasset" 1392
"C:/Users/Will/Desktop/Work/CHICO/EldritchBotanist/The_Eldritch_Botanist/EldritchBotanistGame/Content/_Blueprints/Character/Plants/BP_PlantSingingBells.uexp" 1393
"C:/Users/Will/Desktop/Work/CHICO/EldritchBotanist/The_Eldritch_Botanist/EldritchBotanistGame/Content/_Blueprints/Character/Plants/BP_PlantSingingBells_Potted.uasset" 1394
"C:/Users/Will/Desktop/Work/CHICO/EldritchBotanist/The_Eldritch_Botanist/EldritchBotanistGame/Content/_Blueprints/Character/Plants/BP_PlantSingingBells_Potted.uexp" 1395
"C:/Users/Will/Desktop/Work/CHICO/EldritchBotanist/The_Eldritch_Botanist/EldritchBotanistGame/Content/_Blueprints/Rigs/EvilEyeRig__Skeleton.uasset" 1396
"C:/Users/Will/Desktop/Work/CHICO/EldritchBotanist/The_Eldritch_Botanist/EldritchBotanistGame/Content/_Blueprints/Rigs/EvilEyeRig__Skeleton.uexp" 1397
"C:/Users/Will/Desktop/Work/CHICO/EldritchBotanist/The_Eldritch_Botanist/EldritchBotanistGame/Content/_Blueprints/Rigs/EvilEyeRig_.uasset" 1398
"C:/Users/Will/Desktop/Work/CHICO/EldritchBotanist/The_Eldritch_Botanist/EldritchBotanistGame/Content/_Blueprints/Rigs/EvilEyeRig_.uexp" 1399
"C:/Users/Will/Desktop/Work/CHICO/EldritchBotanist/The_Eldritch_Botanist/EldritchBotanistGame/Content/_Images/SpriteSheets/Sprite_Sheet_Evil_Eye.uasset" 1400
"C:/Users/Will/Desktop/Work/CHICO/EldritchBotanist/The_Eldritch_Botanist/EldritchBotanistGame/Content/_Images/SpriteSheets/Sprite_Sheet_Evil_Eye.uexp" 1401
"C:/Users/Will/Desktop/Work/CHICO/EldritchBotanist/The_Eldritch_Botanist/EldritchBotanistGame/Content/_Sprites/SPRITE_EvilEye6.uasset" 1402
"C:/Users/Will/Desktop/Work/CHICO/EldritchBotanist/The_Eldritch_Botanist/EldritchBotanistGame/Content/_Sprites/SPRITE_EvilEye6.uexp" 1403
"C:/Users/Will/Desktop/Work/CHICO/EldritchBotanist/The_Eldritch_Botanist/EldritchBotanistGame/Content/_Sprites/SPRITE_EvilEye5.uasset" 1404
"C:/Users/Will/Desktop/Work/CHICO/EldritchBotanist/The_Eldritch_Botanist/EldritchBotanistGame/Content/_Sprites/SPRITE_EvilEye5.uexp" 1405
"C:/Users/Will/Desktop/Work/CHICO/EldritchBotanist/The_Eldritch_Botanist/EldritchBotanistGame/Content/_Sprites/SPRITE_EvilEye4.uasset" 1406
"C:/Users/Will/Desktop/Work/CHICO/EldritchBotanist/The_Eldritch_Botanist/EldritchBotanistGame/Content/_Sprites/SPRITE_EvilEye4.uexp" 1407
"C:/Users/Will/Desktop/Work/CHICO/EldritchBotanist/The_Eldritch_Botanist/EldritchBotanistGame/Content/_Sprites/SPRITE_EvilEye3.uasset" 1408
"C:/Users/Will/Desktop/Work/CHICO/EldritchBotanist/The_Eldritch_Botanist/EldritchBotanistGame/Content/_Sprites/SPRITE_EvilEye3.uexp" 1409
"C:/Users/Will/Desktop/Work/CHICO/EldritchBotanist/The_Eldritch_Botanist/EldritchBotanistGame/Content/_Sprites/SPRITE_EvilEye2.uasset" 1410
"C:/Users/Will/Desktop/Work/CHICO/EldritchBotanist/The_Eldritch_Botanist/EldritchBotanistGame/Content/_Sprites/SPRITE_EvilEye2.uexp" 1411
"C:/Users/Will/Desktop/Work/CHICO/EldritchBotanist/The_Eldritch_Botanist/EldritchBotanistGame/Content/_Sprites/SPRITE_EvilEye1.uasset" 1412
"C:/Users/Will/Desktop/Work/CHICO/EldritchBotanist/The_Eldritch_Botanist/EldritchBotanistGame/Content/_Sprites/SPRITE_EvilEye1.uexp" 1413
"C:/Users/Will/Desktop/Work/CHICO/EldritchBotanist/The_Eldritch_Botanist/EldritchBotanistGame/Content/_Sprites/Flipbooks/PF_EvilEye.uasset" 1414
"C:/Users/Will/Desktop/Work/CHICO/EldritchBotanist/The_Eldritch_Botanist/EldritchBotanistGame/Content/_Sprites/Flipbooks/PF_EvilEye.uexp" 1415
"C:/Users/Will/Desktop/Work/CHICO/EldritchBotanist/The_Eldritch_Botanist/EldritchBotanistGame/Content/_Materials/Textures/Plants/plant_evilEye_m_evilEye_OcclusionRoughnessMetallic.ubulk" 1416
"C:/Users/Will/Desktop/Work/CHICO/EldritchBotanist/The_Eldritch_Botanist/EldritchBotanistGame/Content/_Materials/Textures/Plants/plant_evilEye_m_evilEye_OcclusionRoughnessMetallic.uasset" 1417
"C:/Users/Will/Desktop/Work/CHICO/EldritchBotanist/The_Eldritch_Botanist/EldritchBotanistGame/Content/_Materials/Textures/Plants/plant_evilEye_m_evilEye_OcclusionRoughnessMetallic.uexp" 1418
"C:/Users/Will/Desktop/Work/CHICO/EldritchBotanist/The_Eldritch_Botanist/EldritchBotanistGame/Content/_Materials/Textures/Plants/plant_evilEye_m_evilEye_Normal.ubulk" 1419
"C:/Users/Will/Desktop/Work/CHICO/EldritchBotanist/The_Eldritch_Botanist/EldritchBotanistGame/Content/_Materials/Textures/Plants/plant_evilEye_m_evilEye_Normal.uasset" 1420
"C:/Users/Will/Desktop/Work/CHICO/EldritchBotanist/The_Eldritch_Botanist/EldritchBotanistGame/Content/_Materials/Textures/Plants/plant_evilEye_m_evilEye_Normal.uexp" 1421
"C:/Users/Will/Desktop/Work/CHICO/EldritchBotanist/The_Eldritch_Botanist/EldritchBotanistGame/Content/_Materials/Textures/Plants/plant_evilEye_m_evilEye_BaseColor.ubulk" 1422
"C:/Users/Will/Desktop/Work/CHICO/EldritchBotanist/The_Eldritch_Botanist/EldritchBotanistGame/Content/_Materials/Textures/Plants/plant_evilEye_m_evilEye_BaseColor.uasset" 1423
"C:/Users/Will/Desktop/Work/CHICO/EldritchBotanist/The_Eldritch_Botanist/EldritchBotanistGame/Content/_Materials/Textures/Plants/plant_evilEye_m_evilEye_BaseColor.uexp" 1424
"C:/Users/Will/Desktop/Work/CHICO/EldritchBotanist/The_Eldritch_Botanist/EldritchBotanistGame/Content/_Materials/m_evilEye.uasset" 1425
"C:/Users/Will/Desktop/Work/CHICO/EldritchBotanist/The_Eldritch_Botanist/EldritchBotanistGame/Content/_Materials/m_evilEye.uexp" 1426
"C:/Users/Will/Desktop/Work/CHICO/EldritchBotanist/The_Eldritch_Botanist/EldritchBotanistGame/Content/_Blueprints/Animations/EvilEye_Idle_Anim.uasset" 1427
"C:/Users/Will/Desktop/Work/CHICO/EldritchBotanist/The_Eldritch_Botanist/EldritchBotanistGame/Content/_Blueprints/Animations/EvilEye_Idle_Anim.m.ubulk" 1428
"C:/Users/Will/Desktop/Work/CHICO/EldritchBotanist/The_Eldritch_Botanist/EldritchBotanistGame/Content/_Blueprints/Animations/EvilEye_Idle_Anim.uexp" 1429
"C:/Users/Will/Desktop/Work/CHICO/EldritchBotanist/The_Eldritch_Botanist/EldritchBotanistGame/Content/_Audio/Plant_SFX/evileye_sound.ubulk" 1430
"C:/Users/Will/Desktop/Work/CHICO/EldritchBotanist/The_Eldritch_Botanist/EldritchBotanistGame/Content/_Audio/Plant_SFX/evileye_sound.uasset" 1431
"C:/Users/Will/Desktop/Work/CHICO/EldritchBotanist/The_Eldritch_Botanist/EldritchBotanistGame/Content/_Audio/Plant_SFX/evileye_sound.uexp" 1432
"C:/Users/Will/Desktop/Work/CHICO/EldritchBotanist/The_Eldritch_Botanist/EldritchBotanistGame/Content/_Blueprints/Character/Plants/BP_PlantEvilEye.uasset" 1433
"C:/Users/Will/Desktop/Work/CHICO/EldritchBotanist/The_Eldritch_Botanist/EldritchBotanistGame/Content/_Blueprints/Character/Plants/BP_PlantEvilEye.uexp" 1434
"C:/Users/Will/Desktop/Work/CHICO/EldritchBotanist/The_Eldritch_Botanist/EldritchBotanistGame/Content/_Blueprints/Character/Plants/BP_PlantEvilEye_Potted.uasset" 1435
"C:/Users/Will/Desktop/Work/CHICO/EldritchBotanist/The_Eldritch_Botanist/EldritchBotanistGame/Content/_Blueprints/Character/Plants/BP_PlantEvilEye_Potted.uexp" 1436
"C:/Users/Will/Desktop/Work/CHICO/EldritchBotanist/The_Eldritch_Botanist/EldritchBotanistGame/Content/_Blueprints/Rigs/m_clawPlant.uasset" 1437
"C:/Users/Will/Desktop/Work/CHICO/EldritchBotanist/The_Eldritch_Botanist/EldritchBotanistGame/Content/_Blueprints/Rigs/m_clawPlant.uexp" 1438
"C:/Users/Will/Desktop/Work/CHICO/EldritchBotanist/The_Eldritch_Botanist/EldritchBotanistGame/Content/_Blueprints/Rigs/Claw_Rig__Skeleton.uasset" 1439
"C:/Users/Will/Desktop/Work/CHICO/EldritchBotanist/The_Eldritch_Botanist/EldritchBotanistGame/Content/_Blueprints/Rigs/Claw_Rig__Skeleton.uexp" 1440
"C:/Users/Will/Desktop/Work/CHICO/EldritchBotanist/The_Eldritch_Botanist/EldritchBotanistGame/Content/_Blueprints/Rigs/Claw_Rig__PhysicsAsset.uasset" 1441
"C:/Users/Will/Desktop/Work/CHICO/EldritchBotanist/The_Eldritch_Botanist/EldritchBotanistGame/Content/_Blueprints/Rigs/Claw_Rig__PhysicsAsset.uexp" 1442
"C:/Users/Will/Desktop/Work/CHICO/EldritchBotanist/The_Eldritch_Botanist/EldritchBotanistGame/Content/_Blueprints/Rigs/Claw_Rig_.uasset" 1443
"C:/Users/Will/Desktop/Work/CHICO/EldritchBotanist/The_Eldritch_Botanist/EldritchBotanistGame/Content/_Blueprints/Rigs/Claw_Rig_.uexp" 1444
"C:/Users/Will/Desktop/Work/CHICO/EldritchBotanist/The_Eldritch_Botanist/EldritchBotanistGame/Content/_Materials/Textures/Plants/m_Plant_Claw_BaseColor.ubulk" 1445
"C:/Users/Will/Desktop/Work/CHICO/EldritchBotanist/The_Eldritch_Botanist/EldritchBotanistGame/Content/_Materials/Textures/Plants/m_Plant_Claw_BaseColor.uasset" 1446
"C:/Users/Will/Desktop/Work/CHICO/EldritchBotanist/The_Eldritch_Botanist/EldritchBotanistGame/Content/_Materials/Textures/Plants/m_Plant_Claw_BaseColor.uexp" 1447
"C:/Users/Will/Desktop/Work/CHICO/EldritchBotanist/The_Eldritch_Botanist/EldritchBotanistGame/Content/_Materials/Textures/Plants/m_Plant_Claw_Normal.ubulk" 1448
"C:/Users/Will/Desktop/Work/CHICO/EldritchBotanist/The_Eldritch_Botanist/EldritchBotanistGame/Content/_Materials/Textures/Plants/m_Plant_Claw_Normal.uasset" 1449
"C:/Users/Will/Desktop/Work/CHICO/EldritchBotanist/The_Eldritch_Botanist/EldritchBotanistGame/Content/_Materials/Textures/Plants/m_Plant_Claw_Normal.uexp" 1450
"C:/Users/Will/Desktop/Work/CHICO/EldritchBotanist/The_Eldritch_Botanist/EldritchBotanistGame/Content/_Materials/Textures/Plants/m_Plant_Claw_OcclusionRoughnessMetallic.ubulk" 1451
"C:/Users/Will/Desktop/Work/CHICO/EldritchBotanist/The_Eldritch_Botanist/EldritchBotanistGame/Content/_Materials/Textures/Plants/m_Plant_Claw_OcclusionRoughnessMetallic.uasset" 1452
"C:/Users/Will/Desktop/Work/CHICO/EldritchBotanist/The_Eldritch_Botanist/EldritchBotanistGame/Content/_Materials/Textures/Plants/m_Plant_Claw_OcclusionRoughnessMetallic.uexp" 1453
"C:/Users/Will/Desktop/Work/CHICO/EldritchBotanist/The_Eldritch_Botanist/EldritchBotanistGame/Content/_Materials/m_Claw.uasset" 1454
"C:/Users/Will/Desktop/Work/CHICO/EldritchBotanist/The_Eldritch_Botanist/EldritchBotanistGame/Content/_Materials/m_Claw.uexp" 1455
"C:/Users/Will/Desktop/Work/CHICO/EldritchBotanist/The_Eldritch_Botanist/EldritchBotanistGame/Content/_Blueprints/Rigs/ClawRig__Skeleton.uasset" 1456
"C:/Users/Will/Desktop/Work/CHICO/EldritchBotanist/The_Eldritch_Botanist/EldritchBotanistGame/Content/_Blueprints/Rigs/ClawRig__Skeleton.uexp" 1457
"C:/Users/Will/Desktop/Work/CHICO/EldritchBotanist/The_Eldritch_Botanist/EldritchBotanistGame/Content/_Blueprints/Animations/Claw_Idle_Anim.uasset" 1458
"C:/Users/Will/Desktop/Work/CHICO/EldritchBotanist/The_Eldritch_Botanist/EldritchBotanistGame/Content/_Blueprints/Animations/Claw_Idle_Anim.m.ubulk" 1459
"C:/Users/Will/Desktop/Work/CHICO/EldritchBotanist/The_Eldritch_Botanist/EldritchBotanistGame/Content/_Blueprints/Animations/Claw_Idle_Anim.uexp" 1460
"C:/Users/Will/Desktop/Work/CHICO/EldritchBotanist/The_Eldritch_Botanist/EldritchBotanistGame/Content/_Audio/Plant_SFX/claw_plant.ubulk" 1461
"C:/Users/Will/Desktop/Work/CHICO/EldritchBotanist/The_Eldritch_Botanist/EldritchBotanistGame/Content/_Audio/Plant_SFX/claw_plant.uasset" 1462
"C:/Users/Will/Desktop/Work/CHICO/EldritchBotanist/The_Eldritch_Botanist/EldritchBotanistGame/Content/_Audio/Plant_SFX/claw_plant.uexp" 1463
"C:/Users/Will/Desktop/Work/CHICO/EldritchBotanist/The_Eldritch_Botanist/EldritchBotanistGame/Content/_Blueprints/Character/Plants/BP_PlantClaw.uasset" 1464
"C:/Users/Will/Desktop/Work/CHICO/EldritchBotanist/The_Eldritch_Botanist/EldritchBotanistGame/Content/_Blueprints/Character/Plants/BP_PlantClaw.uexp" 1465
"C:/Users/Will/Desktop/Work/CHICO/EldritchBotanist/The_Eldritch_Botanist/EldritchBotanistGame/Content/_Blueprints/Rigs/BladeRig__Skeleton.uasset" 1466
"C:/Users/Will/Desktop/Work/CHICO/EldritchBotanist/The_Eldritch_Botanist/EldritchBotanistGame/Content/_Blueprints/Rigs/BladeRig__Skeleton.uexp" 1467
"C:/Users/Will/Desktop/Work/CHICO/EldritchBotanist/The_Eldritch_Botanist/EldritchBotanistGame/Content/_Blueprints/Rigs/BladeRig__PhysicsAsset.uasset" 1468
"C:/Users/Will/Desktop/Work/CHICO/EldritchBotanist/The_Eldritch_Botanist/EldritchBotanistGame/Content/_Blueprints/Rigs/BladeRig__PhysicsAsset.uexp" 1469
"C:/Users/Will/Desktop/Work/CHICO/EldritchBotanist/The_Eldritch_Botanist/EldritchBotanistGame/Content/_Blueprints/Rigs/BladeRig_.uasset" 1470
"C:/Users/Will/Desktop/Work/CHICO/EldritchBotanist/The_Eldritch_Botanist/EldritchBotanistGame/Content/_Blueprints/Rigs/BladeRig_.uexp" 1471
"C:/Users/Will/Desktop/Work/CHICO/EldritchBotanist/The_Eldritch_Botanist/EldritchBotanistGame/Content/_Materials/Textures/Plants/Plants_BladePlant_m_plants_BladePlant_BaseColor.ubulk" 1472
"C:/Users/Will/Desktop/Work/CHICO/EldritchBotanist/The_Eldritch_Botanist/EldritchBotanistGame/Content/_Materials/Textures/Plants/Plants_BladePlant_m_plants_BladePlant_BaseColor.uasset" 1473
"C:/Users/Will/Desktop/Work/CHICO/EldritchBotanist/The_Eldritch_Botanist/EldritchBotanistGame/Content/_Materials/Textures/Plants/Plants_BladePlant_m_plants_BladePlant_BaseColor.uexp" 1474
"C:/Users/Will/Desktop/Work/CHICO/EldritchBotanist/The_Eldritch_Botanist/EldritchBotanistGame/Content/_Materials/Textures/Plants/Plants_BladePlant_m_plants_BladePlant_Normal.ubulk" 1475
"C:/Users/Will/Desktop/Work/CHICO/EldritchBotanist/The_Eldritch_Botanist/EldritchBotanistGame/Content/_Materials/Textures/Plants/Plants_BladePlant_m_plants_BladePlant_Normal.uasset" 1476
"C:/Users/Will/Desktop/Work/CHICO/EldritchBotanist/The_Eldritch_Botanist/EldritchBotanistGame/Content/_Materials/Textures/Plants/Plants_BladePlant_m_plants_BladePlant_Normal.uexp" 1477
"C:/Users/Will/Desktop/Work/CHICO/EldritchBotanist/The_Eldritch_Botanist/EldritchBotanistGame/Content/_Materials/Textures/Plants/Plants_BladePlant_m_plants_BladePlant_OcclusionRoughnessMetallic.ubulk" 1478
"C:/Users/Will/Desktop/Work/CHICO/EldritchBotanist/The_Eldritch_Botanist/EldritchBotanistGame/Content/_Materials/Textures/Plants/Plants_BladePlant_m_plants_BladePlant_OcclusionRoughnessMetallic.uasset" 1479
"C:/Users/Will/Desktop/Work/CHICO/EldritchBotanist/The_Eldritch_Botanist/EldritchBotanistGame/Content/_Materials/Textures/Plants/Plants_BladePlant_m_plants_BladePlant_OcclusionRoughnessMetallic.uexp" 1480
"C:/Users/Will/Desktop/Work/CHICO/EldritchBotanist/The_Eldritch_Botanist/EldritchBotanistGame/Content/_Materials/m_Blade.uasset" 1481
"C:/Users/Will/Desktop/Work/CHICO/EldritchBotanist/The_Eldritch_Botanist/EldritchBotanistGame/Content/_Materials/m_Blade.uexp" 1482
"C:/Users/Will/Desktop/Work/CHICO/EldritchBotanist/The_Eldritch_Botanist/EldritchBotanistGame/Content/_Blueprints/Animations/Blade_Idle_Anim.uasset" 1483
"C:/Users/Will/Desktop/Work/CHICO/EldritchBotanist/The_Eldritch_Botanist/EldritchBotanistGame/Content/_Blueprints/Animations/Blade_Idle_Anim.m.ubulk" 1484
"C:/Users/Will/Desktop/Work/CHICO/EldritchBotanist/The_Eldritch_Botanist/EldritchBotanistGame/Content/_Blueprints/Animations/Blade_Idle_Anim.uexp" 1485
"C:/Users/Will/Desktop/Work/CHICO/EldritchBotanist/The_Eldritch_Botanist/EldritchBotanistGame/Content/_Audio/Plant_SFX/blade_plant.ubulk" 1486
"C:/Users/Will/Desktop/Work/CHICO/EldritchBotanist/The_Eldritch_Botanist/EldritchBotanistGame/Content/_Audio/Plant_SFX/blade_plant.uasset" 1487
"C:/Users/Will/Desktop/Work/CHICO/EldritchBotanist/The_Eldritch_Botanist/EldritchBotanistGame/Content/_Audio/Plant_SFX/blade_plant.uexp" 1488
"C:/Users/Will/Desktop/Work/CHICO/EldritchBotanist/The_Eldritch_Botanist/EldritchBotanistGame/Content/_Blueprints/Character/Plants/BP_PlantBlade.uasset" 1489
"C:/Users/Will/Desktop/Work/CHICO/EldritchBotanist/The_Eldritch_Botanist/EldritchBotanistGame/Content/_Blueprints/Character/Plants/BP_PlantBlade.uexp" 1490
"C:/Users/Will/Desktop/Work/CHICO/EldritchBotanist/The_Eldritch_Botanist/EldritchBotanistGame/Content/_Blueprints/Character/Plants/BP_PlantClaw_Potted.uasset" 1491
"C:/Users/Will/Desktop/Work/CHICO/EldritchBotanist/The_Eldritch_Botanist/EldritchBotanistGame/Content/_Blueprints/Character/Plants/BP_PlantClaw_Potted.uexp" 1492
"C:/Users/Will/Desktop/Work/CHICO/EldritchBotanist/The_Eldritch_Botanist/EldritchBotanistGame/Content/_Blueprints/Character/Plants/BP_PlantBlade_Potted.uasset" 1493
"C:/Users/Will/Desktop/Work/CHICO/EldritchBotanist/The_Eldritch_Botanist/EldritchBotanistGame/Content/_Blueprints/Character/Plants/BP_PlantBlade_Potted.uexp" 1494
"C:/Users/Will/Desktop/Work/CHICO/EldritchBotanist/The_Eldritch_Botanist/EldritchBotanistGame/Content/_Blueprints/Data/DT_ItemRegistry.uasset" 1495
"C:/Users/Will/Desktop/Work/CHICO/EldritchBotanist/The_Eldritch_Botanist/EldritchBotanistGame/Content/_Blueprints/Data/DT_ItemRegistry.uexp" 1496
"../../../Engine/Content/EditorResources/Spawn_Point.ubulk" 1497
"../../../Engine/Content/EditorResources/Spawn_Point.uasset" 1498
"../../../Engine/Content/EditorResources/Spawn_Point.uexp" 1499
"../../../Engine/Content/BasicShapes/Cylinder.ubulk" 1500
"../../../Engine/Content/BasicShapes/Cylinder.uasset" 1501
"../../../Engine/Content/BasicShapes/Cylinder.uexp" 1502
"../../../Engine/Plugins/FX/Niagara/Content/DefaultAssets/DefaultSpriteMaterial.uasset" 1503
"../../../Engine/Plugins/FX/Niagara/Content/DefaultAssets/DefaultSpriteMaterial.uexp" 1504
"C:/Users/Will/Desktop/Work/CHICO/EldritchBotanist/The_Eldritch_Botanist/EldritchBotanistGame/Content/LevelPrototyping/Interactable/JumpPad/Assets/Materials/M_SimpleGlow.uasset" 1505
"C:/Users/Will/Desktop/Work/CHICO/EldritchBotanist/The_Eldritch_Botanist/EldritchBotanistGame/Content/LevelPrototyping/Interactable/JumpPad/Assets/Materials/M_SimpleGlow.uexp" 1506
"C:/Users/Will/Desktop/Work/CHICO/EldritchBotanist/The_Eldritch_Botanist/EldritchBotanistGame/Content/_Images/UI_Images/PillShape_VFX.uasset" 1507
"C:/Users/Will/Desktop/Work/CHICO/EldritchBotanist/The_Eldritch_Botanist/EldritchBotanistGame/Content/_Images/UI_Images/PillShape_VFX.uexp" 1508
"C:/Users/Will/Desktop/Work/CHICO/EldritchBotanist/The_Eldritch_Botanist/EldritchBotanistGame/Content/_Materials/M_VFXCylinder.uasset" 1509
"C:/Users/Will/Desktop/Work/CHICO/EldritchBotanist/The_Eldritch_Botanist/EldritchBotanistGame/Content/_Materials/M_VFXCylinder.uexp" 1510
"C:/Users/Will/Desktop/Work/CHICO/EldritchBotanist/The_Eldritch_Botanist/EldritchBotanistGame/Content/_VFX/PulseGlow/VFX_EnemySpawnGlow.uasset" 1511
"C:/Users/Will/Desktop/Work/CHICO/EldritchBotanist/The_Eldritch_Botanist/EldritchBotanistGame/Content/_VFX/PulseGlow/VFX_EnemySpawnGlow.uexp" 1512
"C:/Users/Will/Desktop/Work/CHICO/EldritchBotanist/The_Eldritch_Botanist/EldritchBotanistGame/Content/_Blueprints/Character/Spawners/BP_EnemySpawner.uasset" 1513
"C:/Users/Will/Desktop/Work/CHICO/EldritchBotanist/The_Eldritch_Botanist/EldritchBotanistGame/Content/_Blueprints/Character/Spawners/BP_EnemySpawner.uexp" 1514
"C:/Users/Will/Desktop/Work/CHICO/EldritchBotanist/The_Eldritch_Botanist/EldritchBotanistGame/Content/_Materials/Textures/House/Building_House_House_base1_OcclusionRoughnessMetallic.ubulk" 1515
"C:/Users/Will/Desktop/Work/CHICO/EldritchBotanist/The_Eldritch_Botanist/EldritchBotanistGame/Content/_Materials/Textures/House/Building_House_House_base1_OcclusionRoughnessMetallic.uasset" 1516
"C:/Users/Will/Desktop/Work/CHICO/EldritchBotanist/The_Eldritch_Botanist/EldritchBotanistGame/Content/_Materials/Textures/House/Building_House_House_base1_OcclusionRoughnessMetallic.uexp" 1517
"C:/Users/Will/Desktop/Work/CHICO/EldritchBotanist/The_Eldritch_Botanist/EldritchBotanistGame/Content/_Materials/Textures/House/Building_House_House_base1_Normal.ubulk" 1518
"C:/Users/Will/Desktop/Work/CHICO/EldritchBotanist/The_Eldritch_Botanist/EldritchBotanistGame/Content/_Materials/Textures/House/Building_House_House_base1_Normal.uasset" 1519
"C:/Users/Will/Desktop/Work/CHICO/EldritchBotanist/The_Eldritch_Botanist/EldritchBotanistGame/Content/_Materials/Textures/House/Building_House_House_base1_Normal.uexp" 1520
"C:/Users/Will/Desktop/Work/CHICO/EldritchBotanist/The_Eldritch_Botanist/EldritchBotanistGame/Content/_Materials/Textures/House/Building_House_House_base1_BaseColor.ubulk" 1521
"C:/Users/Will/Desktop/Work/CHICO/EldritchBotanist/The_Eldritch_Botanist/EldritchBotanistGame/Content/_Materials/Textures/House/Building_House_House_base1_BaseColor.uasset" 1522
"C:/Users/Will/Desktop/Work/CHICO/EldritchBotanist/The_Eldritch_Botanist/EldritchBotanistGame/Content/_Materials/Textures/House/Building_House_House_base1_BaseColor.uexp" 1523
"C:/Users/Will/Desktop/Work/CHICO/EldritchBotanist/The_Eldritch_Botanist/EldritchBotanistGame/Content/_Blueprints/CameraHouse/House_Model/House_Platform_mat.uasset" 1524
"C:/Users/Will/Desktop/Work/CHICO/EldritchBotanist/The_Eldritch_Botanist/EldritchBotanistGame/Content/_Blueprints/CameraHouse/House_Model/House_Platform_mat.uexp" 1525
"C:/Users/Will/Desktop/Work/CHICO/EldritchBotanist/The_Eldritch_Botanist/EldritchBotanistGame/Content/_Materials/Textures/House/Building_House_House_Main_mat_OcclusionRoughnessMetallic.ubulk" 1526
"C:/Users/Will/Desktop/Work/CHICO/EldritchBotanist/The_Eldritch_Botanist/EldritchBotanistGame/Content/_Materials/Textures/House/Building_House_House_Main_mat_OcclusionRoughnessMetallic.uasset" 1527
"C:/Users/Will/Desktop/Work/CHICO/EldritchBotanist/The_Eldritch_Botanist/EldritchBotanistGame/Content/_Materials/Textures/House/Building_House_House_Main_mat_OcclusionRoughnessMetallic.uexp" 1528
"C:/Users/Will/Desktop/Work/CHICO/EldritchBotanist/The_Eldritch_Botanist/EldritchBotanistGame/Content/_Materials/Textures/House/Building_House_House_Main_mat_Normal.ubulk" 1529
"C:/Users/Will/Desktop/Work/CHICO/EldritchBotanist/The_Eldritch_Botanist/EldritchBotanistGame/Content/_Materials/Textures/House/Building_House_House_Main_mat_Normal.uasset" 1530
"C:/Users/Will/Desktop/Work/CHICO/EldritchBotanist/The_Eldritch_Botanist/EldritchBotanistGame/Content/_Materials/Textures/House/Building_House_House_Main_mat_Normal.uexp" 1531
"C:/Users/Will/Desktop/Work/CHICO/EldritchBotanist/The_Eldritch_Botanist/EldritchBotanistGame/Content/_Materials/Textures/House/Building_House_House_Main_mat_Emissive.ubulk" 1532
"C:/Users/Will/Desktop/Work/CHICO/EldritchBotanist/The_Eldritch_Botanist/EldritchBotanistGame/Content/_Materials/Textures/House/Building_House_House_Main_mat_Emissive.uasset" 1533
"C:/Users/Will/Desktop/Work/CHICO/EldritchBotanist/The_Eldritch_Botanist/EldritchBotanistGame/Content/_Materials/Textures/House/Building_House_House_Main_mat_Emissive.uexp" 1534
"C:/Users/Will/Desktop/Work/CHICO/EldritchBotanist/The_Eldritch_Botanist/EldritchBotanistGame/Content/_Materials/Textures/House/Building_House_House_Main_mat_BaseColor.ubulk" 1535
"C:/Users/Will/Desktop/Work/CHICO/EldritchBotanist/The_Eldritch_Botanist/EldritchBotanistGame/Content/_Materials/Textures/House/Building_House_House_Main_mat_BaseColor.uasset" 1536
"C:/Users/Will/Desktop/Work/CHICO/EldritchBotanist/The_Eldritch_Botanist/EldritchBotanistGame/Content/_Materials/Textures/House/Building_House_House_Main_mat_BaseColor.uexp" 1537
"C:/Users/Will/Desktop/Work/CHICO/EldritchBotanist/The_Eldritch_Botanist/EldritchBotanistGame/Content/_Blueprints/CameraHouse/House_Model/House_Main_mat.uasset" 1538
"C:/Users/Will/Desktop/Work/CHICO/EldritchBotanist/The_Eldritch_Botanist/EldritchBotanistGame/Content/_Blueprints/CameraHouse/House_Model/House_Main_mat.uexp" 1539
"C:/Users/Will/Desktop/Work/CHICO/EldritchBotanist/The_Eldritch_Botanist/EldritchBotanistGame/Content/_Materials/Textures/House/Building_House_Greenhouse_mat_OcclusionRoughnessMetallic.ubulk" 1540
"C:/Users/Will/Desktop/Work/CHICO/EldritchBotanist/The_Eldritch_Botanist/EldritchBotanistGame/Content/_Materials/Textures/House/Building_House_Greenhouse_mat_OcclusionRoughnessMetallic.uasset" 1541
"C:/Users/Will/Desktop/Work/CHICO/EldritchBotanist/The_Eldritch_Botanist/EldritchBotanistGame/Content/_Materials/Textures/House/Building_House_Greenhouse_mat_OcclusionRoughnessMetallic.uexp" 1542
"C:/Users/Will/Desktop/Work/CHICO/EldritchBotanist/The_Eldritch_Botanist/EldritchBotanistGame/Content/_Materials/Textures/House/Building_House_Greenhouse_mat_Normal.ubulk" 1543
"C:/Users/Will/Desktop/Work/CHICO/EldritchBotanist/The_Eldritch_Botanist/EldritchBotanistGame/Content/_Materials/Textures/House/Building_House_Greenhouse_mat_Normal.uasset" 1544
"C:/Users/Will/Desktop/Work/CHICO/EldritchBotanist/The_Eldritch_Botanist/EldritchBotanistGame/Content/_Materials/Textures/House/Building_House_Greenhouse_mat_Normal.uexp" 1545
"C:/Users/Will/Desktop/Work/CHICO/EldritchBotanist/The_Eldritch_Botanist/EldritchBotanistGame/Content/_Materials/Textures/House/Building_House_Greenhouse_mat_Emissive.ubulk" 1546
"C:/Users/Will/Desktop/Work/CHICO/EldritchBotanist/The_Eldritch_Botanist/EldritchBotanistGame/Content/_Materials/Textures/House/Building_House_Greenhouse_mat_Emissive.uasset" 1547
"C:/Users/Will/Desktop/Work/CHICO/EldritchBotanist/The_Eldritch_Botanist/EldritchBotanistGame/Content/_Materials/Textures/House/Building_House_Greenhouse_mat_Emissive.uexp" 1548
"C:/Users/Will/Desktop/Work/CHICO/EldritchBotanist/The_Eldritch_Botanist/EldritchBotanistGame/Content/_Materials/Textures/House/Building_House_Greenhouse_mat_BaseColor.ubulk" 1549
"C:/Users/Will/Desktop/Work/CHICO/EldritchBotanist/The_Eldritch_Botanist/EldritchBotanistGame/Content/_Materials/Textures/House/Building_House_Greenhouse_mat_BaseColor.uasset" 1550
"C:/Users/Will/Desktop/Work/CHICO/EldritchBotanist/The_Eldritch_Botanist/EldritchBotanistGame/Content/_Materials/Textures/House/Building_House_Greenhouse_mat_BaseColor.uexp" 1551
"C:/Users/Will/Desktop/Work/CHICO/EldritchBotanist/The_Eldritch_Botanist/EldritchBotanistGame/Content/_Blueprints/CameraHouse/House_Model/Greenhouse_mat.uasset" 1552
"C:/Users/Will/Desktop/Work/CHICO/EldritchBotanist/The_Eldritch_Botanist/EldritchBotanistGame/Content/_Blueprints/CameraHouse/House_Model/Greenhouse_mat.uexp" 1553
"C:/Users/Will/Desktop/Work/CHICO/EldritchBotanist/The_Eldritch_Botanist/EldritchBotanistGame/Content/_Blueprints/CameraHouse/House_Model/Building_House.ubulk" 1554
"C:/Users/Will/Desktop/Work/CHICO/EldritchBotanist/The_Eldritch_Botanist/EldritchBotanistGame/Content/_Blueprints/CameraHouse/House_Model/Building_House.uasset" 1555
"C:/Users/Will/Desktop/Work/CHICO/EldritchBotanist/The_Eldritch_Botanist/EldritchBotanistGame/Content/_Blueprints/CameraHouse/House_Model/Building_House.uexp" 1556
"C:/Users/Will/Desktop/Work/CHICO/EldritchBotanist/The_Eldritch_Botanist/EldritchBotanistGame/Content/_Blueprints/CameraHouse/BP_HousePrefab.uasset" 1557
"C:/Users/Will/Desktop/Work/CHICO/EldritchBotanist/The_Eldritch_Botanist/EldritchBotanistGame/Content/_Blueprints/CameraHouse/BP_HousePrefab.uexp" 1558
"../../../Engine/Content/EngineFonts/Faces/RobotoBold.uexp" 1559
"../../../Engine/Content/EngineFonts/Faces/RobotoBold.uasset" 1560
"../../../Engine/Content/EngineFonts/Faces/RobotoBold.ufont" 1561
"../../../Engine/Content/EngineFonts/Faces/RobotoBoldItalic.uexp" 1562
"../../../Engine/Content/EngineFonts/Faces/RobotoBoldItalic.uasset" 1563
"../../../Engine/Content/EngineFonts/Faces/RobotoBoldItalic.ufont" 1564
"../../../Engine/Content/EngineFonts/Faces/RobotoItalic.uexp" 1565
"../../../Engine/Content/EngineFonts/Faces/RobotoItalic.uasset" 1566
"../../../Engine/Content/EngineFonts/Faces/RobotoItalic.ufont" 1567
"../../../Engine/Content/EngineFonts/Faces/RobotoLight.uexp" 1568
"../../../Engine/Content/EngineFonts/Faces/RobotoLight.uasset" 1569
"../../../Engine/Content/EngineFonts/Faces/RobotoLight.ufont" 1570
"../../../Engine/Content/EngineFonts/Faces/RobotoRegular.uexp" 1571
"../../../Engine/Content/EngineFonts/Faces/RobotoRegular.uasset" 1572
"../../../Engine/Content/EngineFonts/Faces/RobotoRegular.ufont" 1573
"../../../Engine/Content/EngineFonts/Roboto.uasset" 1574
"../../../Engine/Content/EngineFonts/Roboto.uexp" 1575
"C:/Users/Will/Desktop/Work/CHICO/EldritchBotanist/The_Eldritch_Botanist/EldritchBotanistGame/Content/_Images/UI_Images/GreenhouseVertical.uasset" 1576
"C:/Users/Will/Desktop/Work/CHICO/EldritchBotanist/The_Eldritch_Botanist/EldritchBotanistGame/Content/_Images/UI_Images/GreenhouseVertical.uexp" 1577
"C:/Users/Will/Desktop/Work/CHICO/EldritchBotanist/The_Eldritch_Botanist/EldritchBotanistGame/Content/_Images/UI_Images/Gear_Icon.uasset" 1578
"C:/Users/Will/Desktop/Work/CHICO/EldritchBotanist/The_Eldritch_Botanist/EldritchBotanistGame/Content/_Images/UI_Images/Gear_Icon.uexp" 1579
"C:/Users/Will/Desktop/Work/CHICO/EldritchBotanist/The_Eldritch_Botanist/EldritchBotanistGame/Content/_Images/UI_Images/DropShadow.uasset" 1580
"C:/Users/Will/Desktop/Work/CHICO/EldritchBotanist/The_Eldritch_Botanist/EldritchBotanistGame/Content/_Images/UI_Images/DropShadow.uexp" 1581
"C:/Users/Will/Desktop/Work/CHICO/EldritchBotanist/The_Eldritch_Botanist/EldritchBotanistGame/Content/_Blueprints/UI/NightUI/UMG_GreenhouseItemNight.uasset" 1582
"C:/Users/Will/Desktop/Work/CHICO/EldritchBotanist/The_Eldritch_Botanist/EldritchBotanistGame/Content/_Blueprints/UI/NightUI/UMG_GreenhouseItemNight.uexp" 1583
"C:/Users/Will/Desktop/Work/CHICO/EldritchBotanist/The_Eldritch_Botanist/EldritchBotanistGame/Content/_Blueprints/Data/STR_StatItem.uasset" 1584
"C:/Users/Will/Desktop/Work/CHICO/EldritchBotanist/The_Eldritch_Botanist/EldritchBotanistGame/Content/_Blueprints/Data/STR_StatItem.uexp" 1585
"C:/Users/Will/Desktop/Work/CHICO/EldritchBotanist/The_Eldritch_Botanist/EldritchBotanistGame/Content/_Blueprints/Data/E_Discovery.uasset" 1586
"C:/Users/Will/Desktop/Work/CHICO/EldritchBotanist/The_Eldritch_Botanist/EldritchBotanistGame/Content/_Blueprints/Data/E_Discovery.uexp" 1587
"C:/Users/Will/Desktop/Work/CHICO/EldritchBotanist/The_Eldritch_Botanist/EldritchBotanistGame/Content/_Blueprints/Data/DT_StatsByPlayerLevel.uasset" 1588
"C:/Users/Will/Desktop/Work/CHICO/EldritchBotanist/The_Eldritch_Botanist/EldritchBotanistGame/Content/_Blueprints/Data/DT_StatsByPlayerLevel.uexp" 1589
"C:/Users/Will/Desktop/Work/CHICO/EldritchBotanist/The_Eldritch_Botanist/EldritchBotanistGame/Content/_Blueprints/InstanceAndSave/BP_SaveGame.uasset" 1590
"C:/Users/Will/Desktop/Work/CHICO/EldritchBotanist/The_Eldritch_Botanist/EldritchBotanistGame/Content/_Blueprints/InstanceAndSave/BP_SaveGame.uexp" 1591
"C:/Users/Will/Desktop/Work/CHICO/EldritchBotanist/The_Eldritch_Botanist/EldritchBotanistGame/Content/_Audio/Music/TitleScreenMusic.ubulk" 1592
"C:/Users/Will/Desktop/Work/CHICO/EldritchBotanist/The_Eldritch_Botanist/EldritchBotanistGame/Content/_Audio/Music/TitleScreenMusic.uasset" 1593
"C:/Users/Will/Desktop/Work/CHICO/EldritchBotanist/The_Eldritch_Botanist/EldritchBotanistGame/Content/_Audio/Music/TitleScreenMusic.uexp" 1594
"C:/Users/Will/Desktop/Work/CHICO/EldritchBotanist/The_Eldritch_Botanist/EldritchBotanistGame/Content/_Audio/Music/battlemusic.ubulk" 1595
"C:/Users/Will/Desktop/Work/CHICO/EldritchBotanist/The_Eldritch_Botanist/EldritchBotanistGame/Content/_Audio/Music/battlemusic.uasset" 1596
"C:/Users/Will/Desktop/Work/CHICO/EldritchBotanist/The_Eldritch_Botanist/EldritchBotanistGame/Content/_Audio/Music/battlemusic.uexp" 1597
"C:/Users/Will/Desktop/Work/CHICO/EldritchBotanist/The_Eldritch_Botanist/EldritchBotanistGame/Content/_Blueprints/InstanceAndSave/BP_TEBGameInstance.uasset" 1598
"C:/Users/Will/Desktop/Work/CHICO/EldritchBotanist/The_Eldritch_Botanist/EldritchBotanistGame/Content/_Blueprints/InstanceAndSave/BP_TEBGameInstance.uexp" 1599
"C:/Users/Will/Desktop/Work/CHICO/EldritchBotanist/The_Eldritch_Botanist/EldritchBotanistGame/Content/_Images/UI_Images/PopupBG.uasset" 1600
"C:/Users/Will/Desktop/Work/CHICO/EldritchBotanist/The_Eldritch_Botanist/EldritchBotanistGame/Content/_Images/UI_Images/PopupBG.uexp" 1601
"C:/Users/Will/Desktop/Work/CHICO/EldritchBotanist/The_Eldritch_Botanist/EldritchBotanistGame/Content/_Images/UI_Images/PlantsPatternButton.uasset" 1602
"C:/Users/Will/Desktop/Work/CHICO/EldritchBotanist/The_Eldritch_Botanist/EldritchBotanistGame/Content/_Images/UI_Images/PlantsPatternButton.uexp" 1603
"C:/Users/Will/Desktop/Work/CHICO/EldritchBotanist/The_Eldritch_Botanist/EldritchBotanistGame/Content/Input/Actions/IA_Move.uasset" 1604
"C:/Users/Will/Desktop/Work/CHICO/EldritchBotanist/The_Eldritch_Botanist/EldritchBotanistGame/Content/Input/Actions/IA_Move.uexp" 1605
"C:/Users/Will/Desktop/Work/CHICO/EldritchBotanist/The_Eldritch_Botanist/EldritchBotanistGame/Content/Input/IMC_Default.uasset" 1606
"C:/Users/Will/Desktop/Work/CHICO/EldritchBotanist/The_Eldritch_Botanist/EldritchBotanistGame/Content/Input/IMC_Default.uexp" 1607
"C:/Users/Will/Desktop/Work/CHICO/EldritchBotanist/The_Eldritch_Botanist/EldritchBotanistGame/Content/Input/Actions/IA_TouchDrag.uasset" 1608
"C:/Users/Will/Desktop/Work/CHICO/EldritchBotanist/The_Eldritch_Botanist/EldritchBotanistGame/Content/Input/Actions/IA_TouchDrag.uexp" 1609
"C:/Users/Will/Desktop/Work/CHICO/EldritchBotanist/The_Eldritch_Botanist/EldritchBotanistGame/Content/Input/IMC_NightControls.uasset" 1610
"C:/Users/Will/Desktop/Work/CHICO/EldritchBotanist/The_Eldritch_Botanist/EldritchBotanistGame/Content/Input/IMC_NightControls.uexp" 1611
"C:/Users/Will/Desktop/Work/CHICO/EldritchBotanist/The_Eldritch_Botanist/EldritchBotanistGame/Content/_Blueprints/CameraHouse/BP_CameraBounds.uasset" 1612
"C:/Users/Will/Desktop/Work/CHICO/EldritchBotanist/The_Eldritch_Botanist/EldritchBotanistGame/Content/_Blueprints/CameraHouse/BP_CameraBounds.uexp" 1613
"C:/Users/Will/Desktop/Work/CHICO/EldritchBotanist/The_Eldritch_Botanist/EldritchBotanistGame/Content/_Blueprints/CameraHouse/BP_TDCamera.uasset" 1614
"C:/Users/Will/Desktop/Work/CHICO/EldritchBotanist/The_Eldritch_Botanist/EldritchBotanistGame/Content/_Blueprints/CameraHouse/BP_TDCamera.uexp" 1615
"C:/Users/Will/Desktop/Work/CHICO/EldritchBotanist/The_Eldritch_Botanist/EldritchBotanistGame/Content/_Blueprints/UI/TutorialUI/WBP_NightTutorialPopup.uasset" 1616
"C:/Users/Will/Desktop/Work/CHICO/EldritchBotanist/The_Eldritch_Botanist/EldritchBotanistGame/Content/_Blueprints/UI/TutorialUI/WBP_NightTutorialPopup.uexp" 1617
"C:/Users/Will/Desktop/Work/CHICO/EldritchBotanist/The_Eldritch_Botanist/EldritchBotanistGame/Content/_Audio/Other_buttons_SFX/game_menu_buttons_quit_unpause_mainmenu.ubulk" 1618
"C:/Users/Will/Desktop/Work/CHICO/EldritchBotanist/The_Eldritch_Botanist/EldritchBotanistGame/Content/_Audio/Other_buttons_SFX/game_menu_buttons_quit_unpause_mainmenu.uasset" 1619
"C:/Users/Will/Desktop/Work/CHICO/EldritchBotanist/The_Eldritch_Botanist/EldritchBotanistGame/Content/_Audio/Other_buttons_SFX/game_menu_buttons_quit_unpause_mainmenu.uexp" 1620
"C:/Users/Will/Desktop/Work/CHICO/EldritchBotanist/The_Eldritch_Botanist/EldritchBotanistGame/Content/_Audio/Click_Basic.ubulk" 1621
"C:/Users/Will/Desktop/Work/CHICO/EldritchBotanist/The_Eldritch_Botanist/EldritchBotanistGame/Content/_Audio/Click_Basic.uasset" 1622
"C:/Users/Will/Desktop/Work/CHICO/EldritchBotanist/The_Eldritch_Botanist/EldritchBotanistGame/Content/_Audio/Click_Basic.uexp" 1623
"C:/Users/Will/Desktop/Work/CHICO/EldritchBotanist/The_Eldritch_Botanist/EldritchBotanistGame/Content/_Blueprints/UI/MenusUI/WBP_OptionsMenu.uasset" 1624
"C:/Users/Will/Desktop/Work/CHICO/EldritchBotanist/The_Eldritch_Botanist/EldritchBotanistGame/Content/_Blueprints/UI/MenusUI/WBP_OptionsMenu.uexp" 1625
"C:/Users/Will/Desktop/Work/CHICO/EldritchBotanist/The_Eldritch_Botanist/EldritchBotanistGame/Content/_Audio/Other_buttons_SFX/game_menu_open.ubulk" 1626
"C:/Users/Will/Desktop/Work/CHICO/EldritchBotanist/The_Eldritch_Botanist/EldritchBotanistGame/Content/_Audio/Other_buttons_SFX/game_menu_open.uasset" 1627
"C:/Users/Will/Desktop/Work/CHICO/EldritchBotanist/The_Eldritch_Botanist/EldritchBotanistGame/Content/_Audio/Other_buttons_SFX/game_menu_open.uexp" 1628
"C:/Users/Will/Desktop/Work/CHICO/EldritchBotanist/The_Eldritch_Botanist/EldritchBotanistGame/Content/_Blueprints/UI/MenusUI/WBP_PauseMenu.uasset" 1629
"C:/Users/Will/Desktop/Work/CHICO/EldritchBotanist/The_Eldritch_Botanist/EldritchBotanistGame/Content/_Blueprints/UI/MenusUI/WBP_PauseMenu.uexp" 1630
"C:/Users/Will/Desktop/Work/CHICO/EldritchBotanist/The_Eldritch_Botanist/EldritchBotanistGame/Content/_Blueprints/UI/NightUI/UMG_Greenhouse_Night.uasset" 1631
"C:/Users/Will/Desktop/Work/CHICO/EldritchBotanist/The_Eldritch_Botanist/EldritchBotanistGame/Content/_Blueprints/UI/NightUI/UMG_Greenhouse_Night.uexp" 1632
"C:/Users/Will/Desktop/Work/CHICO/EldritchBotanist/The_Eldritch_Botanist/EldritchBotanistGame/Content/_Blueprints/UI/NightUI/WBP_WaveTimer.uasset" 1633
"C:/Users/Will/Desktop/Work/CHICO/EldritchBotanist/The_Eldritch_Botanist/EldritchBotanistGame/Content/_Blueprints/UI/NightUI/WBP_WaveTimer.uexp" 1634
"C:/Users/Will/Desktop/Work/CHICO/EldritchBotanist/The_Eldritch_Botanist/EldritchBotanistGame/Content/_Blueprints/UI/MenusUI/WBP_LevelFinishUI.uasset" 1635
"C:/Users/Will/Desktop/Work/CHICO/EldritchBotanist/The_Eldritch_Botanist/EldritchBotanistGame/Content/_Blueprints/UI/MenusUI/WBP_LevelFinishUI.uexp" 1636
"C:/Users/Will/Desktop/Work/CHICO/EldritchBotanist/The_Eldritch_Botanist/EldritchBotanistGame/Content/_Blueprints/Character/Spawners/WBP_LevelStart.uasset" 1637
"C:/Users/Will/Desktop/Work/CHICO/EldritchBotanist/The_Eldritch_Botanist/EldritchBotanistGame/Content/_Blueprints/Character/Spawners/WBP_LevelStart.uexp" 1638
"C:/Users/Will/Desktop/Work/CHICO/EldritchBotanist/The_Eldritch_Botanist/EldritchBotanistGame/Content/_Audio/Level_Stuff_SFX/wave_start.ubulk" 1639
"C:/Users/Will/Desktop/Work/CHICO/EldritchBotanist/The_Eldritch_Botanist/EldritchBotanistGame/Content/_Audio/Level_Stuff_SFX/wave_start.uasset" 1640
"C:/Users/Will/Desktop/Work/CHICO/EldritchBotanist/The_Eldritch_Botanist/EldritchBotanistGame/Content/_Audio/Level_Stuff_SFX/wave_start.uexp" 1641
"C:/Users/Will/Desktop/Work/CHICO/EldritchBotanist/The_Eldritch_Botanist/EldritchBotanistGame/Content/_Audio/Level_Stuff_SFX/level_start.ubulk" 1642
"C:/Users/Will/Desktop/Work/CHICO/EldritchBotanist/The_Eldritch_Botanist/EldritchBotanistGame/Content/_Audio/Level_Stuff_SFX/level_start.uasset" 1643
"C:/Users/Will/Desktop/Work/CHICO/EldritchBotanist/The_Eldritch_Botanist/EldritchBotanistGame/Content/_Audio/Level_Stuff_SFX/level_start.uexp" 1644
"C:/Users/Will/Desktop/Work/CHICO/EldritchBotanist/The_Eldritch_Botanist/EldritchBotanistGame/Content/_Blueprints/CameraHouse/BP_HomeBase.uasset" 1645
"C:/Users/Will/Desktop/Work/CHICO/EldritchBotanist/The_Eldritch_Botanist/EldritchBotanistGame/Content/_Blueprints/CameraHouse/BP_HomeBase.uexp" 1646
"C:/Users/Will/Desktop/Work/CHICO/EldritchBotanist/The_Eldritch_Botanist/EldritchBotanistGame/Content/_Images/EffectIcons/AttractedWidget.uasset" 1647
"C:/Users/Will/Desktop/Work/CHICO/EldritchBotanist/The_Eldritch_Botanist/EldritchBotanistGame/Content/_Images/EffectIcons/AttractedWidget.uexp" 1648
"C:/Users/Will/Desktop/Work/CHICO/EldritchBotanist/The_Eldritch_Botanist/EldritchBotanistGame/Content/_Blueprints/Character/HealthAndDamage/WBP_EffectBar.uasset" 1649
"C:/Users/Will/Desktop/Work/CHICO/EldritchBotanist/The_Eldritch_Botanist/EldritchBotanistGame/Content/_Blueprints/Character/HealthAndDamage/WBP_EffectBar.uexp" 1650
"C:/Users/Will/Desktop/Work/CHICO/EldritchBotanist/The_Eldritch_Botanist/EldritchBotanistGame/Content/_Blueprints/Character/Enemies/E_EnemyState.uasset" 1651
"C:/Users/Will/Desktop/Work/CHICO/EldritchBotanist/The_Eldritch_Botanist/EldritchBotanistGame/Content/_Blueprints/Character/Enemies/E_EnemyState.uexp" 1652
"C:/Users/Will/Desktop/Work/CHICO/EldritchBotanist/The_Eldritch_Botanist/EldritchBotanistGame/Content/_Blueprints/Character/AI_EnemyBehavior/BBD_Enemy.uasset" 1653
"C:/Users/Will/Desktop/Work/CHICO/EldritchBotanist/The_Eldritch_Botanist/EldritchBotanistGame/Content/_Blueprints/Character/AI_EnemyBehavior/BBD_Enemy.uexp" 1654
"C:/Users/Will/Desktop/Work/CHICO/EldritchBotanist/The_Eldritch_Botanist/EldritchBotanistGame/Content/_Blueprints/Character/AI_EnemyBehavior/BT_BaseEnemyBehavior.uasset" 1655
"C:/Users/Will/Desktop/Work/CHICO/EldritchBotanist/The_Eldritch_Botanist/EldritchBotanistGame/Content/_Blueprints/Character/AI_EnemyBehavior/BT_BaseEnemyBehavior.uexp" 1656
"C:/Users/Will/Desktop/Work/CHICO/EldritchBotanist/The_Eldritch_Botanist/EldritchBotanistGame/Content/_Blueprints/Character/AI_EnemyBehavior/AIC_Enemy.uasset" 1657
"C:/Users/Will/Desktop/Work/CHICO/EldritchBotanist/The_Eldritch_Botanist/EldritchBotanistGame/Content/_Blueprints/Character/AI_EnemyBehavior/AIC_Enemy.uexp" 1658
"C:/Users/Will/Desktop/Work/CHICO/EldritchBotanist/The_Eldritch_Botanist/EldritchBotanistGame/Content/_Audio/Dying_SFX/enemy_die.ubulk" 1659
"C:/Users/Will/Desktop/Work/CHICO/EldritchBotanist/The_Eldritch_Botanist/EldritchBotanistGame/Content/_Audio/Dying_SFX/enemy_die.uasset" 1660
"C:/Users/Will/Desktop/Work/CHICO/EldritchBotanist/The_Eldritch_Botanist/EldritchBotanistGame/Content/_Audio/Dying_SFX/enemy_die.uexp" 1661
"C:/Users/Will/Desktop/Work/CHICO/EldritchBotanist/The_Eldritch_Botanist/EldritchBotanistGame/Content/_Audio/AttackSFX/AttackSpit.ubulk" 1662
"C:/Users/Will/Desktop/Work/CHICO/EldritchBotanist/The_Eldritch_Botanist/EldritchBotanistGame/Content/_Audio/AttackSFX/AttackSpit.uasset" 1663
"C:/Users/Will/Desktop/Work/CHICO/EldritchBotanist/The_Eldritch_Botanist/EldritchBotanistGame/Content/_Audio/AttackSFX/AttackSpit.uexp" 1664
"C:/Users/Will/Desktop/Work/CHICO/EldritchBotanist/The_Eldritch_Botanist/EldritchBotanistGame/Content/_Audio/AttackSFX/AttackSlash.ubulk" 1665
"C:/Users/Will/Desktop/Work/CHICO/EldritchBotanist/The_Eldritch_Botanist/EldritchBotanistGame/Content/_Audio/AttackSFX/AttackSlash.uasset" 1666
"C:/Users/Will/Desktop/Work/CHICO/EldritchBotanist/The_Eldritch_Botanist/EldritchBotanistGame/Content/_Audio/AttackSFX/AttackSlash.uexp" 1667
"C:/Users/Will/Desktop/Work/CHICO/EldritchBotanist/The_Eldritch_Botanist/EldritchBotanistGame/Content/_Audio/AttackSFX/AttackBite.ubulk" 1668
"C:/Users/Will/Desktop/Work/CHICO/EldritchBotanist/The_Eldritch_Botanist/EldritchBotanistGame/Content/_Audio/AttackSFX/AttackBite.uasset" 1669
"C:/Users/Will/Desktop/Work/CHICO/EldritchBotanist/The_Eldritch_Botanist/EldritchBotanistGame/Content/_Audio/AttackSFX/AttackBite.uexp" 1670
"C:/Users/Will/Desktop/Work/CHICO/EldritchBotanist/The_Eldritch_Botanist/EldritchBotanistGame/Content/_Images/SpriteSheets/Sprite_Sheet_Death.uasset" 1671
"C:/Users/Will/Desktop/Work/CHICO/EldritchBotanist/The_Eldritch_Botanist/EldritchBotanistGame/Content/_Images/SpriteSheets/Sprite_Sheet_Death.uexp" 1672
"C:/Users/Will/Desktop/Work/CHICO/EldritchBotanist/The_Eldritch_Botanist/EldritchBotanistGame/Content/_Sprites/SPRITE_Death_1.uasset" 1673
"C:/Users/Will/Desktop/Work/CHICO/EldritchBotanist/The_Eldritch_Botanist/EldritchBotanistGame/Content/_Sprites/SPRITE_Death_1.uexp" 1674
"C:/Users/Will/Desktop/Work/CHICO/EldritchBotanist/The_Eldritch_Botanist/EldritchBotanistGame/Content/_Sprites/SPRITE_Death_2.uasset" 1675
"C:/Users/Will/Desktop/Work/CHICO/EldritchBotanist/The_Eldritch_Botanist/EldritchBotanistGame/Content/_Sprites/SPRITE_Death_2.uexp" 1676
"C:/Users/Will/Desktop/Work/CHICO/EldritchBotanist/The_Eldritch_Botanist/EldritchBotanistGame/Content/_Sprites/SPRITE_Death_3.uasset" 1677
"C:/Users/Will/Desktop/Work/CHICO/EldritchBotanist/The_Eldritch_Botanist/EldritchBotanistGame/Content/_Sprites/SPRITE_Death_3.uexp" 1678
"C:/Users/Will/Desktop/Work/CHICO/EldritchBotanist/The_Eldritch_Botanist/EldritchBotanistGame/Content/_Sprites/SPRITE_Death_4.uasset" 1679
"C:/Users/Will/Desktop/Work/CHICO/EldritchBotanist/The_Eldritch_Botanist/EldritchBotanistGame/Content/_Sprites/SPRITE_Death_4.uexp" 1680
"C:/Users/Will/Desktop/Work/CHICO/EldritchBotanist/The_Eldritch_Botanist/EldritchBotanistGame/Content/_Sprites/SPRITE_Death_5.uasset" 1681
"C:/Users/Will/Desktop/Work/CHICO/EldritchBotanist/The_Eldritch_Botanist/EldritchBotanistGame/Content/_Sprites/SPRITE_Death_5.uexp" 1682
"C:/Users/Will/Desktop/Work/CHICO/EldritchBotanist/The_Eldritch_Botanist/EldritchBotanistGame/Content/_Sprites/SPRITE_Death_6.uasset" 1683
"C:/Users/Will/Desktop/Work/CHICO/EldritchBotanist/The_Eldritch_Botanist/EldritchBotanistGame/Content/_Sprites/SPRITE_Death_6.uexp" 1684
"C:/Users/Will/Desktop/Work/CHICO/EldritchBotanist/The_Eldritch_Botanist/EldritchBotanistGame/Content/_Sprites/Flipbooks/PF_Death.uasset" 1685
"C:/Users/Will/Desktop/Work/CHICO/EldritchBotanist/The_Eldritch_Botanist/EldritchBotanistGame/Content/_Sprites/Flipbooks/PF_Death.uexp" 1686
"C:/Users/Will/Desktop/Work/CHICO/EldritchBotanist/The_Eldritch_Botanist/EldritchBotanistGame/Content/_Blueprints/Animations/BP_DeathCloudAnim.uasset" 1687
"C:/Users/Will/Desktop/Work/CHICO/EldritchBotanist/The_Eldritch_Botanist/EldritchBotanistGame/Content/_Blueprints/Animations/BP_DeathCloudAnim.uexp" 1688
"C:/Users/Will/Desktop/Work/CHICO/EldritchBotanist/The_Eldritch_Botanist/EldritchBotanistGame/Content/_Blueprints/Character/Enemies/BP_EnemyBase.uasset" 1689
"C:/Users/Will/Desktop/Work/CHICO/EldritchBotanist/The_Eldritch_Botanist/EldritchBotanistGame/Content/_Blueprints/Character/Enemies/BP_EnemyBase.uexp" 1690
"C:/Users/Will/Desktop/Work/CHICO/EldritchBotanist/The_Eldritch_Botanist/EldritchBotanistGame/Content/Characters/Mannequins/Rigs/PA_Mannequin.uasset" 1691
"C:/Users/Will/Desktop/Work/CHICO/EldritchBotanist/The_Eldritch_Botanist/EldritchBotanistGame/Content/Characters/Mannequins/Rigs/PA_Mannequin.uexp" 1692
"C:/Users/Will/Desktop/Work/CHICO/EldritchBotanist/The_Eldritch_Botanist/EldritchBotanistGame/Content/Characters/Mannequins/Meshes/SK_Mannequin.uasset" 1693
"C:/Users/Will/Desktop/Work/CHICO/EldritchBotanist/The_Eldritch_Botanist/EldritchBotanistGame/Content/Characters/Mannequins/Meshes/SK_Mannequin.uexp" 1694
"C:/Users/Will/Desktop/Work/CHICO/EldritchBotanist/The_Eldritch_Botanist/EldritchBotanistGame/Content/Characters/Mannequins/Textures/Quinn/T_Quinn_02_N.ubulk" 1695
"C:/Users/Will/Desktop/Work/CHICO/EldritchBotanist/The_Eldritch_Botanist/EldritchBotanistGame/Content/Characters/Mannequins/Textures/Quinn/T_Quinn_02_N.uasset" 1696
"C:/Users/Will/Desktop/Work/CHICO/EldritchBotanist/The_Eldritch_Botanist/EldritchBotanistGame/Content/Characters/Mannequins/Textures/Quinn/T_Quinn_02_N.uexp" 1697
"C:/Users/Will/Desktop/Work/CHICO/EldritchBotanist/The_Eldritch_Botanist/EldritchBotanistGame/Content/Characters/Mannequins/Textures/Quinn/T_Quinn_02_MRA.ubulk" 1698
"C:/Users/Will/Desktop/Work/CHICO/EldritchBotanist/The_Eldritch_Botanist/EldritchBotanistGame/Content/Characters/Mannequins/Textures/Quinn/T_Quinn_02_MRA.uasset" 1699
"C:/Users/Will/Desktop/Work/CHICO/EldritchBotanist/The_Eldritch_Botanist/EldritchBotanistGame/Content/Characters/Mannequins/Textures/Quinn/T_Quinn_02_MRA.uexp" 1700
"C:/Users/Will/Desktop/Work/CHICO/EldritchBotanist/The_Eldritch_Botanist/EldritchBotanistGame/Content/Characters/Mannequins/Textures/Quinn/T_Quinn_02_D.ubulk" 1701
"C:/Users/Will/Desktop/Work/CHICO/EldritchBotanist/The_Eldritch_Botanist/EldritchBotanistGame/Content/Characters/Mannequins/Textures/Quinn/T_Quinn_02_D.uasset" 1702
"C:/Users/Will/Desktop/Work/CHICO/EldritchBotanist/The_Eldritch_Botanist/EldritchBotanistGame/Content/Characters/Mannequins/Textures/Quinn/T_Quinn_02_D.uexp" 1703
"C:/Users/Will/Desktop/Work/CHICO/EldritchBotanist/The_Eldritch_Botanist/EldritchBotanistGame/Content/Characters/Mannequins/Textures/Quinn/T_Quinn_01_N.ubulk" 1704
"C:/Users/Will/Desktop/Work/CHICO/EldritchBotanist/The_Eldritch_Botanist/EldritchBotanistGame/Content/Characters/Mannequins/Textures/Quinn/T_Quinn_01_N.uasset" 1705
"C:/Users/Will/Desktop/Work/CHICO/EldritchBotanist/The_Eldritch_Botanist/EldritchBotanistGame/Content/Characters/Mannequins/Textures/Quinn/T_Quinn_01_N.uexp" 1706
"C:/Users/Will/Desktop/Work/CHICO/EldritchBotanist/The_Eldritch_Botanist/EldritchBotanistGame/Content/Characters/Mannequins/Textures/Quinn/T_Quinn_01_MRA.ubulk" 1707
"C:/Users/Will/Desktop/Work/CHICO/EldritchBotanist/The_Eldritch_Botanist/EldritchBotanistGame/Content/Characters/Mannequins/Textures/Quinn/T_Quinn_01_MRA.uasset" 1708
"C:/Users/Will/Desktop/Work/CHICO/EldritchBotanist/The_Eldritch_Botanist/EldritchBotanistGame/Content/Characters/Mannequins/Textures/Quinn/T_Quinn_01_MRA.uexp" 1709
"C:/Users/Will/Desktop/Work/CHICO/EldritchBotanist/The_Eldritch_Botanist/EldritchBotanistGame/Content/Characters/Mannequins/Textures/Quinn/T_Quinn_01_D.ubulk" 1710
"C:/Users/Will/Desktop/Work/CHICO/EldritchBotanist/The_Eldritch_Botanist/EldritchBotanistGame/Content/Characters/Mannequins/Textures/Quinn/T_Quinn_01_D.uasset" 1711
"C:/Users/Will/Desktop/Work/CHICO/EldritchBotanist/The_Eldritch_Botanist/EldritchBotanistGame/Content/Characters/Mannequins/Textures/Quinn/T_Quinn_01_D.uexp" 1712
"C:/Users/Will/Desktop/Work/CHICO/EldritchBotanist/The_Eldritch_Botanist/EldritchBotanistGame/Content/Characters/Mannequins/Textures/Shared/T_UE_Logo_M.uasset" 1713
"C:/Users/Will/Desktop/Work/CHICO/EldritchBotanist/The_Eldritch_Botanist/EldritchBotanistGame/Content/Characters/Mannequins/Textures/Shared/T_UE_Logo_M.uexp" 1714
"C:/Users/Will/Desktop/Work/CHICO/EldritchBotanist/The_Eldritch_Botanist/EldritchBotanistGame/Content/Characters/Mannequins/Textures/Manny/T_Manny_01_MRA.ubulk" 1715
"C:/Users/Will/Desktop/Work/CHICO/EldritchBotanist/The_Eldritch_Botanist/EldritchBotanistGame/Content/Characters/Mannequins/Textures/Manny/T_Manny_01_MRA.uasset" 1716
"C:/Users/Will/Desktop/Work/CHICO/EldritchBotanist/The_Eldritch_Botanist/EldritchBotanistGame/Content/Characters/Mannequins/Textures/Manny/T_Manny_01_MRA.uexp" 1717
"C:/Users/Will/Desktop/Work/CHICO/EldritchBotanist/The_Eldritch_Botanist/EldritchBotanistGame/Content/Characters/Mannequins/Textures/Manny/T_Manny_01_D.ubulk" 1718
"C:/Users/Will/Desktop/Work/CHICO/EldritchBotanist/The_Eldritch_Botanist/EldritchBotanistGame/Content/Characters/Mannequins/Textures/Manny/T_Manny_01_D.uasset" 1719
"C:/Users/Will/Desktop/Work/CHICO/EldritchBotanist/The_Eldritch_Botanist/EldritchBotanistGame/Content/Characters/Mannequins/Textures/Manny/T_Manny_01_D.uexp" 1720
"C:/Users/Will/Desktop/Work/CHICO/EldritchBotanist/The_Eldritch_Botanist/EldritchBotanistGame/Content/Characters/Mannequins/Textures/Manny/T_Manny_01_BN.ubulk" 1721
"C:/Users/Will/Desktop/Work/CHICO/EldritchBotanist/The_Eldritch_Botanist/EldritchBotanistGame/Content/Characters/Mannequins/Textures/Manny/T_Manny_01_BN.uasset" 1722
"C:/Users/Will/Desktop/Work/CHICO/EldritchBotanist/The_Eldritch_Botanist/EldritchBotanistGame/Content/Characters/Mannequins/Textures/Manny/T_Manny_01_BN.uexp" 1723
"C:/Users/Will/Desktop/Work/CHICO/EldritchBotanist/The_Eldritch_Botanist/EldritchBotanistGame/Content/Characters/Mannequins/Materials/M_Mannequin.uasset" 1724
"C:/Users/Will/Desktop/Work/CHICO/EldritchBotanist/The_Eldritch_Botanist/EldritchBotanistGame/Content/Characters/Mannequins/Materials/M_Mannequin.uexp" 1725
"C:/Users/Will/Desktop/Work/CHICO/EldritchBotanist/The_Eldritch_Botanist/EldritchBotanistGame/Content/Characters/Mannequins/Materials/Quinn/MI_Quinn_01.uasset" 1726
"C:/Users/Will/Desktop/Work/CHICO/EldritchBotanist/The_Eldritch_Botanist/EldritchBotanistGame/Content/Characters/Mannequins/Materials/Quinn/MI_Quinn_01.uexp" 1727
"C:/Users/Will/Desktop/Work/CHICO/EldritchBotanist/The_Eldritch_Botanist/EldritchBotanistGame/Content/Characters/Mannequins/Materials/Quinn/MI_Quinn_02.uasset" 1728
"C:/Users/Will/Desktop/Work/CHICO/EldritchBotanist/The_Eldritch_Botanist/EldritchBotanistGame/Content/Characters/Mannequins/Materials/Quinn/MI_Quinn_02.uexp" 1729
"C:/Users/Will/Desktop/Work/CHICO/EldritchBotanist/The_Eldritch_Botanist/EldritchBotanistGame/Content/Characters/Mannequins/Meshes/SKM_Quinn_Simple.uasset" 1730
"C:/Users/Will/Desktop/Work/CHICO/EldritchBotanist/The_Eldritch_Botanist/EldritchBotanistGame/Content/Characters/Mannequins/Meshes/SKM_Quinn_Simple.uexp" 1731
"C:/Users/Will/Desktop/Work/CHICO/EldritchBotanist/The_Eldritch_Botanist/EldritchBotanistGame/Content/_Audio/Dying_SFX/plant_die.ubulk" 1732
"C:/Users/Will/Desktop/Work/CHICO/EldritchBotanist/The_Eldritch_Botanist/EldritchBotanistGame/Content/_Audio/Dying_SFX/plant_die.uasset" 1733
"C:/Users/Will/Desktop/Work/CHICO/EldritchBotanist/The_Eldritch_Botanist/EldritchBotanistGame/Content/_Audio/Dying_SFX/plant_die.uexp" 1734
"C:/Users/Will/Desktop/Work/CHICO/EldritchBotanist/The_Eldritch_Botanist/EldritchBotanistGame/Content/_Audio/AttackSFX/cactus.ubulk" 1735
"C:/Users/Will/Desktop/Work/CHICO/EldritchBotanist/The_Eldritch_Botanist/EldritchBotanistGame/Content/_Audio/AttackSFX/cactus.uasset" 1736
"C:/Users/Will/Desktop/Work/CHICO/EldritchBotanist/The_Eldritch_Botanist/EldritchBotanistGame/Content/_Audio/AttackSFX/cactus.uexp" 1737
"../../../Engine/Content/EngineMeshes/MaterialSphere.ubulk" 1738
"../../../Engine/Content/EngineMeshes/MaterialSphere.uasset" 1739
"../../../Engine/Content/EngineMeshes/MaterialSphere.uexp" 1740
"../../../Engine/Content/MapTemplates/Materials/BasicAsset03.uasset" 1741
"../../../Engine/Content/MapTemplates/Materials/BasicAsset03.uexp" 1742
"C:/Users/Will/Desktop/Work/CHICO/EldritchBotanist/The_Eldritch_Botanist/EldritchBotanistGame/Content/_VFX/PulseGlow/VFX_ProjectileVFX.uasset" 1743
"C:/Users/Will/Desktop/Work/CHICO/EldritchBotanist/The_Eldritch_Botanist/EldritchBotanistGame/Content/_VFX/PulseGlow/VFX_ProjectileVFX.uexp" 1744
"C:/Users/Will/Desktop/Work/CHICO/EldritchBotanist/The_Eldritch_Botanist/EldritchBotanistGame/Content/_Materials/m_Spit.uasset" 1745
"C:/Users/Will/Desktop/Work/CHICO/EldritchBotanist/The_Eldritch_Botanist/EldritchBotanistGame/Content/_Materials/m_Spit.uexp" 1746
"C:/Users/Will/Desktop/Work/CHICO/EldritchBotanist/The_Eldritch_Botanist/EldritchBotanistGame/Content/_Blueprints/Character/BP_Projectile.uasset" 1747
"C:/Users/Will/Desktop/Work/CHICO/EldritchBotanist/The_Eldritch_Botanist/EldritchBotanistGame/Content/_Blueprints/Character/BP_Projectile.uexp" 1748
"C:/Users/Will/Desktop/Work/CHICO/EldritchBotanist/The_Eldritch_Botanist/EldritchBotanistGame/Content/_Blueprints/Character/Plants/BP_PlantBase.uasset" 1749
"C:/Users/Will/Desktop/Work/CHICO/EldritchBotanist/The_Eldritch_Botanist/EldritchBotanistGame/Content/_Blueprints/Character/Plants/BP_PlantBase.uexp" 1750
"C:/Users/Will/Desktop/Work/CHICO/EldritchBotanist/The_Eldritch_Botanist/EldritchBotanistGame/Content/_Blueprints/Inventory/BP_PlantDataStore.uasset" 1751
"C:/Users/Will/Desktop/Work/CHICO/EldritchBotanist/The_Eldritch_Botanist/EldritchBotanistGame/Content/_Blueprints/Inventory/BP_PlantDataStore.uexp" 1752
"C:/Users/Will/Desktop/Work/CHICO/EldritchBotanist/The_Eldritch_Botanist/EldritchBotanistGame/Content/Input/Actions/IA_MouseLook.uasset" 1753
"C:/Users/Will/Desktop/Work/CHICO/EldritchBotanist/The_Eldritch_Botanist/EldritchBotanistGame/Content/Input/Actions/IA_MouseLook.uexp" 1754
"C:/Users/Will/Desktop/Work/CHICO/EldritchBotanist/The_Eldritch_Botanist/EldritchBotanistGame/Content/Input/IMC_MouseLook.uasset" 1755
"C:/Users/Will/Desktop/Work/CHICO/EldritchBotanist/The_Eldritch_Botanist/EldritchBotanistGame/Content/Input/IMC_MouseLook.uexp" 1756
"../../../Engine/Content/MobileResources/HUD/VirtualJoystick_Thumb.uasset" 1757
"../../../Engine/Content/MobileResources/HUD/VirtualJoystick_Thumb.uexp" 1758
"../../../Engine/Content/MobileResources/HUD/VirtualJoystick_Background.uasset" 1759
"../../../Engine/Content/MobileResources/HUD/VirtualJoystick_Background.uexp" 1760
"C:/Users/Will/Desktop/Work/CHICO/EldritchBotanist/The_Eldritch_Botanist/EldritchBotanistGame/Content/Input/Touch/UI_Thumbstick.uasset" 1761
"C:/Users/Will/Desktop/Work/CHICO/EldritchBotanist/The_Eldritch_Botanist/EldritchBotanistGame/Content/Input/Touch/UI_Thumbstick.uexp" 1762
"C:/Users/Will/Desktop/Work/CHICO/EldritchBotanist/The_Eldritch_Botanist/EldritchBotanistGame/Content/Input/Touch/UI_TouchSimple.uasset" 1763
"C:/Users/Will/Desktop/Work/CHICO/EldritchBotanist/The_Eldritch_Botanist/EldritchBotanistGame/Content/Input/Touch/UI_TouchSimple.uexp" 1764
"C:/Users/Will/Desktop/Work/CHICO/EldritchBotanist/The_Eldritch_Botanist/EldritchBotanistGame/Content/ThirdPerson/Blueprints/BP_ThirdPersonPlayerController.uasset" 1765
"C:/Users/Will/Desktop/Work/CHICO/EldritchBotanist/The_Eldritch_Botanist/EldritchBotanistGame/Content/ThirdPerson/Blueprints/BP_ThirdPersonPlayerController.uexp" 1766
"C:/Users/Will/Desktop/Work/CHICO/EldritchBotanist/The_Eldritch_Botanist/EldritchBotanistGame/Content/ThirdPerson/Blueprints/BP_ThirdPersonGameMode.uasset" 1767
"C:/Users/Will/Desktop/Work/CHICO/EldritchBotanist/The_Eldritch_Botanist/EldritchBotanistGame/Content/ThirdPerson/Blueprints/BP_ThirdPersonGameMode.uexp" 1768
"C:/Users/Will/Desktop/Work/CHICO/EldritchBotanist/The_Eldritch_Botanist/EldritchBotanistGame/Content/_Blueprints/Character/Plants/WC_SpawnPlant.uasset" 1769
"C:/Users/Will/Desktop/Work/CHICO/EldritchBotanist/The_Eldritch_Botanist/EldritchBotanistGame/Content/_Blueprints/Character/Plants/WC_SpawnPlant.uexp" 1770
"../../../Engine/Content/Functions/Engine_MaterialFunctions01/Gradient/GeneratedRoundRect.uasset" 1771
"../../../Engine/Content/Functions/Engine_MaterialFunctions01/Gradient/GeneratedRoundRect.uexp" 1772
"../../../Engine/Content/Functions/Engine_MaterialFunctions01/Density/ExponentialDensity.uasset" 1773
"../../../Engine/Content/Functions/Engine_MaterialFunctions01/Density/ExponentialDensity.uexp" 1774
"../../../Engine/Content/Functions/Engine_MaterialFunctions01/Gradient/RadialGradientExponential.uasset" 1775
"../../../Engine/Content/Functions/Engine_MaterialFunctions01/Gradient/RadialGradientExponential.uexp" 1776
"../../../Engine/Content/Functions/Engine_MaterialFunctions02/Utility/VectorToRadialValue.uasset" 1777
"../../../Engine/Content/Functions/Engine_MaterialFunctions02/Utility/VectorToRadialValue.uexp" 1778
"C:/Users/Will/Desktop/Work/CHICO/EldritchBotanist/The_Eldritch_Botanist/EldritchBotanistGame/Content/_Blueprints/UI/TutorialUI/TutGlowMaterial/M_SpawnGlow.uasset" 1779
"C:/Users/Will/Desktop/Work/CHICO/EldritchBotanist/The_Eldritch_Botanist/EldritchBotanistGame/Content/_Blueprints/UI/TutorialUI/TutGlowMaterial/M_SpawnGlow.uexp" 1780
"C:/Users/Will/Desktop/Work/CHICO/EldritchBotanist/The_Eldritch_Botanist/EldritchBotanistGame/Content/_Blueprints/UI/TutorialUI/TutGlowMaterial/M_SpawnGlow_Inst.uasset" 1781
"C:/Users/Will/Desktop/Work/CHICO/EldritchBotanist/The_Eldritch_Botanist/EldritchBotanistGame/Content/_Blueprints/UI/TutorialUI/TutGlowMaterial/M_SpawnGlow_Inst.uexp" 1782
"C:/Users/Will/Desktop/Work/CHICO/EldritchBotanist/The_Eldritch_Botanist/EldritchBotanistGame/Content/_VFX/PulseGlow/VFX_PlantSpawnGlow.uasset" 1783
"C:/Users/Will/Desktop/Work/CHICO/EldritchBotanist/The_Eldritch_Botanist/EldritchBotanistGame/Content/_VFX/PulseGlow/VFX_PlantSpawnGlow.uexp" 1784
"C:/Users/Will/Desktop/Work/CHICO/EldritchBotanist/The_Eldritch_Botanist/EldritchBotanistGame/Content/_Blueprints/Character/Spawners/BP_PlantSpawner.uasset" 1785
"C:/Users/Will/Desktop/Work/CHICO/EldritchBotanist/The_Eldritch_Botanist/EldritchBotanistGame/Content/_Blueprints/Character/Spawners/BP_PlantSpawner.uexp" 1786
"C:/Users/Will/Desktop/Work/CHICO/EldritchBotanist/The_Eldritch_Botanist/EldritchBotanistGame/Content/_Scenes/Night_Level.uexp" 1787
"C:/Users/Will/Desktop/Work/CHICO/EldritchBotanist/The_Eldritch_Botanist/EldritchBotanistGame/Content/_Scenes/Night_Level.umap" 1788
"../../../Engine/Content/MapTemplates/T_ScreenDirt02_w.uasset" 1789
"../../../Engine/Content/MapTemplates/T_ScreenDirt02_w.uexp" 1790
"C:/Users/Will/Desktop/Work/CHICO/EldritchBotanist/The_Eldritch_Botanist/EldritchBotanistGame/Content/_Blueprints/UI/TutorialUI/TutGlowMaterial/M_TutGlow.uasset" 1791
"C:/Users/Will/Desktop/Work/CHICO/EldritchBotanist/The_Eldritch_Botanist/EldritchBotanistGame/Content/_Blueprints/UI/TutorialUI/TutGlowMaterial/M_TutGlow.uexp" 1792
"C:/Users/Will/Desktop/Work/CHICO/EldritchBotanist/The_Eldritch_Botanist/EldritchBotanistGame/Content/_Blueprints/UI/TutorialUI/TutGlowMaterial/M_TutGlow_Inst.uasset" 1793
"C:/Users/Will/Desktop/Work/CHICO/EldritchBotanist/The_Eldritch_Botanist/EldritchBotanistGame/Content/_Blueprints/UI/TutorialUI/TutGlowMaterial/M_TutGlow_Inst.uexp" 1794
"C:/Users/Will/Desktop/Work/CHICO/EldritchBotanist/The_Eldritch_Botanist/EldritchBotanistGame/Content/_Blueprints/UI/TutorialUI/WBP_TutorialGlow.uasset" 1795
"C:/Users/Will/Desktop/Work/CHICO/EldritchBotanist/The_Eldritch_Botanist/EldritchBotanistGame/Content/_Blueprints/UI/TutorialUI/WBP_TutorialGlow.uexp" 1796
"C:/Users/Will/Desktop/Work/CHICO/EldritchBotanist/The_Eldritch_Botanist/EldritchBotanistGame/Content/_Blueprints/UI/TutorialUI/WBP_HighlightAnchor.uasset" 1797
"C:/Users/Will/Desktop/Work/CHICO/EldritchBotanist/The_Eldritch_Botanist/EldritchBotanistGame/Content/_Blueprints/UI/TutorialUI/WBP_HighlightAnchor.uexp" 1798
"../../../Engine/Content/EngineFonts/Faces/RobotoTiny.uexp" 1799
"../../../Engine/Content/EngineFonts/Faces/RobotoTiny.uasset" 1800
"../../../Engine/Content/EngineFonts/Faces/RobotoTiny.ufont" 1801
"../../../Engine/Content/EngineFonts/RobotoTiny.uasset" 1802
"../../../Engine/Content/EngineFonts/RobotoTiny.uexp" 1803
"C:/Users/Will/Desktop/Work/CHICO/EldritchBotanist/The_Eldritch_Botanist/EldritchBotanistGame/Content/_Images/UI_Images/NightIcon.uasset" 1804
"C:/Users/Will/Desktop/Work/CHICO/EldritchBotanist/The_Eldritch_Botanist/EldritchBotanistGame/Content/_Images/UI_Images/NightIcon.uexp" 1805
"C:/Users/Will/Desktop/Work/CHICO/EldritchBotanist/The_Eldritch_Botanist/EldritchBotanistGame/Content/_Images/UI_Images/CompendiumPodium.uasset" 1806
"C:/Users/Will/Desktop/Work/CHICO/EldritchBotanist/The_Eldritch_Botanist/EldritchBotanistGame/Content/_Images/UI_Images/CompendiumPodium.uexp" 1807
"C:/Users/Will/Desktop/Work/CHICO/EldritchBotanist/The_Eldritch_Botanist/EldritchBotanistGame/Content/_Images/ResourceIcons/BlueHeart_Icon_2x.uasset" 1808
"C:/Users/Will/Desktop/Work/CHICO/EldritchBotanist/The_Eldritch_Botanist/EldritchBotanistGame/Content/_Images/ResourceIcons/BlueHeart_Icon_2x.uexp" 1809
"C:/Users/Will/Desktop/Work/CHICO/EldritchBotanist/The_Eldritch_Botanist/EldritchBotanistGame/Content/_Images/UI_Images/oldlady_top.uasset" 1810
"C:/Users/Will/Desktop/Work/CHICO/EldritchBotanist/The_Eldritch_Botanist/EldritchBotanistGame/Content/_Images/UI_Images/oldlady_top.uexp" 1811
"C:/Users/Will/Desktop/Work/CHICO/EldritchBotanist/The_Eldritch_Botanist/EldritchBotanistGame/Content/_Blueprints/UI/TutorialUI/WBP_TutorialPopup.uasset" 1812
"C:/Users/Will/Desktop/Work/CHICO/EldritchBotanist/The_Eldritch_Botanist/EldritchBotanistGame/Content/_Blueprints/UI/TutorialUI/WBP_TutorialPopup.uexp" 1813
"C:/Users/Will/Desktop/Work/CHICO/EldritchBotanist/The_Eldritch_Botanist/EldritchBotanistGame/Content/_Blueprints/UI/TutorialUI/STR_TutorialStep.uasset" 1814
"C:/Users/Will/Desktop/Work/CHICO/EldritchBotanist/The_Eldritch_Botanist/EldritchBotanistGame/Content/_Blueprints/UI/TutorialUI/STR_TutorialStep.uexp" 1815
"C:/Users/Will/Desktop/Work/CHICO/EldritchBotanist/The_Eldritch_Botanist/EldritchBotanistGame/Content/_Blueprints/UI/TutorialUI/BP_TutorialManager.uasset" 1816
"C:/Users/Will/Desktop/Work/CHICO/EldritchBotanist/The_Eldritch_Botanist/EldritchBotanistGame/Content/_Blueprints/UI/TutorialUI/BP_TutorialManager.uexp" 1817
"C:/Users/Will/Desktop/Work/CHICO/EldritchBotanist/The_Eldritch_Botanist/EldritchBotanistGame/Content/_Audio/Other_buttons_SFX/not_available.ubulk" 1818
"C:/Users/Will/Desktop/Work/CHICO/EldritchBotanist/The_Eldritch_Botanist/EldritchBotanistGame/Content/_Audio/Other_buttons_SFX/not_available.uasset" 1819
"C:/Users/Will/Desktop/Work/CHICO/EldritchBotanist/The_Eldritch_Botanist/EldritchBotanistGame/Content/_Audio/Other_buttons_SFX/not_available.uexp" 1820
"C:/Users/Will/Desktop/Work/CHICO/EldritchBotanist/The_Eldritch_Botanist/EldritchBotanistGame/Content/_Blueprints/UI/WBP_ComingSoonPopup.uasset" 1821
"C:/Users/Will/Desktop/Work/CHICO/EldritchBotanist/The_Eldritch_Botanist/EldritchBotanistGame/Content/_Blueprints/UI/WBP_ComingSoonPopup.uexp" 1822
"C:/Users/Will/Desktop/Work/CHICO/EldritchBotanist/The_Eldritch_Botanist/EldritchBotanistGame/Content/_Images/UI_Images/plantbox.uasset" 1823
"C:/Users/Will/Desktop/Work/CHICO/EldritchBotanist/The_Eldritch_Botanist/EldritchBotanistGame/Content/_Images/UI_Images/plantbox.uexp" 1824
"C:/Users/Will/Desktop/Work/CHICO/EldritchBotanist/The_Eldritch_Botanist/EldritchBotanistGame/Content/_Images/UI_Images/Hand.ubulk" 1825
"C:/Users/Will/Desktop/Work/CHICO/EldritchBotanist/The_Eldritch_Botanist/EldritchBotanistGame/Content/_Images/UI_Images/Hand.uasset" 1826
"C:/Users/Will/Desktop/Work/CHICO/EldritchBotanist/The_Eldritch_Botanist/EldritchBotanistGame/Content/_Images/UI_Images/Hand.uexp" 1827
"C:/Users/Will/Desktop/Work/CHICO/EldritchBotanist/The_Eldritch_Botanist/EldritchBotanistGame/Content/_Images/UI_Images/Box_Handle.uasset" 1828
"C:/Users/Will/Desktop/Work/CHICO/EldritchBotanist/The_Eldritch_Botanist/EldritchBotanistGame/Content/_Images/UI_Images/Box_Handle.uexp" 1829
"C:/Users/Will/Desktop/Work/CHICO/EldritchBotanist/The_Eldritch_Botanist/EldritchBotanistGame/Content/_Blueprints/UI/DayUI/Tables/WBP_Seedbox.uasset" 1830
"C:/Users/Will/Desktop/Work/CHICO/EldritchBotanist/The_Eldritch_Botanist/EldritchBotanistGame/Content/_Blueprints/UI/DayUI/Tables/WBP_Seedbox.uexp" 1831
"../../../Engine/Content/EngineResources/AICON-Red.uasset" 1832
"../../../Engine/Content/EngineResources/AICON-Red.uexp" 1833
"C:/Users/Will/Desktop/Work/CHICO/EldritchBotanist/The_Eldritch_Botanist/EldritchBotanistGame/Content/_Blueprints/UI/DayUI/Tables/WBP_PartsBox.uasset" 1834
"C:/Users/Will/Desktop/Work/CHICO/EldritchBotanist/The_Eldritch_Botanist/EldritchBotanistGame/Content/_Blueprints/UI/DayUI/Tables/WBP_PartsBox.uexp" 1835
"C:/Users/Will/Desktop/Work/CHICO/EldritchBotanist/The_Eldritch_Botanist/EldritchBotanistGame/Content/_Images/UI_Images/paper.uasset" 1836
"C:/Users/Will/Desktop/Work/CHICO/EldritchBotanist/The_Eldritch_Botanist/EldritchBotanistGame/Content/_Images/UI_Images/paper.uexp" 1837
"C:/Users/Will/Desktop/Work/CHICO/EldritchBotanist/The_Eldritch_Botanist/EldritchBotanistGame/Content/_Images/UI_Images/InspectionTable.uasset" 1838
"C:/Users/Will/Desktop/Work/CHICO/EldritchBotanist/The_Eldritch_Botanist/EldritchBotanistGame/Content/_Images/UI_Images/InspectionTable.uexp" 1839
"C:/Users/Will/Desktop/Work/CHICO/EldritchBotanist/The_Eldritch_Botanist/EldritchBotanistGame/Content/_Blueprints/Character/RenderTargets/RT_View.uasset" 1840
"C:/Users/Will/Desktop/Work/CHICO/EldritchBotanist/The_Eldritch_Botanist/EldritchBotanistGame/Content/_Blueprints/Character/RenderTargets/RT_View.uexp" 1841
"C:/Users/Will/Desktop/Work/CHICO/EldritchBotanist/The_Eldritch_Botanist/EldritchBotanistGame/Content/_Blueprints/Character/RenderTargets/M_RenderView.uasset" 1842
"C:/Users/Will/Desktop/Work/CHICO/EldritchBotanist/The_Eldritch_Botanist/EldritchBotanistGame/Content/_Blueprints/Character/RenderTargets/M_RenderView.uexp" 1843
"C:/Users/Will/Desktop/Work/CHICO/EldritchBotanist/The_Eldritch_Botanist/EldritchBotanistGame/Content/_Blueprints/UI/DayUI/Tables/WBP_3DOverlay.uasset" 1844
"C:/Users/Will/Desktop/Work/CHICO/EldritchBotanist/The_Eldritch_Botanist/EldritchBotanistGame/Content/_Blueprints/UI/DayUI/Tables/WBP_3DOverlay.uexp" 1845
"C:/Users/Will/Desktop/Work/CHICO/EldritchBotanist/The_Eldritch_Botanist/EldritchBotanistGame/Content/_Blueprints/UI/DayUI/Tables/WBP_InspectionTable.uasset" 1846
"C:/Users/Will/Desktop/Work/CHICO/EldritchBotanist/The_Eldritch_Botanist/EldritchBotanistGame/Content/_Blueprints/UI/DayUI/Tables/WBP_InspectionTable.uexp" 1847
"C:/Users/Will/Desktop/Work/CHICO/EldritchBotanist/The_Eldritch_Botanist/EldritchBotanistGame/Content/_Images/UI_Images/SpliceTable.uasset" 1848
"C:/Users/Will/Desktop/Work/CHICO/EldritchBotanist/The_Eldritch_Botanist/EldritchBotanistGame/Content/_Images/UI_Images/SpliceTable.uexp" 1849
"C:/Users/Will/Desktop/Work/CHICO/EldritchBotanist/The_Eldritch_Botanist/EldritchBotanistGame/Content/_Blueprints/UI/DayUI/Tables/WBP_CreatedPopup.uasset" 1850
"C:/Users/Will/Desktop/Work/CHICO/EldritchBotanist/The_Eldritch_Botanist/EldritchBotanistGame/Content/_Blueprints/UI/DayUI/Tables/WBP_CreatedPopup.uexp" 1851
"C:/Users/Will/Desktop/Work/CHICO/EldritchBotanist/The_Eldritch_Botanist/EldritchBotanistGame/Content/_Blueprints/UI/DayUI/Tables/WBP_CraftingTableItem.uasset" 1852
"C:/Users/Will/Desktop/Work/CHICO/EldritchBotanist/The_Eldritch_Botanist/EldritchBotanistGame/Content/_Blueprints/UI/DayUI/Tables/WBP_CraftingTableItem.uexp" 1853
"C:/Users/Will/Desktop/Work/CHICO/EldritchBotanist/The_Eldritch_Botanist/EldritchBotanistGame/Content/_Blueprints/UI/DayUI/Tables/WBP_CraftingTable.uasset" 1854
"C:/Users/Will/Desktop/Work/CHICO/EldritchBotanist/The_Eldritch_Botanist/EldritchBotanistGame/Content/_Blueprints/UI/DayUI/Tables/WBP_CraftingTable.uexp" 1855
"C:/Users/Will/Desktop/Work/CHICO/EldritchBotanist/The_Eldritch_Botanist/EldritchBotanistGame/Content/_Images/UI_Images/GreenhousePlanter.uasset" 1856
"C:/Users/Will/Desktop/Work/CHICO/EldritchBotanist/The_Eldritch_Botanist/EldritchBotanistGame/Content/_Images/UI_Images/GreenhousePlanter.uexp" 1857
"C:/Users/Will/Desktop/Work/CHICO/EldritchBotanist/The_Eldritch_Botanist/EldritchBotanistGame/Content/_Blueprints/UI/DayUI/Greenhouse/UMG_GreenhouseItemDay.uasset" 1858
"C:/Users/Will/Desktop/Work/CHICO/EldritchBotanist/The_Eldritch_Botanist/EldritchBotanistGame/Content/_Blueprints/UI/DayUI/Greenhouse/UMG_GreenhouseItemDay.uexp" 1859
"C:/Users/Will/Desktop/Work/CHICO/EldritchBotanist/The_Eldritch_Botanist/EldritchBotanistGame/Content/_Blueprints/UI/DayUI/Greenhouse/UMG_Greenhouse_Day.uasset" 1860
"C:/Users/Will/Desktop/Work/CHICO/EldritchBotanist/The_Eldritch_Botanist/EldritchBotanistGame/Content/_Blueprints/UI/DayUI/Greenhouse/UMG_Greenhouse_Day.uexp" 1861
"C:/Users/Will/Desktop/Work/CHICO/EldritchBotanist/The_Eldritch_Botanist/EldritchBotanistGame/Content/_Audio/Splice_table_SFX/splice_button_when_nothing_is_made.ubulk" 1862
"C:/Users/Will/Desktop/Work/CHICO/EldritchBotanist/The_Eldritch_Botanist/EldritchBotanistGame/Content/_Audio/Splice_table_SFX/splice_button_when_nothing_is_made.uasset" 1863
"C:/Users/Will/Desktop/Work/CHICO/EldritchBotanist/The_Eldritch_Botanist/EldritchBotanistGame/Content/_Audio/Splice_table_SFX/splice_button_when_nothing_is_made.uexp" 1864
"C:/Users/Will/Desktop/Work/CHICO/EldritchBotanist/The_Eldritch_Botanist/EldritchBotanistGame/Content/_Audio/Splice_table_SFX/Crafting.ubulk" 1865
"C:/Users/Will/Desktop/Work/CHICO/EldritchBotanist/The_Eldritch_Botanist/EldritchBotanistGame/Content/_Audio/Splice_table_SFX/Crafting.uasset" 1866
"C:/Users/Will/Desktop/Work/CHICO/EldritchBotanist/The_Eldritch_Botanist/EldritchBotanistGame/Content/_Audio/Splice_table_SFX/Crafting.uexp" 1867
"C:/Users/Will/Desktop/Work/CHICO/EldritchBotanist/The_Eldritch_Botanist/EldritchBotanistGame/Content/_Audio/Splice_table_SFX/clicking_resources_onto_cauldron.ubulk" 1868
"C:/Users/Will/Desktop/Work/CHICO/EldritchBotanist/The_Eldritch_Botanist/EldritchBotanistGame/Content/_Audio/Splice_table_SFX/clicking_resources_onto_cauldron.uasset" 1869
"C:/Users/Will/Desktop/Work/CHICO/EldritchBotanist/The_Eldritch_Botanist/EldritchBotanistGame/Content/_Audio/Splice_table_SFX/clicking_resources_onto_cauldron.uexp" 1870
"C:/Users/Will/Desktop/Work/CHICO/EldritchBotanist/The_Eldritch_Botanist/EldritchBotanistGame/Content/_Audio/Splice_table_SFX/clear_table_from_ingredients.ubulk" 1871
"C:/Users/Will/Desktop/Work/CHICO/EldritchBotanist/The_Eldritch_Botanist/EldritchBotanistGame/Content/_Audio/Splice_table_SFX/clear_table_from_ingredients.uasset" 1872
"C:/Users/Will/Desktop/Work/CHICO/EldritchBotanist/The_Eldritch_Botanist/EldritchBotanistGame/Content/_Audio/Splice_table_SFX/clear_table_from_ingredients.uexp" 1873
"C:/Users/Will/Desktop/Work/CHICO/EldritchBotanist/The_Eldritch_Botanist/EldritchBotanistGame/Content/_Blueprints/UI/DayUI/Tables/WBP_SplicinTable.uasset" 1874
"C:/Users/Will/Desktop/Work/CHICO/EldritchBotanist/The_Eldritch_Botanist/EldritchBotanistGame/Content/_Blueprints/UI/DayUI/Tables/WBP_SplicinTable.uexp" 1875
"C:/Users/Will/Desktop/Work/CHICO/EldritchBotanist/The_Eldritch_Botanist/EldritchBotanistGame/Content/_Blueprints/UI/DayUI/Tables/E_Table.uasset" 1876
"C:/Users/Will/Desktop/Work/CHICO/EldritchBotanist/The_Eldritch_Botanist/EldritchBotanistGame/Content/_Blueprints/UI/DayUI/Tables/E_Table.uexp" 1877
"../../../Engine/Content/EngineResources/Black.uasset" 1878
"../../../Engine/Content/EngineResources/Black.uexp" 1879
"C:/Users/Will/Desktop/Work/CHICO/EldritchBotanist/The_Eldritch_Botanist/EldritchBotanistGame/Content/_Images/LvlThumbs/YonderGarden_thumb.uasset" 1880
"C:/Users/Will/Desktop/Work/CHICO/EldritchBotanist/The_Eldritch_Botanist/EldritchBotanistGame/Content/_Images/LvlThumbs/YonderGarden_thumb.uexp" 1881
"C:/Users/Will/Desktop/Work/CHICO/EldritchBotanist/The_Eldritch_Botanist/EldritchBotanistGame/Content/_Images/LvlThumbs/Swamp_thumb.uasset" 1882
"C:/Users/Will/Desktop/Work/CHICO/EldritchBotanist/The_Eldritch_Botanist/EldritchBotanistGame/Content/_Images/LvlThumbs/Swamp_thumb.uexp" 1883
"C:/Users/Will/Desktop/Work/CHICO/EldritchBotanist/The_Eldritch_Botanist/EldritchBotanistGame/Content/_Images/LvlThumbs/Snowplains_thumb.uasset" 1884
"C:/Users/Will/Desktop/Work/CHICO/EldritchBotanist/The_Eldritch_Botanist/EldritchBotanistGame/Content/_Images/LvlThumbs/Snowplains_thumb.uexp" 1885
"C:/Users/Will/Desktop/Work/CHICO/EldritchBotanist/The_Eldritch_Botanist/EldritchBotanistGame/Content/_Images/LvlThumbs/Backyard_thumb.ubulk" 1886
"C:/Users/Will/Desktop/Work/CHICO/EldritchBotanist/The_Eldritch_Botanist/EldritchBotanistGame/Content/_Images/LvlThumbs/Backyard_thumb.uasset" 1887
"C:/Users/Will/Desktop/Work/CHICO/EldritchBotanist/The_Eldritch_Botanist/EldritchBotanistGame/Content/_Images/LvlThumbs/Backyard_thumb.uexp" 1888
"C:/Users/Will/Desktop/Work/CHICO/EldritchBotanist/The_Eldritch_Botanist/EldritchBotanistGame/Content/_Images/LvlThumbs/AForestedPath_thumb.uasset" 1889
"C:/Users/Will/Desktop/Work/CHICO/EldritchBotanist/The_Eldritch_Botanist/EldritchBotanistGame/Content/_Images/LvlThumbs/AForestedPath_thumb.uexp" 1890
"C:/Users/Will/Desktop/Work/CHICO/EldritchBotanist/The_Eldritch_Botanist/EldritchBotanistGame/Content/_Blueprints/UI/MenusUI/WBP_LevelSelect.uasset" 1891
"C:/Users/Will/Desktop/Work/CHICO/EldritchBotanist/The_Eldritch_Botanist/EldritchBotanistGame/Content/_Blueprints/UI/MenusUI/WBP_LevelSelect.uexp" 1892
"C:/Users/Will/Desktop/Work/CHICO/EldritchBotanist/The_Eldritch_Botanist/EldritchBotanistGame/Content/_Images/UI_Images/bookinternal.uasset" 1893
"C:/Users/Will/Desktop/Work/CHICO/EldritchBotanist/The_Eldritch_Botanist/EldritchBotanistGame/Content/_Images/UI_Images/bookinternal.uexp" 1894
"C:/Users/Will/Desktop/Work/CHICO/EldritchBotanist/The_Eldritch_Botanist/EldritchBotanistGame/Content/_Images/UI_Images/ArrowG_R.uasset" 1895
"C:/Users/Will/Desktop/Work/CHICO/EldritchBotanist/The_Eldritch_Botanist/EldritchBotanistGame/Content/_Images/UI_Images/ArrowG_R.uexp" 1896
"C:/Users/Will/Desktop/Work/CHICO/EldritchBotanist/The_Eldritch_Botanist/EldritchBotanistGame/Content/_Images/UI_Images/ArrowG.uasset" 1897
"C:/Users/Will/Desktop/Work/CHICO/EldritchBotanist/The_Eldritch_Botanist/EldritchBotanistGame/Content/_Images/UI_Images/ArrowG.uexp" 1898
"C:/Users/Will/Desktop/Work/CHICO/EldritchBotanist/The_Eldritch_Botanist/EldritchBotanistGame/Content/_Audio/Compendium_SFX/pageflip2.ubulk" 1899
"C:/Users/Will/Desktop/Work/CHICO/EldritchBotanist/The_Eldritch_Botanist/EldritchBotanistGame/Content/_Audio/Compendium_SFX/pageflip2.uasset" 1900
"C:/Users/Will/Desktop/Work/CHICO/EldritchBotanist/The_Eldritch_Botanist/EldritchBotanistGame/Content/_Audio/Compendium_SFX/pageflip2.uexp" 1901
"C:/Users/Will/Desktop/Work/CHICO/EldritchBotanist/The_Eldritch_Botanist/EldritchBotanistGame/Content/_Audio/Compendium_SFX/pageflip1.ubulk" 1902
"C:/Users/Will/Desktop/Work/CHICO/EldritchBotanist/The_Eldritch_Botanist/EldritchBotanistGame/Content/_Audio/Compendium_SFX/pageflip1.uasset" 1903
"C:/Users/Will/Desktop/Work/CHICO/EldritchBotanist/The_Eldritch_Botanist/EldritchBotanistGame/Content/_Audio/Compendium_SFX/pageflip1.uexp" 1904
"C:/Users/Will/Desktop/Work/CHICO/EldritchBotanist/The_Eldritch_Botanist/EldritchBotanistGame/Content/_Audio/Compendium_SFX/bookopen.ubulk" 1905
"C:/Users/Will/Desktop/Work/CHICO/EldritchBotanist/The_Eldritch_Botanist/EldritchBotanistGame/Content/_Audio/Compendium_SFX/bookopen.uasset" 1906
"C:/Users/Will/Desktop/Work/CHICO/EldritchBotanist/The_Eldritch_Botanist/EldritchBotanistGame/Content/_Audio/Compendium_SFX/bookopen.uexp" 1907
"C:/Users/Will/Desktop/Work/CHICO/EldritchBotanist/The_Eldritch_Botanist/EldritchBotanistGame/Content/_Blueprints/UI/DayUI/WBP_Compendium.uasset" 1908
"C:/Users/Will/Desktop/Work/CHICO/EldritchBotanist/The_Eldritch_Botanist/EldritchBotanistGame/Content/_Blueprints/UI/DayUI/WBP_Compendium.uexp" 1909
"C:/Users/Will/Desktop/Work/CHICO/EldritchBotanist/The_Eldritch_Botanist/EldritchBotanistGame/Content/_Images/UI_Images/ArrowY_R.uasset" 1910
"C:/Users/Will/Desktop/Work/CHICO/EldritchBotanist/The_Eldritch_Botanist/EldritchBotanistGame/Content/_Images/UI_Images/ArrowY_R.uexp" 1911
"C:/Users/Will/Desktop/Work/CHICO/EldritchBotanist/The_Eldritch_Botanist/EldritchBotanistGame/Content/_Images/UI_Images/ArrowY.uasset" 1912
"C:/Users/Will/Desktop/Work/CHICO/EldritchBotanist/The_Eldritch_Botanist/EldritchBotanistGame/Content/_Images/UI_Images/ArrowY.uexp" 1913
"C:/Users/Will/Desktop/Work/CHICO/EldritchBotanist/The_Eldritch_Botanist/EldritchBotanistGame/Content/_Audio/Other_buttons_SFX/Inpection_swap_with_arrows.ubulk" 1914
"C:/Users/Will/Desktop/Work/CHICO/EldritchBotanist/The_Eldritch_Botanist/EldritchBotanistGame/Content/_Audio/Other_buttons_SFX/Inpection_swap_with_arrows.uasset" 1915
"C:/Users/Will/Desktop/Work/CHICO/EldritchBotanist/The_Eldritch_Botanist/EldritchBotanistGame/Content/_Audio/Other_buttons_SFX/Inpection_swap_with_arrows.uexp" 1916
"C:/Users/Will/Desktop/Work/CHICO/EldritchBotanist/The_Eldritch_Botanist/EldritchBotanistGame/Content/_Blueprints/UI/DayUI/Tables/WBP_NextLastButtons.uasset" 1917
"C:/Users/Will/Desktop/Work/CHICO/EldritchBotanist/The_Eldritch_Botanist/EldritchBotanistGame/Content/_Blueprints/UI/DayUI/Tables/WBP_NextLastButtons.uexp" 1918
"C:/Users/Will/Desktop/Work/CHICO/EldritchBotanist/The_Eldritch_Botanist/EldritchBotanistGame/Content/_Audio/Other_buttons_SFX/startnight.ubulk" 1919
"C:/Users/Will/Desktop/Work/CHICO/EldritchBotanist/The_Eldritch_Botanist/EldritchBotanistGame/Content/_Audio/Other_buttons_SFX/startnight.uasset" 1920
"C:/Users/Will/Desktop/Work/CHICO/EldritchBotanist/The_Eldritch_Botanist/EldritchBotanistGame/Content/_Audio/Other_buttons_SFX/startnight.uexp" 1921
"C:/Users/Will/Desktop/Work/CHICO/EldritchBotanist/The_Eldritch_Botanist/EldritchBotanistGame/Content/_Blueprints/UI/DayUI/WBP_DayCycleUI.uasset" 1922
"C:/Users/Will/Desktop/Work/CHICO/EldritchBotanist/The_Eldritch_Botanist/EldritchBotanistGame/Content/_Blueprints/UI/DayUI/WBP_DayCycleUI.uexp" 1923
"C:/Users/Will/Desktop/Work/CHICO/EldritchBotanist/The_Eldritch_Botanist/EldritchBotanistGame/Content/_Blueprints/Character/Spawners/BP_PlantCam.uasset" 1924
"C:/Users/Will/Desktop/Work/CHICO/EldritchBotanist/The_Eldritch_Botanist/EldritchBotanistGame/Content/_Blueprints/Character/Spawners/BP_PlantCam.uexp" 1925
"C:/Users/Will/Desktop/Work/CHICO/EldritchBotanist/The_Eldritch_Botanist/EldritchBotanistGame/Content/_Scenes/Day_Level.uexp" 1926
"C:/Users/Will/Desktop/Work/CHICO/EldritchBotanist/The_Eldritch_Botanist/EldritchBotanistGame/Content/_Scenes/Day_Level.umap" 1927
"../../../Engine/Content/EngineMaterials/DefaultPhysicalMaterial.uasset" 1928
"../../../Engine/Content/EngineMaterials/DefaultPhysicalMaterial.uexp" 1929
"C:/Users/Will/Desktop/Work/CHICO/EldritchBotanist/The_Eldritch_Botanist/EldritchBotanistGame/Content/Layer_info/Path_LayerInfo.uasset" 1930
"C:/Users/Will/Desktop/Work/CHICO/EldritchBotanist/The_Eldritch_Botanist/EldritchBotanistGame/Content/Layer_info/Path_LayerInfo.uexp" 1931
"C:/Users/Will/Desktop/Work/CHICO/EldritchBotanist/The_Eldritch_Botanist/EldritchBotanistGame/Content/Layer_info/Grass_LayerInfo.uasset" 1932
"C:/Users/Will/Desktop/Work/CHICO/EldritchBotanist/The_Eldritch_Botanist/EldritchBotanistGame/Content/Layer_info/Grass_LayerInfo.uexp" 1933
"C:/Users/Will/Desktop/Work/CHICO/EldritchBotanist/The_Eldritch_Botanist/EldritchBotanistGame/Content/_Scenes/Menus/Main_Menu_Assets/BP_MenuPawn.uasset" 1934
"C:/Users/Will/Desktop/Work/CHICO/EldritchBotanist/The_Eldritch_Botanist/EldritchBotanistGame/Content/_Scenes/Menus/Main_Menu_Assets/BP_MenuPawn.uexp" 1935
"C:/Users/Will/Desktop/Work/CHICO/EldritchBotanist/The_Eldritch_Botanist/EldritchBotanistGame/Content/_Scenes/Menus/Main_Menu_Assets/BP_Main_Menu_GM.uasset" 1936
"C:/Users/Will/Desktop/Work/CHICO/EldritchBotanist/The_Eldritch_Botanist/EldritchBotanistGame/Content/_Scenes/Menus/Main_Menu_Assets/BP_Main_Menu_GM.uexp" 1937
"../../../Engine/Content/EngineMaterials/WeightMapPlaceholderTexture.uasset" 1938
"../../../Engine/Content/EngineMaterials/WeightMapPlaceholderTexture.uexp" 1939
"../../../Engine/Content/EngineMaterials/WeightMapArrayPlaceholderTexture.uasset" 1940
"../../../Engine/Content/EngineMaterials/WeightMapArrayPlaceholderTexture.uexp" 1941
"C:/Users/Will/Desktop/Work/CHICO/EldritchBotanist/The_Eldritch_Botanist/EldritchBotanistGame/Content/_Materials/Textures/Environment/grassPplane_standardSurface1_BaseColor.ubulk" 1942
"C:/Users/Will/Desktop/Work/CHICO/EldritchBotanist/The_Eldritch_Botanist/EldritchBotanistGame/Content/_Materials/Textures/Environment/grassPplane_standardSurface1_BaseColor.uasset" 1943
"C:/Users/Will/Desktop/Work/CHICO/EldritchBotanist/The_Eldritch_Botanist/EldritchBotanistGame/Content/_Materials/Textures/Environment/grassPplane_standardSurface1_BaseColor.uexp" 1944
"C:/Users/Will/Desktop/Work/CHICO/EldritchBotanist/The_Eldritch_Botanist/EldritchBotanistGame/Content/_Materials/Textures/Environment/grassPplane_standardSurface1_Normal.ubulk" 1945
"C:/Users/Will/Desktop/Work/CHICO/EldritchBotanist/The_Eldritch_Botanist/EldritchBotanistGame/Content/_Materials/Textures/Environment/grassPplane_standardSurface1_Normal.uasset" 1946
"C:/Users/Will/Desktop/Work/CHICO/EldritchBotanist/The_Eldritch_Botanist/EldritchBotanistGame/Content/_Materials/Textures/Environment/grassPplane_standardSurface1_Normal.uexp" 1947
"C:/Users/Will/Desktop/Work/CHICO/EldritchBotanist/The_Eldritch_Botanist/EldritchBotanistGame/Content/_Materials/Textures/Environment/grassPplane_standardSurface1_OcclusionRoughnessMetallic.ubulk" 1948
"C:/Users/Will/Desktop/Work/CHICO/EldritchBotanist/The_Eldritch_Botanist/EldritchBotanistGame/Content/_Materials/Textures/Environment/grassPplane_standardSurface1_OcclusionRoughnessMetallic.uasset" 1949
"C:/Users/Will/Desktop/Work/CHICO/EldritchBotanist/The_Eldritch_Botanist/EldritchBotanistGame/Content/_Materials/Textures/Environment/grassPplane_standardSurface1_OcclusionRoughnessMetallic.uexp" 1950
"C:/Users/Will/Desktop/Work/CHICO/EldritchBotanist/The_Eldritch_Botanist/EldritchBotanistGame/Content/_Materials/m_ForestGround_Landscape.uasset" 1951
"C:/Users/Will/Desktop/Work/CHICO/EldritchBotanist/The_Eldritch_Botanist/EldritchBotanistGame/Content/_Materials/m_ForestGround_Landscape.uexp" 1952
"C:/Users/Will/Desktop/Work/CHICO/EldritchBotanist/The_Eldritch_Botanist/EldritchBotanistGame/Content/_Materials/Textures/Props/props_tree_m_tree_OcclusionRoughnessMetallic.ubulk" 1953
"C:/Users/Will/Desktop/Work/CHICO/EldritchBotanist/The_Eldritch_Botanist/EldritchBotanistGame/Content/_Materials/Textures/Props/props_tree_m_tree_OcclusionRoughnessMetallic.uasset" 1954
"C:/Users/Will/Desktop/Work/CHICO/EldritchBotanist/The_Eldritch_Botanist/EldritchBotanistGame/Content/_Materials/Textures/Props/props_tree_m_tree_OcclusionRoughnessMetallic.uexp" 1955
"C:/Users/Will/Desktop/Work/CHICO/EldritchBotanist/The_Eldritch_Botanist/EldritchBotanistGame/Content/_Materials/Textures/Props/props_tree_m_tree_Normal.ubulk" 1956
"C:/Users/Will/Desktop/Work/CHICO/EldritchBotanist/The_Eldritch_Botanist/EldritchBotanistGame/Content/_Materials/Textures/Props/props_tree_m_tree_Normal.uasset" 1957
"C:/Users/Will/Desktop/Work/CHICO/EldritchBotanist/The_Eldritch_Botanist/EldritchBotanistGame/Content/_Materials/Textures/Props/props_tree_m_tree_Normal.uexp" 1958
"C:/Users/Will/Desktop/Work/CHICO/EldritchBotanist/The_Eldritch_Botanist/EldritchBotanistGame/Content/_Materials/Textures/Props/props_tree_m_tree_BaseColor.ubulk" 1959
"C:/Users/Will/Desktop/Work/CHICO/EldritchBotanist/The_Eldritch_Botanist/EldritchBotanistGame/Content/_Materials/Textures/Props/props_tree_m_tree_BaseColor.uasset" 1960
"C:/Users/Will/Desktop/Work/CHICO/EldritchBotanist/The_Eldritch_Botanist/EldritchBotanistGame/Content/_Materials/Textures/Props/props_tree_m_tree_BaseColor.uexp" 1961
"C:/Users/Will/Desktop/Work/CHICO/EldritchBotanist/The_Eldritch_Botanist/EldritchBotanistGame/Content/_Materials/m_trees.uasset" 1962
"C:/Users/Will/Desktop/Work/CHICO/EldritchBotanist/The_Eldritch_Botanist/EldritchBotanistGame/Content/_Materials/m_trees.uexp" 1963
"C:/Users/Will/Desktop/Work/CHICO/EldritchBotanist/The_Eldritch_Botanist/EldritchBotanistGame/Content/_Blueprints/Character/Environments/Environment_Models/props_tree2.ubulk" 1964
"C:/Users/Will/Desktop/Work/CHICO/EldritchBotanist/The_Eldritch_Botanist/EldritchBotanistGame/Content/_Blueprints/Character/Environments/Environment_Models/props_tree2.uasset" 1965
"C:/Users/Will/Desktop/Work/CHICO/EldritchBotanist/The_Eldritch_Botanist/EldritchBotanistGame/Content/_Blueprints/Character/Environments/Environment_Models/props_tree2.uexp" 1966
"C:/Users/Will/Desktop/Work/CHICO/EldritchBotanist/The_Eldritch_Botanist/EldritchBotanistGame/Content/_Blueprints/Character/Environments/BP_Tree2Naked.uasset" 1967
"C:/Users/Will/Desktop/Work/CHICO/EldritchBotanist/The_Eldritch_Botanist/EldritchBotanistGame/Content/_Blueprints/Character/Environments/BP_Tree2Naked.uexp" 1968
"C:/Users/Will/Desktop/Work/CHICO/EldritchBotanist/The_Eldritch_Botanist/EldritchBotanistGame/Content/_Blueprints/Character/Environments/Environment_Models/props_tree.ubulk" 1969
"C:/Users/Will/Desktop/Work/CHICO/EldritchBotanist/The_Eldritch_Botanist/EldritchBotanistGame/Content/_Blueprints/Character/Environments/Environment_Models/props_tree.uasset" 1970
"C:/Users/Will/Desktop/Work/CHICO/EldritchBotanist/The_Eldritch_Botanist/EldritchBotanistGame/Content/_Blueprints/Character/Environments/Environment_Models/props_tree.uexp" 1971
"C:/Users/Will/Desktop/Work/CHICO/EldritchBotanist/The_Eldritch_Botanist/EldritchBotanistGame/Content/_Blueprints/Character/Environments/BP_Tree1Naked.uasset" 1972
"C:/Users/Will/Desktop/Work/CHICO/EldritchBotanist/The_Eldritch_Botanist/EldritchBotanistGame/Content/_Blueprints/Character/Environments/BP_Tree1Naked.uexp" 1973
"C:/Users/Will/Desktop/Work/CHICO/EldritchBotanist/The_Eldritch_Botanist/EldritchBotanistGame/Content/_Materials/Textures/Props/props_tree_leaves_m_leaves_OcclusionRoughnessMetallic.ubulk" 1974
"C:/Users/Will/Desktop/Work/CHICO/EldritchBotanist/The_Eldritch_Botanist/EldritchBotanistGame/Content/_Materials/Textures/Props/props_tree_leaves_m_leaves_OcclusionRoughnessMetallic.uasset" 1975
"C:/Users/Will/Desktop/Work/CHICO/EldritchBotanist/The_Eldritch_Botanist/EldritchBotanistGame/Content/_Materials/Textures/Props/props_tree_leaves_m_leaves_OcclusionRoughnessMetallic.uexp" 1976
"C:/Users/Will/Desktop/Work/CHICO/EldritchBotanist/The_Eldritch_Botanist/EldritchBotanistGame/Content/_Materials/Textures/Props/props_tree_leaves_m_leaves_Normal.ubulk" 1977
"C:/Users/Will/Desktop/Work/CHICO/EldritchBotanist/The_Eldritch_Botanist/EldritchBotanistGame/Content/_Materials/Textures/Props/props_tree_leaves_m_leaves_Normal.uasset" 1978
"C:/Users/Will/Desktop/Work/CHICO/EldritchBotanist/The_Eldritch_Botanist/EldritchBotanistGame/Content/_Materials/Textures/Props/props_tree_leaves_m_leaves_Normal.uexp" 1979
"C:/Users/Will/Desktop/Work/CHICO/EldritchBotanist/The_Eldritch_Botanist/EldritchBotanistGame/Content/_Materials/Textures/Props/props_tree_leaves_m_leaves_BaseColor.ubulk" 1980
"C:/Users/Will/Desktop/Work/CHICO/EldritchBotanist/The_Eldritch_Botanist/EldritchBotanistGame/Content/_Materials/Textures/Props/props_tree_leaves_m_leaves_BaseColor.uasset" 1981
"C:/Users/Will/Desktop/Work/CHICO/EldritchBotanist/The_Eldritch_Botanist/EldritchBotanistGame/Content/_Materials/Textures/Props/props_tree_leaves_m_leaves_BaseColor.uexp" 1982
"C:/Users/Will/Desktop/Work/CHICO/EldritchBotanist/The_Eldritch_Botanist/EldritchBotanistGame/Content/_Materials/m_leaves.uasset" 1983
"C:/Users/Will/Desktop/Work/CHICO/EldritchBotanist/The_Eldritch_Botanist/EldritchBotanistGame/Content/_Materials/m_leaves.uexp" 1984
"C:/Users/Will/Desktop/Work/CHICO/EldritchBotanist/The_Eldritch_Botanist/EldritchBotanistGame/Content/_Blueprints/Character/Environments/Environment_Models/props_leaves_tree1.ubulk" 1985
"C:/Users/Will/Desktop/Work/CHICO/EldritchBotanist/The_Eldritch_Botanist/EldritchBotanistGame/Content/_Blueprints/Character/Environments/Environment_Models/props_leaves_tree1.uasset" 1986
"C:/Users/Will/Desktop/Work/CHICO/EldritchBotanist/The_Eldritch_Botanist/EldritchBotanistGame/Content/_Blueprints/Character/Environments/Environment_Models/props_leaves_tree1.uexp" 1987
"C:/Users/Will/Desktop/Work/CHICO/EldritchBotanist/The_Eldritch_Botanist/EldritchBotanistGame/Content/_Blueprints/Character/Environments/BP_Tree1.uasset" 1988
"C:/Users/Will/Desktop/Work/CHICO/EldritchBotanist/The_Eldritch_Botanist/EldritchBotanistGame/Content/_Blueprints/Character/Environments/BP_Tree1.uexp" 1989
"C:/Users/Will/Desktop/Work/CHICO/EldritchBotanist/The_Eldritch_Botanist/EldritchBotanistGame/Content/_Materials/Textures/Props/props_stumps_m_props_Stump_OcclusionRoughnessMetallic.ubulk" 1990
"C:/Users/Will/Desktop/Work/CHICO/EldritchBotanist/The_Eldritch_Botanist/EldritchBotanistGame/Content/_Materials/Textures/Props/props_stumps_m_props_Stump_OcclusionRoughnessMetallic.uasset" 1991
"C:/Users/Will/Desktop/Work/CHICO/EldritchBotanist/The_Eldritch_Botanist/EldritchBotanistGame/Content/_Materials/Textures/Props/props_stumps_m_props_Stump_OcclusionRoughnessMetallic.uexp" 1992
"C:/Users/Will/Desktop/Work/CHICO/EldritchBotanist/The_Eldritch_Botanist/EldritchBotanistGame/Content/_Materials/Textures/Props/props_stumps_m_props_Stump_Normal.ubulk" 1993
"C:/Users/Will/Desktop/Work/CHICO/EldritchBotanist/The_Eldritch_Botanist/EldritchBotanistGame/Content/_Materials/Textures/Props/props_stumps_m_props_Stump_Normal.uasset" 1994
"C:/Users/Will/Desktop/Work/CHICO/EldritchBotanist/The_Eldritch_Botanist/EldritchBotanistGame/Content/_Materials/Textures/Props/props_stumps_m_props_Stump_Normal.uexp" 1995
"C:/Users/Will/Desktop/Work/CHICO/EldritchBotanist/The_Eldritch_Botanist/EldritchBotanistGame/Content/_Materials/Textures/Props/props_stumps_m_props_Stump_BaseColor.ubulk" 1996
"C:/Users/Will/Desktop/Work/CHICO/EldritchBotanist/The_Eldritch_Botanist/EldritchBotanistGame/Content/_Materials/Textures/Props/props_stumps_m_props_Stump_BaseColor.uasset" 1997
"C:/Users/Will/Desktop/Work/CHICO/EldritchBotanist/The_Eldritch_Botanist/EldritchBotanistGame/Content/_Materials/Textures/Props/props_stumps_m_props_Stump_BaseColor.uexp" 1998
"C:/Users/Will/Desktop/Work/CHICO/EldritchBotanist/The_Eldritch_Botanist/EldritchBotanistGame/Content/_Materials/m_props_Stump.uasset" 1999
"C:/Users/Will/Desktop/Work/CHICO/EldritchBotanist/The_Eldritch_Botanist/EldritchBotanistGame/Content/_Materials/m_props_Stump.uexp" 2000
"C:/Users/Will/Desktop/Work/CHICO/EldritchBotanist/The_Eldritch_Botanist/EldritchBotanistGame/Content/_Blueprints/Character/Environments/Environment_Models/props_stump1.ubulk" 2001
"C:/Users/Will/Desktop/Work/CHICO/EldritchBotanist/The_Eldritch_Botanist/EldritchBotanistGame/Content/_Blueprints/Character/Environments/Environment_Models/props_stump1.uasset" 2002
"C:/Users/Will/Desktop/Work/CHICO/EldritchBotanist/The_Eldritch_Botanist/EldritchBotanistGame/Content/_Blueprints/Character/Environments/Environment_Models/props_stump1.uexp" 2003
"C:/Users/Will/Desktop/Work/CHICO/EldritchBotanist/The_Eldritch_Botanist/EldritchBotanistGame/Content/_Blueprints/Character/Environments/BP_Stump1.uasset" 2004
"C:/Users/Will/Desktop/Work/CHICO/EldritchBotanist/The_Eldritch_Botanist/EldritchBotanistGame/Content/_Blueprints/Character/Environments/BP_Stump1.uexp" 2005
"C:/Users/Will/Desktop/Work/CHICO/EldritchBotanist/The_Eldritch_Botanist/EldritchBotanistGame/Content/_Blueprints/Character/Environments/Environment_Models/props_stump2.ubulk" 2006
"C:/Users/Will/Desktop/Work/CHICO/EldritchBotanist/The_Eldritch_Botanist/EldritchBotanistGame/Content/_Blueprints/Character/Environments/Environment_Models/props_stump2.uasset" 2007
"C:/Users/Will/Desktop/Work/CHICO/EldritchBotanist/The_Eldritch_Botanist/EldritchBotanistGame/Content/_Blueprints/Character/Environments/Environment_Models/props_stump2.uexp" 2008
"C:/Users/Will/Desktop/Work/CHICO/EldritchBotanist/The_Eldritch_Botanist/EldritchBotanistGame/Content/_Blueprints/Character/Environments/BP_Stump2.uasset" 2009
"C:/Users/Will/Desktop/Work/CHICO/EldritchBotanist/The_Eldritch_Botanist/EldritchBotanistGame/Content/_Blueprints/Character/Environments/BP_Stump2.uexp" 2010
"C:/Users/Will/Desktop/Work/CHICO/EldritchBotanist/The_Eldritch_Botanist/EldritchBotanistGame/Content/_Blueprints/UI/MenusUI/WBP_Credits.uasset" 2011
"C:/Users/Will/Desktop/Work/CHICO/EldritchBotanist/The_Eldritch_Botanist/EldritchBotanistGame/Content/_Blueprints/UI/MenusUI/WBP_Credits.uexp" 2012
"C:/Users/Will/Desktop/Work/CHICO/EldritchBotanist/The_Eldritch_Botanist/EldritchBotanistGame/Content/_Blueprints/UI/MenusUI/WBP_MainMenu.uasset" 2013
"C:/Users/Will/Desktop/Work/CHICO/EldritchBotanist/The_Eldritch_Botanist/EldritchBotanistGame/Content/_Blueprints/UI/MenusUI/WBP_MainMenu.uexp" 2014
"C:/Users/Will/Desktop/Work/CHICO/EldritchBotanist/The_Eldritch_Botanist/EldritchBotanistGame/Content/_Scenes/Menus/Main_Menu.uexp" 2015
"C:/Users/Will/Desktop/Work/CHICO/EldritchBotanist/The_Eldritch_Botanist/EldritchBotanistGame/Content/_Scenes/Menus/Main_Menu.ubulk" 2016
"C:/Users/Will/Desktop/Work/CHICO/EldritchBotanist/The_Eldritch_Botanist/EldritchBotanistGame/Content/_Scenes/Menus/Main_Menu.umap" 2017
"C:/Users/Will/Desktop/Work/CHICO/EldritchBotanist/The_Eldritch_Botanist/EldritchBotanistGame/Content/_Audio/Dying_SFX/Player_die.ubulk" 2018
"C:/Users/Will/Desktop/Work/CHICO/EldritchBotanist/The_Eldritch_Botanist/EldritchBotanistGame/Content/_Audio/Dying_SFX/Player_die.uasset" 2019
"C:/Users/Will/Desktop/Work/CHICO/EldritchBotanist/The_Eldritch_Botanist/EldritchBotanistGame/Content/_Audio/Dying_SFX/Player_die.uexp" 2020
"C:/Users/Will/Desktop/Work/CHICO/EldritchBotanist/The_Eldritch_Botanist/EldritchBotanistGame/Content/_Blueprints/UI/MenusUI/WBP_GameOver.uasset" 2021
"C:/Users/Will/Desktop/Work/CHICO/EldritchBotanist/The_Eldritch_Botanist/EldritchBotanistGame/Content/_Blueprints/UI/MenusUI/WBP_GameOver.uexp" 2022
"C:/Users/Will/Desktop/Work/CHICO/EldritchBotanist/The_Eldritch_Botanist/EldritchBotanistGame/Content/_Scenes/Menus/Game_Over.uexp" 2023
"C:/Users/Will/Desktop/Work/CHICO/EldritchBotanist/The_Eldritch_Botanist/EldritchBotanistGame/Content/_Scenes/Menus/Game_Over.umap" 2024
"../../../Engine/Content/EditorResources/FieldNodes/_Resources/M_FieldRadiusPreview.uasset" 2025
"../../../Engine/Content/EditorResources/FieldNodes/_Resources/M_FieldRadiusPreview.uexp" 2026
"../../../Engine/Content/EditorResources/FieldNodes/_Resources/MI_FieldRadiusPreview.uasset" 2027
"../../../Engine/Content/EditorResources/FieldNodes/_Resources/MI_FieldRadiusPreview.uexp" 2028
"C:/Users/Will/Desktop/Work/CHICO/EldritchBotanist/The_Eldritch_Botanist/EldritchBotanistGame/Content/_Blueprints/Path_LayerInfo.uasset" 2029
"C:/Users/Will/Desktop/Work/CHICO/EldritchBotanist/The_Eldritch_Botanist/EldritchBotanistGame/Content/_Blueprints/Path_LayerInfo.uexp" 2030
"C:/Users/Will/Desktop/Work/CHICO/EldritchBotanist/The_Eldritch_Botanist/EldritchBotanistGame/Content/_Blueprints/Grass_LayerInfo.uasset" 2031
"C:/Users/Will/Desktop/Work/CHICO/EldritchBotanist/The_Eldritch_Botanist/EldritchBotanistGame/Content/_Blueprints/Grass_LayerInfo.uexp" 2032
"C:/Users/Will/Desktop/Work/CHICO/EldritchBotanist/The_Eldritch_Botanist/EldritchBotanistGame/Content/_Scenes/Levels/_GENERATED/sjgon/Path_EA50549A.ubulk" 2033
"C:/Users/Will/Desktop/Work/CHICO/EldritchBotanist/The_Eldritch_Botanist/EldritchBotanistGame/Content/_Scenes/Levels/_GENERATED/sjgon/Path_EA50549A.uasset" 2034
"C:/Users/Will/Desktop/Work/CHICO/EldritchBotanist/The_Eldritch_Botanist/EldritchBotanistGame/Content/_Scenes/Levels/_GENERATED/sjgon/Path_EA50549A.uexp" 2035
"C:/Users/Will/Desktop/Work/CHICO/EldritchBotanist/The_Eldritch_Botanist/EldritchBotanistGame/Content/_Scenes/Levels/_GENERATED/sjgon/Path_C7DED457.ubulk" 2036
"C:/Users/Will/Desktop/Work/CHICO/EldritchBotanist/The_Eldritch_Botanist/EldritchBotanistGame/Content/_Scenes/Levels/_GENERATED/sjgon/Path_C7DED457.uasset" 2037
"C:/Users/Will/Desktop/Work/CHICO/EldritchBotanist/The_Eldritch_Botanist/EldritchBotanistGame/Content/_Scenes/Levels/_GENERATED/sjgon/Path_C7DED457.uexp" 2038
"C:/Users/Will/Desktop/Work/CHICO/EldritchBotanist/The_Eldritch_Botanist/EldritchBotanistGame/Content/_Scenes/Levels/_GENERATED/sjgon/Path_52C512C4.ubulk" 2039
"C:/Users/Will/Desktop/Work/CHICO/EldritchBotanist/The_Eldritch_Botanist/EldritchBotanistGame/Content/_Scenes/Levels/_GENERATED/sjgon/Path_52C512C4.uasset" 2040
"C:/Users/Will/Desktop/Work/CHICO/EldritchBotanist/The_Eldritch_Botanist/EldritchBotanistGame/Content/_Scenes/Levels/_GENERATED/sjgon/Path_52C512C4.uexp" 2041
"C:/Users/Will/Desktop/Work/CHICO/EldritchBotanist/The_Eldritch_Botanist/EldritchBotanistGame/Content/_Materials/Textures/Props/props_ext_props_m_ext_props_BaseColor.ubulk" 2042
"C:/Users/Will/Desktop/Work/CHICO/EldritchBotanist/The_Eldritch_Botanist/EldritchBotanistGame/Content/_Materials/Textures/Props/props_ext_props_m_ext_props_BaseColor.uasset" 2043
"C:/Users/Will/Desktop/Work/CHICO/EldritchBotanist/The_Eldritch_Botanist/EldritchBotanistGame/Content/_Materials/Textures/Props/props_ext_props_m_ext_props_BaseColor.uexp" 2044
"C:/Users/Will/Desktop/Work/CHICO/EldritchBotanist/The_Eldritch_Botanist/EldritchBotanistGame/Content/_Materials/Textures/Props/props_ext_props_m_ext_props_Normal.ubulk" 2045
"C:/Users/Will/Desktop/Work/CHICO/EldritchBotanist/The_Eldritch_Botanist/EldritchBotanistGame/Content/_Materials/Textures/Props/props_ext_props_m_ext_props_Normal.uasset" 2046
"C:/Users/Will/Desktop/Work/CHICO/EldritchBotanist/The_Eldritch_Botanist/EldritchBotanistGame/Content/_Materials/Textures/Props/props_ext_props_m_ext_props_Normal.uexp" 2047
"C:/Users/Will/Desktop/Work/CHICO/EldritchBotanist/The_Eldritch_Botanist/EldritchBotanistGame/Content/_Materials/Textures/Props/props_ext_props_m_ext_props_OcclusionRoughnessMetallic.ubulk" 2048
"C:/Users/Will/Desktop/Work/CHICO/EldritchBotanist/The_Eldritch_Botanist/EldritchBotanistGame/Content/_Materials/Textures/Props/props_ext_props_m_ext_props_OcclusionRoughnessMetallic.uasset" 2049
"C:/Users/Will/Desktop/Work/CHICO/EldritchBotanist/The_Eldritch_Botanist/EldritchBotanistGame/Content/_Materials/Textures/Props/props_ext_props_m_ext_props_OcclusionRoughnessMetallic.uexp" 2050
"C:/Users/Will/Desktop/Work/CHICO/EldritchBotanist/The_Eldritch_Botanist/EldritchBotanistGame/Content/_Materials/m_external_props.uasset" 2051
"C:/Users/Will/Desktop/Work/CHICO/EldritchBotanist/The_Eldritch_Botanist/EldritchBotanistGame/Content/_Materials/m_external_props.uexp" 2052
"C:/Users/Will/Desktop/Work/CHICO/EldritchBotanist/The_Eldritch_Botanist/EldritchBotanistGame/Content/_Blueprints/Character/Environments/Environment_Models/Props_Fence5.ubulk" 2053
"C:/Users/Will/Desktop/Work/CHICO/EldritchBotanist/The_Eldritch_Botanist/EldritchBotanistGame/Content/_Blueprints/Character/Environments/Environment_Models/Props_Fence5.uasset" 2054
"C:/Users/Will/Desktop/Work/CHICO/EldritchBotanist/The_Eldritch_Botanist/EldritchBotanistGame/Content/_Blueprints/Character/Environments/Environment_Models/Props_Fence5.uexp" 2055
"C:/Users/Will/Desktop/Work/CHICO/EldritchBotanist/The_Eldritch_Botanist/EldritchBotanistGame/Content/_Blueprints/Character/Environments/Environment_Models/Props_Fence1_ncl_1.ubulk" 2056
"C:/Users/Will/Desktop/Work/CHICO/EldritchBotanist/The_Eldritch_Botanist/EldritchBotanistGame/Content/_Blueprints/Character/Environments/Environment_Models/Props_Fence1_ncl_1.uasset" 2057
"C:/Users/Will/Desktop/Work/CHICO/EldritchBotanist/The_Eldritch_Botanist/EldritchBotanistGame/Content/_Blueprints/Character/Environments/Environment_Models/Props_Fence1_ncl_1.uexp" 2058
"C:/Users/Will/Desktop/Work/CHICO/EldritchBotanist/The_Eldritch_Botanist/EldritchBotanistGame/Content/_Blueprints/Character/Environments/Environment_Models/Props_Fence4.ubulk" 2059
"C:/Users/Will/Desktop/Work/CHICO/EldritchBotanist/The_Eldritch_Botanist/EldritchBotanistGame/Content/_Blueprints/Character/Environments/Environment_Models/Props_Fence4.uasset" 2060
"C:/Users/Will/Desktop/Work/CHICO/EldritchBotanist/The_Eldritch_Botanist/EldritchBotanistGame/Content/_Blueprints/Character/Environments/Environment_Models/Props_Fence4.uexp" 2061
"C:/Users/Will/Desktop/Work/CHICO/EldritchBotanist/The_Eldritch_Botanist/EldritchBotanistGame/Content/_Blueprints/Character/Environments/Environment_Models/Props_Fence2.ubulk" 2062
"C:/Users/Will/Desktop/Work/CHICO/EldritchBotanist/The_Eldritch_Botanist/EldritchBotanistGame/Content/_Blueprints/Character/Environments/Environment_Models/Props_Fence2.uasset" 2063
"C:/Users/Will/Desktop/Work/CHICO/EldritchBotanist/The_Eldritch_Botanist/EldritchBotanistGame/Content/_Blueprints/Character/Environments/Environment_Models/Props_Fence2.uexp" 2064
"C:/Users/Will/Desktop/Work/CHICO/EldritchBotanist/The_Eldritch_Botanist/EldritchBotanistGame/Content/_Blueprints/Character/Environments/Environment_Models/Props_Fence1.ubulk" 2065
"C:/Users/Will/Desktop/Work/CHICO/EldritchBotanist/The_Eldritch_Botanist/EldritchBotanistGame/Content/_Blueprints/Character/Environments/Environment_Models/Props_Fence1.uasset" 2066
"C:/Users/Will/Desktop/Work/CHICO/EldritchBotanist/The_Eldritch_Botanist/EldritchBotanistGame/Content/_Blueprints/Character/Environments/Environment_Models/Props_Fence1.uexp" 2067
"C:/Users/Will/Desktop/Work/CHICO/EldritchBotanist/The_Eldritch_Botanist/EldritchBotanistGame/Content/_Blueprints/Character/Environments/BP_Fence1.uasset" 2068
"C:/Users/Will/Desktop/Work/CHICO/EldritchBotanist/The_Eldritch_Botanist/EldritchBotanistGame/Content/_Blueprints/Character/Environments/BP_Fence1.uexp" 2069
"C:/Users/Will/Desktop/Work/CHICO/EldritchBotanist/The_Eldritch_Botanist/EldritchBotanistGame/Content/_Blueprints/Character/Environments/BP_Fence2.uasset" 2070
"C:/Users/Will/Desktop/Work/CHICO/EldritchBotanist/The_Eldritch_Botanist/EldritchBotanistGame/Content/_Blueprints/Character/Environments/BP_Fence2.uexp" 2071
"C:/Users/Will/Desktop/Work/CHICO/EldritchBotanist/The_Eldritch_Botanist/EldritchBotanistGame/Content/_Blueprints/Character/Environments/BP_FenceCorner.uasset" 2072
"C:/Users/Will/Desktop/Work/CHICO/EldritchBotanist/The_Eldritch_Botanist/EldritchBotanistGame/Content/_Blueprints/Character/Environments/BP_FenceCorner.uexp" 2073
"C:/Users/Will/Desktop/Work/CHICO/EldritchBotanist/The_Eldritch_Botanist/EldritchBotanistGame/Content/_Blueprints/Character/Environments/Environment_Models/Props_Gravestone.ubulk" 2074
"C:/Users/Will/Desktop/Work/CHICO/EldritchBotanist/The_Eldritch_Botanist/EldritchBotanistGame/Content/_Blueprints/Character/Environments/Environment_Models/Props_Gravestone.uasset" 2075
"C:/Users/Will/Desktop/Work/CHICO/EldritchBotanist/The_Eldritch_Botanist/EldritchBotanistGame/Content/_Blueprints/Character/Environments/Environment_Models/Props_Gravestone.uexp" 2076
"C:/Users/Will/Desktop/Work/CHICO/EldritchBotanist/The_Eldritch_Botanist/EldritchBotanistGame/Content/_Blueprints/Character/Environments/BP_GraveStone.uasset" 2077
"C:/Users/Will/Desktop/Work/CHICO/EldritchBotanist/The_Eldritch_Botanist/EldritchBotanistGame/Content/_Blueprints/Character/Environments/BP_GraveStone.uexp" 2078
"C:/Users/Will/Desktop/Work/CHICO/EldritchBotanist/The_Eldritch_Botanist/EldritchBotanistGame/Content/_Blueprints/Character/Environments/Environment_Models/Props_Gravestone1.ubulk" 2079
"C:/Users/Will/Desktop/Work/CHICO/EldritchBotanist/The_Eldritch_Botanist/EldritchBotanistGame/Content/_Blueprints/Character/Environments/Environment_Models/Props_Gravestone1.uasset" 2080
"C:/Users/Will/Desktop/Work/CHICO/EldritchBotanist/The_Eldritch_Botanist/EldritchBotanistGame/Content/_Blueprints/Character/Environments/Environment_Models/Props_Gravestone1.uexp" 2081
"C:/Users/Will/Desktop/Work/CHICO/EldritchBotanist/The_Eldritch_Botanist/EldritchBotanistGame/Content/_Blueprints/Character/Environments/BP_GraveStone2.uasset" 2082
"C:/Users/Will/Desktop/Work/CHICO/EldritchBotanist/The_Eldritch_Botanist/EldritchBotanistGame/Content/_Blueprints/Character/Environments/BP_GraveStone2.uexp" 2083
"C:/Users/Will/Desktop/Work/CHICO/EldritchBotanist/The_Eldritch_Botanist/EldritchBotanistGame/Content/_Blueprints/Character/Environments/Environment_Models/Props_Gravestone2.ubulk" 2084
"C:/Users/Will/Desktop/Work/CHICO/EldritchBotanist/The_Eldritch_Botanist/EldritchBotanistGame/Content/_Blueprints/Character/Environments/Environment_Models/Props_Gravestone2.uasset" 2085
"C:/Users/Will/Desktop/Work/CHICO/EldritchBotanist/The_Eldritch_Botanist/EldritchBotanistGame/Content/_Blueprints/Character/Environments/Environment_Models/Props_Gravestone2.uexp" 2086
"C:/Users/Will/Desktop/Work/CHICO/EldritchBotanist/The_Eldritch_Botanist/EldritchBotanistGame/Content/_Blueprints/Character/Environments/BP_GraveStone3.uasset" 2087
"C:/Users/Will/Desktop/Work/CHICO/EldritchBotanist/The_Eldritch_Botanist/EldritchBotanistGame/Content/_Blueprints/Character/Environments/BP_GraveStone3.uexp" 2088
"C:/Users/Will/Desktop/Work/CHICO/EldritchBotanist/The_Eldritch_Botanist/EldritchBotanistGame/Content/_Blueprints/Character/Environments/Environment_Models/Props_Dead_hand.ubulk" 2089
"C:/Users/Will/Desktop/Work/CHICO/EldritchBotanist/The_Eldritch_Botanist/EldritchBotanistGame/Content/_Blueprints/Character/Environments/Environment_Models/Props_Dead_hand.uasset" 2090
"C:/Users/Will/Desktop/Work/CHICO/EldritchBotanist/The_Eldritch_Botanist/EldritchBotanistGame/Content/_Blueprints/Character/Environments/Environment_Models/Props_Dead_hand.uexp" 2091
"C:/Users/Will/Desktop/Work/CHICO/EldritchBotanist/The_Eldritch_Botanist/EldritchBotanistGame/Content/_Blueprints/Character/Environments/BP_Hand.uasset" 2092
"C:/Users/Will/Desktop/Work/CHICO/EldritchBotanist/The_Eldritch_Botanist/EldritchBotanistGame/Content/_Blueprints/Character/Environments/BP_Hand.uexp" 2093
"C:/Users/Will/Desktop/Work/CHICO/EldritchBotanist/The_Eldritch_Botanist/EldritchBotanistGame/Content/_Scenes/Levels/Night_Tutorial.uexp" 2094
"C:/Users/Will/Desktop/Work/CHICO/EldritchBotanist/The_Eldritch_Botanist/EldritchBotanistGame/Content/_Scenes/Levels/Night_Tutorial.ubulk" 2095
"C:/Users/Will/Desktop/Work/CHICO/EldritchBotanist/The_Eldritch_Botanist/EldritchBotanistGame/Content/_Scenes/Levels/Night_Tutorial.umap" 2096
"C:/Users/Will/Desktop/Work/CHICO/EldritchBotanist/The_Eldritch_Botanist/EldritchBotanistGame/Content/Layer_info/SnowyGrass_Lvl4LayerInfo.uasset" 2097
"C:/Users/Will/Desktop/Work/CHICO/EldritchBotanist/The_Eldritch_Botanist/EldritchBotanistGame/Content/Layer_info/SnowyGrass_Lvl4LayerInfo.uexp" 2098
"C:/Users/Will/Desktop/Work/CHICO/EldritchBotanist/The_Eldritch_Botanist/EldritchBotanistGame/Content/Layer_info/Path_Lvl4LayerInfo.uasset" 2099
"C:/Users/Will/Desktop/Work/CHICO/EldritchBotanist/The_Eldritch_Botanist/EldritchBotanistGame/Content/Layer_info/Path_Lvl4LayerInfo.uexp" 2100
"C:/Users/Will/Desktop/Work/CHICO/EldritchBotanist/The_Eldritch_Botanist/EldritchBotanistGame/Content/_Blueprints/Character/Environments/Environment_Models/props_leaves_tree2.ubulk" 2101
"C:/Users/Will/Desktop/Work/CHICO/EldritchBotanist/The_Eldritch_Botanist/EldritchBotanistGame/Content/_Blueprints/Character/Environments/Environment_Models/props_leaves_tree2.uasset" 2102
"C:/Users/Will/Desktop/Work/CHICO/EldritchBotanist/The_Eldritch_Botanist/EldritchBotanistGame/Content/_Blueprints/Character/Environments/Environment_Models/props_leaves_tree2.uexp" 2103
"C:/Users/Will/Desktop/Work/CHICO/EldritchBotanist/The_Eldritch_Botanist/EldritchBotanistGame/Content/_Materials/Textures/Props/props_tree_leaves_snow_m_snow_OcclusionRoughnessMetallic.ubulk" 2104
"C:/Users/Will/Desktop/Work/CHICO/EldritchBotanist/The_Eldritch_Botanist/EldritchBotanistGame/Content/_Materials/Textures/Props/props_tree_leaves_snow_m_snow_OcclusionRoughnessMetallic.uasset" 2105
"C:/Users/Will/Desktop/Work/CHICO/EldritchBotanist/The_Eldritch_Botanist/EldritchBotanistGame/Content/_Materials/Textures/Props/props_tree_leaves_snow_m_snow_OcclusionRoughnessMetallic.uexp" 2106
"C:/Users/Will/Desktop/Work/CHICO/EldritchBotanist/The_Eldritch_Botanist/EldritchBotanistGame/Content/_Materials/Textures/Props/props_tree_leaves_snow_m_snow_Normal.ubulk" 2107
"C:/Users/Will/Desktop/Work/CHICO/EldritchBotanist/The_Eldritch_Botanist/EldritchBotanistGame/Content/_Materials/Textures/Props/props_tree_leaves_snow_m_snow_Normal.uasset" 2108
"C:/Users/Will/Desktop/Work/CHICO/EldritchBotanist/The_Eldritch_Botanist/EldritchBotanistGame/Content/_Materials/Textures/Props/props_tree_leaves_snow_m_snow_Normal.uexp" 2109
"C:/Users/Will/Desktop/Work/CHICO/EldritchBotanist/The_Eldritch_Botanist/EldritchBotanistGame/Content/_Materials/Textures/Props/props_tree_leaves_snow_m_snow_BaseColor.ubulk" 2110
"C:/Users/Will/Desktop/Work/CHICO/EldritchBotanist/The_Eldritch_Botanist/EldritchBotanistGame/Content/_Materials/Textures/Props/props_tree_leaves_snow_m_snow_BaseColor.uasset" 2111
"C:/Users/Will/Desktop/Work/CHICO/EldritchBotanist/The_Eldritch_Botanist/EldritchBotanistGame/Content/_Materials/Textures/Props/props_tree_leaves_snow_m_snow_BaseColor.uexp" 2112
"C:/Users/Will/Desktop/Work/CHICO/EldritchBotanist/The_Eldritch_Botanist/EldritchBotanistGame/Content/_Materials/m_snow.uasset" 2113
"C:/Users/Will/Desktop/Work/CHICO/EldritchBotanist/The_Eldritch_Botanist/EldritchBotanistGame/Content/_Materials/m_snow.uexp" 2114
"C:/Users/Will/Desktop/Work/CHICO/EldritchBotanist/The_Eldritch_Botanist/EldritchBotanistGame/Content/_Blueprints/Character/Environments/Environment_Models/props_leaves_snow_tree_2.ubulk" 2115
"C:/Users/Will/Desktop/Work/CHICO/EldritchBotanist/The_Eldritch_Botanist/EldritchBotanistGame/Content/_Blueprints/Character/Environments/Environment_Models/props_leaves_snow_tree_2.uasset" 2116
"C:/Users/Will/Desktop/Work/CHICO/EldritchBotanist/The_Eldritch_Botanist/EldritchBotanistGame/Content/_Blueprints/Character/Environments/Environment_Models/props_leaves_snow_tree_2.uexp" 2117
"C:/Users/Will/Desktop/Work/CHICO/EldritchBotanist/The_Eldritch_Botanist/EldritchBotanistGame/Content/_Blueprints/Character/Environments/BP_Tree2Snow.uasset" 2118
"C:/Users/Will/Desktop/Work/CHICO/EldritchBotanist/The_Eldritch_Botanist/EldritchBotanistGame/Content/_Blueprints/Character/Environments/BP_Tree2Snow.uexp" 2119
"C:/Users/Will/Desktop/Work/CHICO/EldritchBotanist/The_Eldritch_Botanist/EldritchBotanistGame/Content/_Blueprints/Character/Environments/Environment_Models/props_leaves_snow_tree1.ubulk" 2120
"C:/Users/Will/Desktop/Work/CHICO/EldritchBotanist/The_Eldritch_Botanist/EldritchBotanistGame/Content/_Blueprints/Character/Environments/Environment_Models/props_leaves_snow_tree1.uasset" 2121
"C:/Users/Will/Desktop/Work/CHICO/EldritchBotanist/The_Eldritch_Botanist/EldritchBotanistGame/Content/_Blueprints/Character/Environments/Environment_Models/props_leaves_snow_tree1.uexp" 2122
"C:/Users/Will/Desktop/Work/CHICO/EldritchBotanist/The_Eldritch_Botanist/EldritchBotanistGame/Content/_Blueprints/Character/Environments/BP_Tree1Snow.uasset" 2123
"C:/Users/Will/Desktop/Work/CHICO/EldritchBotanist/The_Eldritch_Botanist/EldritchBotanistGame/Content/_Blueprints/Character/Environments/BP_Tree1Snow.uexp" 2124
"C:/Users/Will/Desktop/Work/CHICO/EldritchBotanist/The_Eldritch_Botanist/EldritchBotanistGame/Content/_Blueprints/Character/Environments/Environment_Models/props_stump2_snow.ubulk" 2125
"C:/Users/Will/Desktop/Work/CHICO/EldritchBotanist/The_Eldritch_Botanist/EldritchBotanistGame/Content/_Blueprints/Character/Environments/Environment_Models/props_stump2_snow.uasset" 2126
"C:/Users/Will/Desktop/Work/CHICO/EldritchBotanist/The_Eldritch_Botanist/EldritchBotanistGame/Content/_Blueprints/Character/Environments/Environment_Models/props_stump2_snow.uexp" 2127
"C:/Users/Will/Desktop/Work/CHICO/EldritchBotanist/The_Eldritch_Botanist/EldritchBotanistGame/Content/_Blueprints/Character/Environments/Environment_Models/props_stump2_snow1.ubulk" 2128
"C:/Users/Will/Desktop/Work/CHICO/EldritchBotanist/The_Eldritch_Botanist/EldritchBotanistGame/Content/_Blueprints/Character/Environments/Environment_Models/props_stump2_snow1.uasset" 2129
"C:/Users/Will/Desktop/Work/CHICO/EldritchBotanist/The_Eldritch_Botanist/EldritchBotanistGame/Content/_Blueprints/Character/Environments/Environment_Models/props_stump2_snow1.uexp" 2130
"C:/Users/Will/Desktop/Work/CHICO/EldritchBotanist/The_Eldritch_Botanist/EldritchBotanistGame/Content/_Blueprints/Character/Environments/BP_Stump2Snow.uasset" 2131
"C:/Users/Will/Desktop/Work/CHICO/EldritchBotanist/The_Eldritch_Botanist/EldritchBotanistGame/Content/_Blueprints/Character/Environments/BP_Stump2Snow.uexp" 2132
"C:/Users/Will/Desktop/Work/CHICO/EldritchBotanist/The_Eldritch_Botanist/EldritchBotanistGame/Content/_Blueprints/Character/Environments/Environment_Models/props_stump1_snow.ubulk" 2133
"C:/Users/Will/Desktop/Work/CHICO/EldritchBotanist/The_Eldritch_Botanist/EldritchBotanistGame/Content/_Blueprints/Character/Environments/Environment_Models/props_stump1_snow.uasset" 2134
"C:/Users/Will/Desktop/Work/CHICO/EldritchBotanist/The_Eldritch_Botanist/EldritchBotanistGame/Content/_Blueprints/Character/Environments/Environment_Models/props_stump1_snow.uexp" 2135
"C:/Users/Will/Desktop/Work/CHICO/EldritchBotanist/The_Eldritch_Botanist/EldritchBotanistGame/Content/_Blueprints/Character/Environments/BP_Stump1Snow.uasset" 2136
"C:/Users/Will/Desktop/Work/CHICO/EldritchBotanist/The_Eldritch_Botanist/EldritchBotanistGame/Content/_Blueprints/Character/Environments/BP_Stump1Snow.uexp" 2137
"C:/Users/Will/Desktop/Work/CHICO/EldritchBotanist/The_Eldritch_Botanist/EldritchBotanistGame/Content/_Materials/m_SnowyGround_Landscape.uasset" 2138
"C:/Users/Will/Desktop/Work/CHICO/EldritchBotanist/The_Eldritch_Botanist/EldritchBotanistGame/Content/_Materials/m_SnowyGround_Landscape.uexp" 2139
"C:/Users/Will/Desktop/Work/CHICO/EldritchBotanist/The_Eldritch_Botanist/EldritchBotanistGame/Content/_Scenes/Levels/_GENERATED/sjgon/Path_2D137D97.ubulk" 2140
"C:/Users/Will/Desktop/Work/CHICO/EldritchBotanist/The_Eldritch_Botanist/EldritchBotanistGame/Content/_Scenes/Levels/_GENERATED/sjgon/Path_2D137D97.uasset" 2141
"C:/Users/Will/Desktop/Work/CHICO/EldritchBotanist/The_Eldritch_Botanist/EldritchBotanistGame/Content/_Scenes/Levels/_GENERATED/sjgon/Path_2D137D97.uexp" 2142
"C:/Users/Will/Desktop/Work/CHICO/EldritchBotanist/The_Eldritch_Botanist/EldritchBotanistGame/Content/_Scenes/Levels/_GENERATED/sjgon/Path_3FE7B48E.ubulk" 2143
"C:/Users/Will/Desktop/Work/CHICO/EldritchBotanist/The_Eldritch_Botanist/EldritchBotanistGame/Content/_Scenes/Levels/_GENERATED/sjgon/Path_3FE7B48E.uasset" 2144
"C:/Users/Will/Desktop/Work/CHICO/EldritchBotanist/The_Eldritch_Botanist/EldritchBotanistGame/Content/_Scenes/Levels/_GENERATED/sjgon/Path_3FE7B48E.uexp" 2145
"C:/Users/Will/Desktop/Work/CHICO/EldritchBotanist/The_Eldritch_Botanist/EldritchBotanistGame/Content/_Scenes/Levels/_GENERATED/sjgon/Path_4EB652B9.ubulk" 2146
"C:/Users/Will/Desktop/Work/CHICO/EldritchBotanist/The_Eldritch_Botanist/EldritchBotanistGame/Content/_Scenes/Levels/_GENERATED/sjgon/Path_4EB652B9.uasset" 2147
"C:/Users/Will/Desktop/Work/CHICO/EldritchBotanist/The_Eldritch_Botanist/EldritchBotanistGame/Content/_Scenes/Levels/_GENERATED/sjgon/Path_4EB652B9.uexp" 2148
"C:/Users/Will/Desktop/Work/CHICO/EldritchBotanist/The_Eldritch_Botanist/EldritchBotanistGame/Content/_Scenes/Levels/Night_Lvl4.uexp" 2149
"C:/Users/Will/Desktop/Work/CHICO/EldritchBotanist/The_Eldritch_Botanist/EldritchBotanistGame/Content/_Scenes/Levels/Night_Lvl4.ubulk" 2150
"C:/Users/Will/Desktop/Work/CHICO/EldritchBotanist/The_Eldritch_Botanist/EldritchBotanistGame/Content/_Scenes/Levels/Night_Lvl4.umap" 2151
"C:/Users/Will/Desktop/Work/CHICO/EldritchBotanist/The_Eldritch_Botanist/EldritchBotanistGame/Content/Layer_info/SwampGrass_Lv3LayerInfo.uasset" 2152
"C:/Users/Will/Desktop/Work/CHICO/EldritchBotanist/The_Eldritch_Botanist/EldritchBotanistGame/Content/Layer_info/SwampGrass_Lv3LayerInfo.uexp" 2153
"C:/Users/Will/Desktop/Work/CHICO/EldritchBotanist/The_Eldritch_Botanist/EldritchBotanistGame/Content/Layer_info/Path_Lv3LayerInfo.uasset" 2154
"C:/Users/Will/Desktop/Work/CHICO/EldritchBotanist/The_Eldritch_Botanist/EldritchBotanistGame/Content/Layer_info/Path_Lv3LayerInfo.uexp" 2155
"C:/Users/Will/Desktop/Work/CHICO/EldritchBotanist/The_Eldritch_Botanist/EldritchBotanistGame/Content/_Materials/m_SwampGround_Landscape.uasset" 2156
"C:/Users/Will/Desktop/Work/CHICO/EldritchBotanist/The_Eldritch_Botanist/EldritchBotanistGame/Content/_Materials/m_SwampGround_Landscape.uexp" 2157
"C:/Users/Will/Desktop/Work/CHICO/EldritchBotanist/The_Eldritch_Botanist/EldritchBotanistGame/Content/_Scenes/Levels/_GENERATED/sjgon/Path_F643D0BA.ubulk" 2158
"C:/Users/Will/Desktop/Work/CHICO/EldritchBotanist/The_Eldritch_Botanist/EldritchBotanistGame/Content/_Scenes/Levels/_GENERATED/sjgon/Path_F643D0BA.uasset" 2159
"C:/Users/Will/Desktop/Work/CHICO/EldritchBotanist/The_Eldritch_Botanist/EldritchBotanistGame/Content/_Scenes/Levels/_GENERATED/sjgon/Path_F643D0BA.uexp" 2160
"C:/Users/Will/Desktop/Work/CHICO/EldritchBotanist/The_Eldritch_Botanist/EldritchBotanistGame/Content/_Scenes/Levels/_GENERATED/sjgon/Path_A63CF90F.ubulk" 2161
"C:/Users/Will/Desktop/Work/CHICO/EldritchBotanist/The_Eldritch_Botanist/EldritchBotanistGame/Content/_Scenes/Levels/_GENERATED/sjgon/Path_A63CF90F.uasset" 2162
"C:/Users/Will/Desktop/Work/CHICO/EldritchBotanist/The_Eldritch_Botanist/EldritchBotanistGame/Content/_Scenes/Levels/_GENERATED/sjgon/Path_A63CF90F.uexp" 2163
"C:/Users/Will/Desktop/Work/CHICO/EldritchBotanist/The_Eldritch_Botanist/EldritchBotanistGame/Content/_Scenes/Levels/_GENERATED/sjgon/Path_84C93BDC.ubulk" 2164
"C:/Users/Will/Desktop/Work/CHICO/EldritchBotanist/The_Eldritch_Botanist/EldritchBotanistGame/Content/_Scenes/Levels/_GENERATED/sjgon/Path_84C93BDC.uasset" 2165
"C:/Users/Will/Desktop/Work/CHICO/EldritchBotanist/The_Eldritch_Botanist/EldritchBotanistGame/Content/_Scenes/Levels/_GENERATED/sjgon/Path_84C93BDC.uexp" 2166
"C:/Users/Will/Desktop/Work/CHICO/EldritchBotanist/The_Eldritch_Botanist/EldritchBotanistGame/Content/_Scenes/Levels/_GENERATED/sjgon/Path_59F7975F.ubulk" 2167
"C:/Users/Will/Desktop/Work/CHICO/EldritchBotanist/The_Eldritch_Botanist/EldritchBotanistGame/Content/_Scenes/Levels/_GENERATED/sjgon/Path_59F7975F.uasset" 2168
"C:/Users/Will/Desktop/Work/CHICO/EldritchBotanist/The_Eldritch_Botanist/EldritchBotanistGame/Content/_Scenes/Levels/_GENERATED/sjgon/Path_59F7975F.uexp" 2169
"C:/Users/Will/Desktop/Work/CHICO/EldritchBotanist/The_Eldritch_Botanist/EldritchBotanistGame/Content/_Scenes/Levels/_GENERATED/sjgon/Path_00D5D424.ubulk" 2170
"C:/Users/Will/Desktop/Work/CHICO/EldritchBotanist/The_Eldritch_Botanist/EldritchBotanistGame/Content/_Scenes/Levels/_GENERATED/sjgon/Path_00D5D424.uasset" 2171
"C:/Users/Will/Desktop/Work/CHICO/EldritchBotanist/The_Eldritch_Botanist/EldritchBotanistGame/Content/_Scenes/Levels/_GENERATED/sjgon/Path_00D5D424.uexp" 2172
"C:/Users/Will/Desktop/Work/CHICO/EldritchBotanist/The_Eldritch_Botanist/EldritchBotanistGame/Content/_Scenes/Levels/Night_Lvl3.uexp" 2173
"C:/Users/Will/Desktop/Work/CHICO/EldritchBotanist/The_Eldritch_Botanist/EldritchBotanistGame/Content/_Scenes/Levels/Night_Lvl3.ubulk" 2174
"C:/Users/Will/Desktop/Work/CHICO/EldritchBotanist/The_Eldritch_Botanist/EldritchBotanistGame/Content/_Scenes/Levels/Night_Lvl3.umap" 2175
"C:/Users/Will/Desktop/Work/CHICO/EldritchBotanist/The_Eldritch_Botanist/EldritchBotanistGame/Content/_Scenes/Levels/_GENERATED/sjgon/Path_5F6A6629.ubulk" 2176
"C:/Users/Will/Desktop/Work/CHICO/EldritchBotanist/The_Eldritch_Botanist/EldritchBotanistGame/Content/_Scenes/Levels/_GENERATED/sjgon/Path_5F6A6629.uasset" 2177
"C:/Users/Will/Desktop/Work/CHICO/EldritchBotanist/The_Eldritch_Botanist/EldritchBotanistGame/Content/_Scenes/Levels/_GENERATED/sjgon/Path_5F6A6629.uexp" 2178
"C:/Users/Will/Desktop/Work/CHICO/EldritchBotanist/The_Eldritch_Botanist/EldritchBotanistGame/Content/_Scenes/Levels/_GENERATED/sjgon/Path_BEC999D2.ubulk" 2179
"C:/Users/Will/Desktop/Work/CHICO/EldritchBotanist/The_Eldritch_Botanist/EldritchBotanistGame/Content/_Scenes/Levels/_GENERATED/sjgon/Path_BEC999D2.uasset" 2180
"C:/Users/Will/Desktop/Work/CHICO/EldritchBotanist/The_Eldritch_Botanist/EldritchBotanistGame/Content/_Scenes/Levels/_GENERATED/sjgon/Path_BEC999D2.uexp" 2181
"C:/Users/Will/Desktop/Work/CHICO/EldritchBotanist/The_Eldritch_Botanist/EldritchBotanistGame/Content/_Scenes/Levels/_GENERATED/sjgon/Path_9E28D9EB.ubulk" 2182
"C:/Users/Will/Desktop/Work/CHICO/EldritchBotanist/The_Eldritch_Botanist/EldritchBotanistGame/Content/_Scenes/Levels/_GENERATED/sjgon/Path_9E28D9EB.uasset" 2183
"C:/Users/Will/Desktop/Work/CHICO/EldritchBotanist/The_Eldritch_Botanist/EldritchBotanistGame/Content/_Scenes/Levels/_GENERATED/sjgon/Path_9E28D9EB.uexp" 2184
"C:/Users/Will/Desktop/Work/CHICO/EldritchBotanist/The_Eldritch_Botanist/EldritchBotanistGame/Content/_Scenes/Levels/Night_Lv1.uexp" 2185
"C:/Users/Will/Desktop/Work/CHICO/EldritchBotanist/The_Eldritch_Botanist/EldritchBotanistGame/Content/_Scenes/Levels/Night_Lv1.ubulk" 2186
"C:/Users/Will/Desktop/Work/CHICO/EldritchBotanist/The_Eldritch_Botanist/EldritchBotanistGame/Content/_Scenes/Levels/Night_Lv1.umap" 2187
"C:/Users/Will/Desktop/Work/CHICO/EldritchBotanist/The_Eldritch_Botanist/EldritchBotanistGame/Content/Layer_info/Path_Lv2LayerInfo.uasset" 2188
"C:/Users/Will/Desktop/Work/CHICO/EldritchBotanist/The_Eldritch_Botanist/EldritchBotanistGame/Content/Layer_info/Path_Lv2LayerInfo.uexp" 2189
"C:/Users/Will/Desktop/Work/CHICO/EldritchBotanist/The_Eldritch_Botanist/EldritchBotanistGame/Content/Layer_info/Grass_Lv2LayerInfo.uasset" 2190
"C:/Users/Will/Desktop/Work/CHICO/EldritchBotanist/The_Eldritch_Botanist/EldritchBotanistGame/Content/Layer_info/Grass_Lv2LayerInfo.uexp" 2191
"C:/Users/Will/Desktop/Work/CHICO/EldritchBotanist/The_Eldritch_Botanist/EldritchBotanistGame/Content/_Scenes/Levels/_GENERATED/sjgon/Path_30E7E755.ubulk" 2192
"C:/Users/Will/Desktop/Work/CHICO/EldritchBotanist/The_Eldritch_Botanist/EldritchBotanistGame/Content/_Scenes/Levels/_GENERATED/sjgon/Path_30E7E755.uasset" 2193
"C:/Users/Will/Desktop/Work/CHICO/EldritchBotanist/The_Eldritch_Botanist/EldritchBotanistGame/Content/_Scenes/Levels/_GENERATED/sjgon/Path_30E7E755.uexp" 2194
"C:/Users/Will/Desktop/Work/CHICO/EldritchBotanist/The_Eldritch_Botanist/EldritchBotanistGame/Content/_Scenes/Levels/_GENERATED/sjgon/Path_56B83331.ubulk" 2195
"C:/Users/Will/Desktop/Work/CHICO/EldritchBotanist/The_Eldritch_Botanist/EldritchBotanistGame/Content/_Scenes/Levels/_GENERATED/sjgon/Path_56B83331.uasset" 2196
"C:/Users/Will/Desktop/Work/CHICO/EldritchBotanist/The_Eldritch_Botanist/EldritchBotanistGame/Content/_Scenes/Levels/_GENERATED/sjgon/Path_56B83331.uexp" 2197
"C:/Users/Will/Desktop/Work/CHICO/EldritchBotanist/The_Eldritch_Botanist/EldritchBotanistGame/Content/_Scenes/Levels/_GENERATED/sjgon/Path_287E2E9F.ubulk" 2198
"C:/Users/Will/Desktop/Work/CHICO/EldritchBotanist/The_Eldritch_Botanist/EldritchBotanistGame/Content/_Scenes/Levels/_GENERATED/sjgon/Path_287E2E9F.uasset" 2199
"C:/Users/Will/Desktop/Work/CHICO/EldritchBotanist/The_Eldritch_Botanist/EldritchBotanistGame/Content/_Scenes/Levels/_GENERATED/sjgon/Path_287E2E9F.uexp" 2200
"C:/Users/Will/Desktop/Work/CHICO/EldritchBotanist/The_Eldritch_Botanist/EldritchBotanistGame/Content/_Scenes/Levels/Night_Level2.uexp" 2201
"C:/Users/Will/Desktop/Work/CHICO/EldritchBotanist/The_Eldritch_Botanist/EldritchBotanistGame/Content/_Scenes/Levels/Night_Level2.ubulk" 2202
"C:/Users/Will/Desktop/Work/CHICO/EldritchBotanist/The_Eldritch_Botanist/EldritchBotanistGame/Content/_Scenes/Levels/Night_Level2.umap" 2203
