"C:/Users/Will/Desktop/Work/CHICO/EldritchBotanist/The_Eldritch_Botanist/EldritchBotanistGame/EldritchBotanistGame.uproject" 1
"../../../Engine/Plugins/ChaosClothAsset/ChaosClothAsset.uplugin" 2
"../../../Engine/Plugins/ChaosInsights/ChaosInsights.uplugin" 3
"../../../Engine/Plugins/AudioGameplayVolume/AudioGameplayVolume.uplugin" 4
"../../../Engine/Plugins/AudioGameplay/AudioGameplay.uplugin" 5
"../../../Engine/Plugins/LightWeightInstancesEditor/LightWeightInstancesEditor.uplugin" 6
"../../../Engine/Plugins/Fab/Fab.uplugin" 7
"../../../Engine/Plugins/AudioInsights/AudioInsights.uplugin" 8
"../../../Engine/Plugins/MemoryUsageQueries/MemoryUsageQueries.uplugin" 9
"../../../Engine/Plugins/MassInsights/MassInsights.uplugin" 10
"../../../Engine/Plugins/Bridge/Bridge.uplugin" 11
"../../../Engine/Plugins/Mutable/Mutable.uplugin" 12
"../../../Engine/Plugins/ChaosCloth/ChaosCloth.uplugin" 13
"../../../Engine/Plugins/EnhancedInput/EnhancedInput.uplugin" 14
"../../../Engine/Plugins/CmdLinkServer/CmdLinkServer.uplugin" 15
"../../../Engine/Plugins/WorldMetrics/WorldMetrics.uplugin" 16
"../../../Engine/Plugins/Chooser/Chooser.uplugin" 17
"../../../Engine/Plugins/UbaController/UbaController.uplugin" 18
"../../../Engine/Plugins/ChaosVD/ChaosVD.uplugin" 19
"../../../Engine/Plugins/ChaosClothAssetEditor/ChaosClothAssetEditor.uplugin" 20
"../../../Engine/Plugins/BlueprintFileUtils/BlueprintFileUtils.uplugin" 21
"../../../Engine/Plugins/JsonBlueprintUtilities/JsonBlueprintUtilities.uplugin" 22
"../../../Engine/Plugins/RenderGraphInsights/RenderGraphInsights.uplugin" 23
"../../../Engine/Plugins/PCG/PCG.uplugin" 24
"../../../Engine/Plugins/FastBuildController/FastBuildController.uplugin" 25
"../../../Engine/Plugins/Experimental/AdvancedRenamer/AdvancedRenamer.uplugin" 26
"../../../Engine/Plugins/IoStoreInsights/IoStoreInsights.uplugin" 27
"../../../Engine/Plugins/DiscoveryBeaconReceiver/DiscoveryBeaconReceiver.uplugin" 28
"../../../Engine/Plugins/MeshPainting/MeshPainting.uplugin" 29
"../../../Engine/Plugins/TextureGraph/TextureGraph.uplugin" 30
"../../../Engine/Plugins/Compression/OodleNetwork/OodleNetwork.uplugin" 31
"../../../Engine/Plugins/XGEController/XGEController.uplugin" 32
"../../../Engine/Plugins/Experimental/AvalancheDataLink/AvalancheDataLink.uplugin" 33
"../../../Engine/Plugins/TraceUtilities/TraceUtilities.uplugin" 34
"../../../Engine/Plugins/ScriptPlugin/ScriptPlugin.uplugin" 35
"../../../Engine/Plugins/Experimental/AvalancheDisplayCluster/AvalancheDisplayCluster.uplugin" 36
"../../../Engine/Plugins/Experimental/AbilitySystemGameFeatureActions/AbilitySystemGameFeatureActions.uplugin" 37
"../../../Engine/Plugins/Experimental/AnimNextAnimGraph/AnimNextAnimGraph.uplugin" 38
"../../../Engine/Plugins/Experimental/AvalancheSequenceNavigator/AvalancheSequenceNavigator.uplugin" 39
"../../../Engine/Plugins/Experimental/ActorPalette/ActorPalette.uplugin" 40
"../../../Engine/Plugins/Experimental/BlueprintSnapNodes/BlueprintSnapNodes.uplugin" 41
"../../../Engine/Plugins/Experimental/AnimNextWarping/AnimNextWarping.uplugin" 42
"../../../Engine/Plugins/Experimental/AnimNextStateTree/AnimNextStateTree.uplugin" 43
"../../../Engine/Plugins/Experimental/AnimNext/AnimNext.uplugin" 44
"../../../Engine/Plugins/Experimental/ChaosCachingUSD/ChaosCachingUSD.uplugin" 45
"../../../Engine/Plugins/Experimental/AnimNextPoseSearch/AnimNextPoseSearch.uplugin" 46
"../../../Engine/Plugins/Experimental/AnimNextControlRig/AnimNextControlRig.uplugin" 47
"../../../Engine/Plugins/Experimental/AutomationUtils/AutomationUtils.uplugin" 48
"../../../Engine/Plugins/Experimental/BackChannel/BackChannel.uplugin" 49
"../../../Engine/Plugins/Experimental/BlueprintStats/BlueprintStats.uplugin" 50
"../../../Engine/Plugins/Experimental/AsyncMessageSystem/AsyncMessageSystem.uplugin" 51
"../../../Engine/Plugins/Experimental/ChaosMover/ChaosMover.uplugin" 52
"../../../Engine/Plugins/Experimental/AvalancheSceneState/AvalancheSceneState.uplugin" 53
"../../../Engine/Plugins/Experimental/ChaosSolverPlugin/ChaosSolverPlugin.uplugin" 54
"../../../Engine/Plugins/Experimental/AsyncMessageSystemTests/AsyncMessageSystemTests.uplugin" 55
"../../../Engine/Plugins/Experimental/CelestialVault/CelestialVault.uplugin" 56
"../../../Engine/Plugins/Experimental/ChaosModularVehicleExamples/ChaosModularVehicleExamples.uplugin" 57
"../../../Engine/Plugins/Experimental/CineCameraSceneCapture/CineCameraSceneCapture.uplugin" 58
"../../../Engine/Plugins/Experimental/ChaosCaching/ChaosCaching.uplugin" 59
"../../../Engine/Plugins/Experimental/Buoyancy/Buoyancy.uplugin" 60
"../../../Engine/Plugins/Experimental/ChaosEditor/ChaosEditor.uplugin" 61
"../../../Engine/Plugins/Experimental/CineCameraRigs/CineCameraRigs.uplugin" 62
"../../../Engine/Plugins/Experimental/ChaosOutfitAsset/ChaosOutfitAsset.uplugin" 63
"../../../Engine/Plugins/Experimental/CinematicPrestreaming/CinematicPrestreaming.uplugin" 64
"../../../Engine/Plugins/Experimental/CommonConversation/CommonConversation.uplugin" 65
"../../../Engine/Plugins/Experimental/ChaosNiagara/ChaosNiagara.uplugin" 66
"../../../Engine/Plugins/Experimental/AnimToTexture/AnimToTexture.uplugin" 67
"../../../Engine/Plugins/Experimental/DataLink/DataLink.uplugin" 68
"../../../Engine/Plugins/Experimental/ChaosModularVehicle/ChaosModularVehicle.uplugin" 69
"../../../Engine/Plugins/Experimental/AnimNextChooser/AnimNextChooser.uplugin" 70
"../../../Engine/Plugins/Experimental/CharacterAI/CharacterAI.uplugin" 71
"../../../Engine/Plugins/Experimental/CodeView/CodeView.uplugin" 72
"../../../Engine/Plugins/Experimental/ChaosClothEditor/ChaosClothEditor.uplugin" 73
"../../../Engine/Plugins/Experimental/ChaosVehiclesPlugin/ChaosVehiclesPlugin.uplugin" 74
"../../../Engine/Plugins/Experimental/EditorTelemetry/EditorTelemetry.uplugin" 75
"../../../Engine/Plugins/Experimental/DataLinkOAuth/DataLinkOAuth.uplugin" 76
"../../../Engine/Plugins/Experimental/ColorCorrectRegions/ColorCorrectRegions.uplugin" 77
"../../../Engine/Plugins/Experimental/DaySequence/DaySequence.uplugin" 78
"../../../Engine/Plugins/Experimental/FastGeoStreaming/FastGeoStreaming.uplugin" 79
"../../../Engine/Plugins/Experimental/ChaosUserDataPT/ChaosUserDataPT.uplugin" 80
"../../../Engine/Plugins/Experimental/CodeEditor/CodeEditor.uplugin" 81
"../../../Engine/Plugins/Experimental/GameplayGraph/GameplayGraph.uplugin" 82
"../../../Engine/Plugins/Experimental/ControlFlows/ControlFlows.uplugin" 83
"../../../Engine/Plugins/Experimental/GameplayTargetingSystem/TargetingSystem.uplugin" 84
"../../../Engine/Plugins/Experimental/Gauntlet/Gauntlet.uplugin" 85
"../../../Engine/Plugins/Experimental/Dataflow/Dataflow.uplugin" 86
"../../../Engine/Plugins/Experimental/EditorPerformance/EditorPerformance.uplugin" 87
"../../../Engine/Plugins/Experimental/EditorDataStorageFeatures/EditorDataStorageFeatures.uplugin" 88
"../../../Engine/Plugins/Experimental/DynamicMaterialMediaStreamBridge/DynamicMaterialMediaStreamBridge.uplugin" 89
"../../../Engine/Plugins/Experimental/FullBodyIK/FullBodyIK.uplugin" 90
"../../../Engine/Plugins/Experimental/FieldSystemPlugin/FieldSystemPlugin.uplugin" 91
"../../../Engine/Plugins/Experimental/FloatingProperties/FloatingProperties.uplugin" 92
"../../../Engine/Plugins/Experimental/Fracture/Fracture.uplugin" 93
"../../../Engine/Plugins/Experimental/GameplayBehaviors/GameplayBehaviors.uplugin" 94
"../../../Engine/Plugins/Experimental/HairCardGenerator/HairCardGenerator.uplugin" 95
"../../../Engine/Plugins/Experimental/ChaosFlesh/ChaosFlesh.uplugin" 96
"../../../Engine/Plugins/Experimental/GeometryCacheAbcFile/GeometryCacheAbcFile.uplugin" 97
"../../../Engine/Plugins/Experimental/GameInputWindows/GameInputWindows.uplugin" 98
"../../../Engine/Plugins/Experimental/GizmoFramework/GizmoFramework.uplugin" 99
"../../../Engine/Plugins/Experimental/GPULightmass/GPULightmass.uplugin" 100
"../../../Engine/Plugins/Experimental/GeometryFlow/GeometryFlow.uplugin" 101
"../../../Engine/Plugins/Experimental/GizmoEdMode/GizmoEdMode.uplugin" 102
"../../../Engine/Plugins/Experimental/JWT/JWT.uplugin" 103
"../../../Engine/Plugins/Experimental/GeometryCacheLevelSequenceBaker/GeometryCacheLevelSequenceBaker.uplugin" 104
"../../../Engine/Plugins/Experimental/Landmass/Landmass.uplugin" 105
"../../../Engine/Plugins/Experimental/GeometryCollectionPlugin/GeometryCollectionPlugin.uplugin" 106
"../../../Engine/Plugins/Experimental/HairModelingToolset/HairModelingToolset.uplugin" 107
"../../../Engine/Plugins/Experimental/InstanceDataObjectFixupTool/InstanceDataObjectFixupTool.uplugin" 108
"../../../Engine/Plugins/Experimental/InteractionInterface/InteractionInterface.uplugin" 109
"../../../Engine/Plugins/Experimental/ImagePlate/ImagePlate.uplugin" 110
"../../../Engine/Plugins/Experimental/ImpostorBaker/ImpostorBaker.uplugin" 111
"../../../Engine/Plugins/Experimental/LowLevelNetTrace/LowLevelNetTrace.uplugin" 112
"../../../Engine/Plugins/Experimental/GeometryDataflow/GeometryDataflow.uplugin" 113
"../../../Engine/Plugins/Experimental/LearningAgents/LearningAgents.uplugin" 114
"../../../Engine/Plugins/Experimental/MeshModelingToolsetExp/MeshModelingToolsetExp.uplugin" 115
"../../../Engine/Plugins/Experimental/LocalizableMessage/LocalizableMessage.uplugin" 116
"../../../Engine/Plugins/Experimental/Iris/Iris.uplugin" 117
"../../../Engine/Plugins/Experimental/HairStrandsMutable/HairStrandsMutable.uplugin" 118
"../../../Engine/Plugins/Experimental/InlineMaterialInstance/InlineMaterialInstance.uplugin" 119
"../../../Engine/Plugins/Experimental/LiveLinkControlRig/LiveLinkControlRig.uplugin" 120
"../../../Engine/Plugins/Experimental/LiveLinkOpenVR/LiveLinkOpenVR.uplugin" 121
"../../../Engine/Plugins/Experimental/ImageWidgets/ImageWidgets.uplugin" 122
"../../../Engine/Plugins/Experimental/MoverAnimNext/MoverAnimNext.uplugin" 123
"../../../Engine/Plugins/Experimental/MetasoundExperimental/MetasoundExperimental.uplugin" 124
"../../../Engine/Plugins/Experimental/MediaViewer/MediaViewer.uplugin" 125
"../../../Engine/Plugins/Experimental/MoverIntegrations/MoverIntegrations.uplugin" 126
"../../../Engine/Plugins/Experimental/MutableClothing/MutableClothing.uplugin" 127
"../../../Engine/Plugins/Experimental/LevelSequenceNavigatorBridge/LevelSequenceNavigatorBridge.uplugin" 128
"../../../Engine/Plugins/Experimental/MovieSceneAnimMixer/MovieSceneAnimMixer.uplugin" 129
"../../../Engine/Plugins/Experimental/MediaStream/MediaStream.uplugin" 130
"../../../Engine/Plugins/Experimental/MeshResizing/MeshResizing.uplugin" 131
"../../../Engine/Plugins/Experimental/NFORDenoise/NFORDenoise.uplugin" 132
"../../../Engine/Plugins/Experimental/MotoSynth/MotoSynth.uplugin" 133
"../../../Engine/Plugins/Experimental/Mover/Mover.uplugin" 134
"../../../Engine/Plugins/Experimental/EditorDataStorage/EditorDataStorage.uplugin" 135
"../../../Engine/Plugins/Experimental/LiveLinkFaceImporter/LiveLinkFaceImporter.uplugin" 136
"../../../Engine/Plugins/Experimental/OpenImageDenoise/OpenImageDenoise.uplugin" 137
"../../../Engine/Plugins/Experimental/MLflow/MLflow.uplugin" 138
"../../../Engine/Plugins/Experimental/MotorSimOutputMotoSynth/MotorSimOutputMotoSynth.uplugin" 139
"../../../Engine/Plugins/Experimental/MoverExamples/MoverExamples.uplugin" 140
"../../../Engine/Plugins/Experimental/MutablePopulation/MutablePopulation.uplugin" 141
"../../../Engine/Plugins/Experimental/MovieScenePoseSearchTracks/MovieScenePoseSearchTracks.uplugin" 142
"../../../Engine/Plugins/Experimental/NaniteDisplacedMesh/NaniteDisplacedMesh.uplugin" 143
"../../../Engine/Plugins/Experimental/NNERuntimeBasicCpu/NNERuntimeBasicCpu.uplugin" 144
"../../../Engine/Plugins/Experimental/NNERuntimeIREE/NNERuntimeIREE.uplugin" 145
"../../../Engine/Plugins/Experimental/OptiXDenoise/OptiXDenoise.uplugin" 146
"../../../Engine/Plugins/Experimental/NNERuntimeRDG/NNERuntimeRDG.uplugin" 147
"../../../Engine/Plugins/Experimental/PanoramicCapture/PanoramicCapture.uplugin" 148
"../../../Engine/Plugins/Experimental/PCGBiomeCore/PCGBiomeCore.uplugin" 149
"../../../Engine/Plugins/Experimental/NeuralRendering/NeuralRendering.uplugin" 150
"../../../Engine/Plugins/Experimental/PhysicsControl/PhysicsControl.uplugin" 151
"../../../Engine/Plugins/Experimental/PluginReferenceViewer/PluginReferenceViewer.uplugin" 152
"../../../Engine/Plugins/Experimental/MoverTests/MoverTests.uplugin" 153
"../../../Engine/Plugins/Experimental/PSDImporterMaterialDesignerBridge/PSDImporterMaterialDesignerBridge.uplugin" 154
"../../../Engine/Plugins/Experimental/PixelStreamingPlayer/PixelStreamingPlayer.uplugin" 155
"../../../Engine/Plugins/Experimental/PlainProps/PlainProps.uplugin" 156
"../../../Engine/Plugins/Experimental/PlainPropsUObject/PlainPropsUObject.uplugin" 157
"../../../Engine/Plugins/Experimental/PlanarCutPlugin/PlanarCut.uplugin" 158
"../../../Engine/Plugins/Experimental/PluginTemplateTool/PluginTemplateTool.uplugin" 159
"../../../Engine/Plugins/Experimental/PCGBiomeSample/PCGBiomeSample.uplugin" 160
"../../../Engine/Plugins/Experimental/RigLogicMutable/RigLogicMutable.uplugin" 161
"../../../Engine/Plugins/Experimental/RemoteControlComponents/RemoteControlComponents.uplugin" 162
"../../../Engine/Plugins/Experimental/PluginAudit/PluginAudit.uplugin" 163
"../../../Engine/Plugins/Experimental/RazerChromaDevices/RazerChromaDevices.uplugin" 164
"../../../Engine/Plugins/Experimental/RigLogicAnimNext/RigLogicAnimNext.uplugin" 165
"../../../Engine/Plugins/Experimental/PythonFoundationPackages/PythonFoundationPackages.uplugin" 166
"../../../Engine/Plugins/Experimental/PostProcessMaterialChainGraph/PostProcessMaterialChainGraph.uplugin" 167
"../../../Engine/Plugins/Experimental/RuntimeTelemetry/RuntimeTelemetry.uplugin" 168
"../../../Engine/Plugins/Experimental/PSDImporter/PSDImporter.uplugin" 169
"../../../Engine/Plugins/Experimental/EvaluationNotifies/EvaluationNotifies.uplugin" 170
"../../../Engine/Plugins/Experimental/PlatformCrypto/PlatformCrypto.uplugin" 171
"../../../Engine/Plugins/Experimental/PythonScriptPlugin/PythonScriptPlugin.uplugin" 172
"../../../Engine/Plugins/Experimental/QuicMessaging/QuicMessaging.uplugin" 173
"../../../Engine/Plugins/Experimental/SimpleHMD/SimpleHMD.uplugin" 174
"../../../Engine/Plugins/Experimental/SkeletalReduction/SkeletalReduction.uplugin" 175
"../../../Engine/Plugins/Experimental/StateGraph/StateGraph.uplugin" 176
"../../../Engine/Plugins/Experimental/Shotgrid/Shotgrid.uplugin" 177
"../../../Engine/Plugins/Experimental/ScreenReader/ScreenReader.uplugin" 178
"../../../Engine/Plugins/Experimental/SecuritySandbox/SecuritySandbox.uplugin" 179
"../../../Engine/Plugins/Experimental/RenderGrid/RenderGrid.uplugin" 180
"../../../Engine/Plugins/Experimental/RawInput/RawInput.uplugin" 181
"../../../Engine/Plugins/Experimental/RemoteSession/RemoteSession.uplugin" 182
"../../../Engine/Plugins/Experimental/StructUtils/StructUtils.uplugin" 183
"../../../Engine/Plugins/Experimental/SlateIM/SlateIM.uplugin" 184
"../../../Engine/Plugins/Experimental/TechAudioTools/TechAudioTools.uplugin" 185
"../../../Engine/Plugins/Experimental/DefaultInstallBundleManager/DefaultInstallBundleManager.uplugin" 186
"../../../Engine/Plugins/Experimental/SceneState/SceneState.uplugin" 187
"../../../Engine/Plugins/Experimental/Tensorboard/Tensorboard.uplugin" 188
"../../../Engine/Plugins/Experimental/SequenceNavigator/SequenceNavigator.uplugin" 189
"../../../Engine/Plugins/Experimental/TetMeshing/TetMeshing.uplugin" 190
"../../../Engine/Plugins/Experimental/SpatialReadiness/SpatialReadiness.uplugin" 191
"../../../Engine/Plugins/Experimental/SubtitlesAndClosedCaptions/SubtitlesAndClosedCaptions.uplugin" 192
"../../../Engine/Plugins/Experimental/UserToolBoxCore/UserToolBoxCore.uplugin" 193
"../../../Engine/Plugins/Experimental/SlateScreenReader/SlateScreenReader.uplugin" 194
"../../../Engine/Plugins/Experimental/SVGImporter/SVGImporter.uplugin" 195
"../../../Engine/Plugins/Experimental/Volumetrics/Volumetrics.uplugin" 196
"../../../Engine/Plugins/Experimental/SubmitToolEditor/SubmitToolEditor.uplugin" 197
"../../../Engine/Plugins/Experimental/UserToolBoxBasicCommand/UserToolBoxBasicCommand.uplugin" 198
"../../../Engine/Plugins/Experimental/TargetDeviceServicesScripting/TargetDeviceServicesScripting.uplugin" 199
"../../../Engine/Plugins/Experimental/TextToSpeech/TextToSpeech.uplugin" 200
"../../../Engine/Plugins/Experimental/Text3D/Text3D.uplugin" 201
"../../../Engine/Plugins/Experimental/UIFramework/UIFramework.uplugin" 202
"../../../Engine/Plugins/Experimental/WebSocketMessaging/WebSocketMessaging.uplugin" 203
"../../../Engine/Plugins/Experimental/TextureMediaPlayer/TextureMediaPlayer.uplugin" 204
"../../../Engine/Plugins/Experimental/WidgetEditorToolPalette/WidgetEditorToolPalette.uplugin" 205
"../../../Engine/Plugins/Experimental/XRCreativeFramework/XRCreativeFramework.uplugin" 206
"../../../Engine/Plugins/Experimental/VirtualHeightfieldMesh/VirtualHeightfieldMesh.uplugin" 207
"../../../Engine/Plugins/Experimental/VirtualProductionUtilities/VirtualProductionUtilities.uplugin" 208
"../../../Engine/Plugins/Experimental/Water/Water.uplugin" 209
"../../../Engine/Plugins/Experimental/WaveFunctionCollapse/WaveFunctionCollapse.uplugin" 210
"../../../Engine/Plugins/Experimental/SurfaceEffects/SurfaceEffects.uplugin" 211
"../../../Engine/Plugins/Experimental/WebSocketNetworking/WebSocketNetworking.uplugin" 212
"../../../Engine/Plugins/MovieScene/MovieSceneTextTrack/MovieSceneTextTrack.uplugin" 213
"../../../Engine/Plugins/MovieScene/ReplayTracks/ReplayTracks.uplugin" 214
"../../../Engine/Plugins/Experimental/WaterAdvanced/WaterAdvanced.uplugin" 215
"../../../Engine/Plugins/Experimental/LandscapePatch/LandscapePatch.uplugin" 216
"../../../Engine/Plugins/Experimental/ToolPresets/ToolPresets.uplugin" 217
"../../../Engine/Plugins/MovieScene/MoviePipelineMaskRenderPass/MoviePipelineMaskRenderPass.uplugin" 218
"../../../Engine/Plugins/Experimental/WaterExtras/WaterExtras.uplugin" 219
"../../../Engine/Plugins/MovieScene/TemplateSequence/TemplateSequence.uplugin" 220
"../../../Engine/Plugins/MovieScene/LevelSequenceEditor/LevelSequenceEditor.uplugin" 221
"../../../Engine/Plugins/Messaging/TcpMessaging/TcpMessaging.uplugin" 222
"../../../Engine/Plugins/Performance/AutomatedPerfTesting/AutomatedPerfTesting.uplugin" 223
"../../../Engine/Plugins/Experimental/Workspace/Workspace.uplugin" 224
"../../../Engine/Plugins/Messaging/UdpMessaging/UdpMessaging.uplugin" 225
"../../../Engine/Plugins/Messaging/MessagingDebugger/MessagingDebugger.uplugin" 226
"../../../Engine/Plugins/VirtualProduction/CameraCalibrationCore/CameraCalibrationCore.uplugin" 227
"../../../Engine/Plugins/MovieScene/ActorSequence/ActorSequence.uplugin" 228
"../../../Engine/Plugins/Experimental/NNERuntimeCoreML/NNERuntimeCoreML.uplugin" 229
"../../../Engine/Plugins/VirtualProduction/CaptureData/CaptureData.uplugin" 230
"../../../Engine/Plugins/MovieScene/MovieRenderPipeline/MovieRenderPipeline.uplugin" 231
"../../../Engine/Plugins/VirtualProduction/CinematicAssemblyTools/CinematicAssemblyTools.uplugin" 232
"../../../Engine/Plugins/NetcodeUnitTest/NUTUnrealEngine/NUTUnrealEngine.uplugin" 233
"../../../Engine/Plugins/NetcodeUnitTest/NetcodeUnitTest/NetcodeUnitTest.uplugin" 234
"../../../Engine/Plugins/Performance/PerformanceMonitor/PerformanceMonitor.uplugin" 235
"../../../Engine/Plugins/MovieScene/SequencerScripting/SequencerScripting.uplugin" 236
"../../../Engine/Plugins/Protocols/MQTT/MQTT.uplugin" 237
"../../../Engine/Plugins/VirtualProduction/EpicStageApp/EpicStageApp.uplugin" 238
"../../../Engine/Plugins/VirtualProduction/ICVFXTesting/ICVFXTesting.uplugin" 239
"../../../Engine/Plugins/MovieScene/CustomizableSequencerTracks/CustomizableSequencerTracks.uplugin" 240
"../../../Engine/Plugins/VirtualProduction/CameraCalibrationML/CameraCalibrationML.uplugin" 241
"../../../Engine/Plugins/Experimental/SerializationUtils/SerializationUtils.uplugin" 242
"../../../Engine/Plugins/VirtualProduction/CameraCalibration/CameraCalibration.uplugin" 243
"../../../Engine/Plugins/VirtualProduction/DataCharts/DataCharts.uplugin" 244
"../../../Engine/Plugins/VirtualProduction/Avalanche/Avalanche.uplugin" 245
"../../../Engine/Plugins/VirtualProduction/LiveLinkLens/LiveLinkLens.uplugin" 246
"../../../Engine/Plugins/VirtualProduction/ActorModifierCore/ActorModifierCore.uplugin" 247
"../../../Engine/Plugins/VirtualProduction/LiveLinkFreeD/LiveLinkFreeD.uplugin" 248
"../../../Engine/Plugins/VirtualProduction/LiveLinkOpenTrackIO/LiveLinkOpenTrackIO.uplugin" 249
"../../../Engine/Plugins/VirtualProduction/LiveLinkMasterLockit/LiveLinkMasterLockit.uplugin" 250
"../../../Engine/Plugins/VirtualProduction/LensComponent/LensComponent.uplugin" 251
"../../../Engine/Plugins/VirtualProduction/ActorModifier/ActorModifier.uplugin" 252
"../../../Engine/Plugins/VirtualProduction/LiveLinkXR/LiveLinkXR.uplugin" 253
"../../../Engine/Plugins/VirtualProduction/LiveLinkCamera/LiveLinkCamera.uplugin" 254
"../../../Engine/Plugins/VirtualProduction/DynamicMaterial/DynamicMaterial.uplugin" 255
"../../../Engine/Plugins/VirtualProduction/PerformanceCaptureWorkflow/PerformanceCaptureWorkflow.uplugin" 256
"../../../Engine/Plugins/VirtualProduction/RemoteControl/RemoteControl.uplugin" 257
"../../../Engine/Plugins/VirtualProduction/CompositePlane/CompositePlane.uplugin" 258
"../../../Engine/Plugins/VirtualProduction/GeometryMask/GeometryMask.uplugin" 259
"../../../Engine/Plugins/VirtualProduction/LevelSnapshots/LevelSnapshots.uplugin" 260
"../../../Engine/Plugins/Experimental/SlateModelViewViewModel/SlateModelViewViewModel.uplugin" 261
"../../../Engine/Plugins/VirtualProduction/RemoteControlWebInterface/RemoteControlWebInterface.uplugin" 262
"../../../Engine/Plugins/VirtualProduction/RemoteControlProtocolMIDI/RemoteControlProtocolMIDI.uplugin" 263
"../../../Engine/Plugins/VirtualProduction/LiveLinkPrestonMDR/LiveLinkPrestonMDR.uplugin" 264
"../../../Engine/Plugins/VirtualProduction/ICVFX/ICVFX.uplugin" 265
"../../../Engine/Plugins/VirtualProduction/LiveLinkVRPN/LiveLinkVRPN.uplugin" 266
"../../../Engine/Plugins/VirtualProduction/StormSync/StormSync.uplugin" 267
"../../../Engine/Plugins/VirtualProduction/PropertyAnimatorCore/PropertyAnimatorCore.uplugin" 268
"../../../Engine/Plugins/VirtualProduction/MultiUserTakes/MultiUserTakes.uplugin" 269
"../../../Engine/Plugins/VirtualProduction/StormSyncAvalancheBridge/StormSyncAvalancheBridge.uplugin" 270
"../../../Engine/Plugins/VirtualProduction/TextureShare/TextureShare.uplugin" 271
"../../../Engine/Plugins/VirtualProduction/TimedDataMonitor/TimedDataMonitor.uplugin" 272
"../../../Engine/Plugins/VirtualProduction/LiveLinkInputDevice/LiveLinkInputDevice.uplugin" 273
"../../../Engine/Plugins/VirtualProduction/ClonerEffector/ClonerEffector.uplugin" 274
"../../../Engine/Plugins/VirtualProduction/RemoteControlProtocolDMX/RemoteControlProtocolDMX.uplugin" 275
"../../../Engine/Plugins/VirtualProduction/RemoteControlProtocolOSC/RemoteControlProtocolOSC.uplugin" 276
"../../../Engine/Plugins/VirtualProduction/PropertyAnimator/PropertyAnimator.uplugin" 277
"../../../Engine/Plugins/VirtualProduction/OperatorStack/OperatorStack.uplugin" 278
"../../../Engine/Plugins/VirtualProduction/CustomDetailsView/CustomDetailsView.uplugin" 279
"../../../Engine/Plugins/Slate/SlateScripting/SlateScripting.uplugin" 280
"../../../Engine/Plugins/Tests/FbxAutomationTestBuilder/FbxAutomationTestBuilder.uplugin" 281
"../../../Engine/Plugins/VirtualProduction/SequencerPlaylists/SequencerPlaylists.uplugin" 282
"../../../Engine/Plugins/VirtualProduction/RemoteControlInterception/RemoteControlInterception.uplugin" 283
"../../../Engine/Plugins/Tests/InterchangeTests/InterchangeTests.uplugin" 284
"../../../Engine/Plugins/NNE/NNEDenoiser/NNEDenoiser.uplugin" 285
"../../../Engine/Plugins/VirtualProduction/VirtualCameraCore/VirtualCameraCore.uplugin" 286
"../../../Engine/Plugins/VirtualProduction/Takes/Takes.uplugin" 287
"../../../Engine/Plugins/VirtualProduction/StageMonitoring/StageMonitoring.uplugin" 288
"../../../Engine/Plugins/NNE/NNERuntimeORT/NNERuntimeORT.uplugin" 289
"../../../Engine/Plugins/Tests/AutomationDriverTests/AutomationDriverTests.uplugin" 290
"../../../Engine/Plugins/VirtualProduction/VirtualCamera/VirtualCamera.uplugin" 291
"../../../Engine/Plugins/VirtualProduction/Switchboard/Switchboard.uplugin" 292
"../../../Engine/Plugins/PCGInterops/PCGGeometryScriptInterop/PCGGeometryScriptInterop.uplugin" 293
"../../../Engine/Plugins/Slate/SlateInsights/SlateInsights.uplugin" 294
"../../../Engine/Plugins/AI/MassAI/MassAI.uplugin" 295
"../../../Engine/Plugins/Tests/CQTestEnhancedInput/CQTestEnhancedInput.uplugin" 296
"../../../Engine/Plugins/Tests/EditorTests/EditorTests.uplugin" 297
"../../../Engine/Plugins/Tests/FunctionalTestingEditor/FunctionalTestingEditor.uplugin" 298
"../../../Engine/Plugins/Tests/TestFramework/TestFramework.uplugin" 299
"../../../Engine/Plugins/Tests/PythonAutomationTest/PythonAutomationTest.uplugin" 300
"../../../Engine/Plugins/Tests/RHITests/RHITests.uplugin" 301
"../../../Engine/Plugins/Tests/WidgetAutomationTests/WidgetAutomationTests.uplugin" 302
"../../../Engine/Plugins/AI/MLAdapter/MLAdapter.uplugin" 303
"../../../Engine/Plugins/Animation/AnimationData/AnimationData.uplugin" 304
"../../../Engine/Plugins/Animation/ACLPlugin/ACLPlugin.uplugin" 305
"../../../Engine/Plugins/PCGInterops/PCGExternalDataInterop/PCGExternalDataInterop.uplugin" 306
"../../../Engine/Plugins/Tests/RuntimeTests/RuntimeTests.uplugin" 307
"../../../Engine/Plugins/Animation/AnimationLocomotionLibrary/AnimationLocomotionLibrary.uplugin" 308
"../../../Engine/Plugins/Web/HttpBlueprint/HttpBlueprint.uplugin" 309
"../../../Engine/Plugins/Animation/DeformerGraph/DeformerGraph.uplugin" 310
"../../../Engine/Plugins/2D/Paper2D/Paper2D.uplugin" 311
"../../../Engine/Plugins/Tests/CQTest/CQTest.uplugin" 312
"../../../Engine/Plugins/Tests/TestSamples/TestSamples.uplugin" 313
"../../../Engine/Plugins/AI/AISupport/AISupport.uplugin" 314
"../../../Engine/Plugins/AI/HTNPlanner/HTNPlanner.uplugin" 315
"../../../Engine/Plugins/Animation/BlendStack/BlendStack.uplugin" 316
"../../../Engine/Plugins/Animation/AnimatorKit/AnimatorKit.uplugin" 317
"../../../Engine/Plugins/Animation/AnimationModifierLibrary/AnimationModifierLibrary.uplugin" 318
"../../../Engine/Plugins/Animation/AnimationWarping/AnimationWarping.uplugin" 319
"../../../Engine/Plugins/Animation/LiveLinkHub/LiveLinkHub.uplugin" 320
"../../../Engine/Plugins/Animation/ControlRigModules/ControlRigModules.uplugin" 321
"../../../Engine/Plugins/Animation/ControlRig/ControlRig.uplugin" 322
"../../../Engine/Plugins/Animation/GameplayInsights/GameplayInsights.uplugin" 323
"../../../Engine/Plugins/AI/MassCrowd/MassCrowd.uplugin" 324
"../../../Engine/Plugins/Animation/BlendSpaceMotionAnalysis/BlendSpaceMotionAnalysis.uplugin" 325
"../../../Engine/Plugins/Animation/GeneSplicer/GeneSplicer.uplugin" 326
"../../../Engine/Plugins/AI/EnvironmentQueryEditor/EnvironmentQueryEditor.uplugin" 327
"../../../Engine/Plugins/Animation/LiveLinkDevice/LiveLinkDevice.uplugin" 328
"../../../Engine/Plugins/Animation/MotionWarping/MotionWarping.uplugin" 329
"../../../Engine/Plugins/Animation/DNACalib/DNACalib.uplugin" 330
"../../../Engine/Plugins/VirtualProduction/VirtualScouting/VirtualScouting.uplugin" 331
"../../../Engine/Plugins/Animation/LiveLinkExampleDevice/LiveLinkExampleDevice.uplugin" 332
"../../../Engine/Plugins/Animation/LiveLinkCurveDebugUI/LiveLinkCurveDebugUI.uplugin" 333
"../../../Engine/Plugins/Animation/LiveLink/LiveLink.uplugin" 334
"../../../Engine/Plugins/Animation/ControlRigSpline/ControlRigSpline.uplugin" 335
"../../../Engine/Plugins/Animation/IKRig/IKRig.uplugin" 336
"../../../Engine/Plugins/Animation/PerformanceCaptureCore/PerformanceCaptureCore.uplugin" 337
"../../../Engine/Plugins/Cameras/CameraShakePreviewer/CameraShakePreviewer.uplugin" 338
"../../../Engine/Plugins/Animation/PoseSearch/PoseSearch.uplugin" 339
"../../../Engine/Plugins/Compositing/Composure/Composure.uplugin" 340
"../../../Engine/Plugins/Developer/DirectoryPlaceholder/DirectoryPlaceholder.uplugin" 341
"../../../Engine/Plugins/Developer/CodeLiteSourceCodeAccess/CodeLiteSourceCodeAccess.uplugin" 342
"../../../Engine/Plugins/Animation/TweeningUtils/TweeningUtils.uplugin" 343
"../../../Engine/Plugins/Developer/NullSourceCodeAccess/NullSourceCodeAccess.uplugin" 344
"../../../Engine/Plugins/Cameras/EngineCameras/EngineCameras.uplugin" 345
"../../../Engine/Plugins/Developer/NamingTokens/NamingTokens.uplugin" 346
"../../../Engine/Plugins/Compositing/LensDistortion/LensDistortion.uplugin" 347
"../../../Engine/Plugins/Cameras/GameplayCameras/GameplayCameras.uplugin" 348
"../../../Engine/Plugins/Animation/RigLogic/RigLogic.uplugin" 349
"../../../Engine/Plugins/Developer/PluginUtils/PluginUtils.uplugin" 350
"../../../Engine/Plugins/Developer/PropertyAccessNode/PropertyAccessNode.uplugin" 351
"../../../Engine/Plugins/Compositing/OpenCVLensDistortion/OpenCVLensDistortion.uplugin" 352
"../../../Engine/Plugins/Developer/DumpGPUServices/DumpGPUServices.uplugin" 353
"../../../Engine/Plugins/Developer/AnimationSharing/AnimationSharing.uplugin" 354
"../../../Engine/Plugins/Animation/SkeletalMeshModelingTools/SkeletalMeshModelingTools.uplugin" 355
"../../../Engine/Plugins/Developer/RenderDocPlugin/RenderDocPlugin.uplugin" 356
"../../../Engine/Plugins/Developer/PerforceSourceControl/PerforceSourceControl.uplugin" 357
"../../../Engine/Plugins/Developer/OneSkyLocalizationService/OneSkyLocalizationService.uplugin" 358
"../../../Engine/Plugins/Developer/KDevelopSourceCodeAccess/KDevelopSourceCodeAccess.uplugin" 359
"../../../Engine/Plugins/Developer/FieldNotificationTrace/FieldNotificationTrace.uplugin" 360
"../../../Engine/Plugins/Developer/PixWinPlugin/PixWinPlugin.uplugin" 361
"../../../Engine/Plugins/Developer/XcodeGPUDebuggerPlugin/XcodeGPUDebuggerPlugin.uplugin" 362
"../../../Engine/Plugins/Developer/N10XSourceCodeAccess/N10XSourceCodeAccess.uplugin" 363
"../../../Engine/Plugins/Developer/GitSourceControl/GitSourceControl.uplugin" 364
"../../../Engine/Plugins/Developer/BlankPlugin/BlankPlugin.uplugin" 365
"../../../Engine/Plugins/Editor/AssetReferenceRestrictions/AssetReferenceRestrictions.uplugin" 366
"../../../Engine/Plugins/Developer/PlasticSourceControl/PlasticSourceControl.uplugin" 367
"../../../Engine/Plugins/Developer/RiderSourceCodeAccess/RiderSourceCodeAccess.uplugin" 368
"../../../Engine/Plugins/Developer/UObjectPlugin/UObjectPlugin.uplugin" 369
"../../../Engine/Plugins/Developer/VisualStudioSourceCodeAccess/VisualStudioSourceCodeAccess.uplugin" 370
"../../../Engine/Plugins/Developer/VisualStudioCodeSourceCodeAccess/VisualStudioCodeSourceCodeAccess.uplugin" 371
"../../../Engine/Plugins/Developer/ProjectLauncher/ProjectLauncher.uplugin" 372
"../../../Engine/Plugins/Editor/ConsoleVariablesEditor/ConsoleVariables.uplugin" 373
"../../../Engine/Plugins/Compositing/OpenColorIO/OpenColorIO.uplugin" 374
"../../../Engine/Plugins/Developer/SubversionSourceControl/SubversionSourceControl.uplugin" 375
"../../../Engine/Plugins/Developer/TraceDataFiltering/TraceDataFilters.uplugin" 376
"../../../Engine/Plugins/Developer/TraceSourceFiltering/TraceSourceFilters.uplugin" 377
"../../../Engine/Plugins/Editor/AssetManagerEditor/AssetManagerEditor.uplugin" 378
"../../../Engine/Plugins/Editor/AssetSearch/AssetSearch.uplugin" 379
"../../../Engine/Plugins/Editor/EditorSysConfigAssistant/EditorSysConfigAssistant.uplugin" 380
"../../../Engine/Plugins/Editor/BlueprintHeaderView/BlueprintHeaderView.uplugin" 381
"../../../Engine/Plugins/Editor/GameplayTagsEditor/GameplayTagsEditor.uplugin" 382
"../../../Engine/Plugins/Editor/GuidedTutorials/GuidedTutorials.uplugin" 383
"../../../Engine/Plugins/Editor/ColorGrading/ColorGrading.uplugin" 384
"../../../Engine/Plugins/Editor/MacGraphicsSwitching/MacGraphicsSwitching.uplugin" 385
"../../../Engine/Plugins/Editor/CryptoKeys/CryptoKeys.uplugin" 386
"../../../Engine/Plugins/Editor/FacialAnimation/FacialAnimation.uplugin" 387
"../../../Engine/Plugins/Editor/AssetRegistryExport/AssetRegistryExport.uplugin" 388
"../../../Engine/Plugins/Developer/XCodeSourceCodeAccess/XCodeSourceCodeAccess.uplugin" 389
"../../../Engine/Plugins/Editor/ChangelistReview/ChangelistReview.uplugin" 390
"../../../Engine/Plugins/Editor/BlueprintMaterialTextureNodes/BlueprintMaterialTextureNodes.uplugin" 391
"../../../Engine/Plugins/Editor/ProxyLODPlugin/ProxyLODPlugin.uplugin" 392
"../../../Engine/Plugins/Editor/DataValidation/DataValidation.uplugin" 393
"../../../Engine/Plugins/Editor/EditorDebugTools/EditorDebugTools.uplugin" 394
"../../../Engine/Plugins/Editor/ModelingToolsEditorMode/ModelingToolsEditorMode.uplugin" 395
"../../../Engine/Plugins/Developer/TextureFormatOodle/TextureFormatOodle.uplugin" 396
"../../../Engine/Plugins/Editor/EngineAssetDefinitions/EngineAssetDefinitions.uplugin" 397
"../../../Engine/Plugins/Editor/ScriptableToolsEditorMode/ScriptableToolsEditorMode.uplugin" 398
"../../../Engine/Plugins/Editor/SampleToolsEditorMode/SampleToolsEditorMode.uplugin" 399
"../../../Engine/Plugins/Editor/DisplayClusterLaunch/DisplayClusterLaunch.uplugin" 400
"../../../Engine/Plugins/Editor/MaterialAnalyzer/MaterialAnalyzer.uplugin" 401
"../../../Engine/Plugins/Editor/CurveEditorTools/CurveEditorTools.uplugin" 402
"../../../Engine/Plugins/Editor/EditorScriptingUtilities/EditorScriptingUtilities.uplugin" 403
"../../../Engine/Plugins/Editor/GeometryMode/GeometryMode.uplugin" 404
"../../../Engine/Plugins/Editor/WaveformEditor/WaveformEditor.uplugin" 405
"../../../Engine/Plugins/Editor/MakeCookedEditorAsDLC/MakeCookedEditorAsDLC.uplugin" 406
"../../../Engine/Plugins/Editor/ModelViewViewModelPreview/ModelViewViewModelPreview.uplugin" 407
"../../../Engine/Plugins/Editor/LiveUpdateForSlate/LiveUpdateForSlate.uplugin" 408
"../../../Engine/Plugins/Editor/MeshLODToolset/MeshLODToolset.uplugin" 409
"../../../Engine/Plugins/Enterprise/DatasmithImporter/DatasmithImporter.uplugin" 410
"../../../Engine/Plugins/Enterprise/DataprepEditor/DataprepEditor.uplugin" 411
"../../../Engine/Plugins/Editor/MobileLauncherProfileWizard/MobileLauncherProfileWizard.uplugin" 412
"../../../Engine/Plugins/Editor/PluginBrowser/PluginBrowser.uplugin" 413
"../../../Engine/Plugins/Enterprise/MDLImporter/MDLImporter.uplugin" 414
"../../../Engine/Plugins/Editor/StaticMeshEditorModeling/StaticMeshEditorModeling.uplugin" 415
"../../../Engine/Plugins/Editor/UVEditor/UVEditor.uplugin" 416
"../../../Engine/Plugins/Editor/SequencerAnimTools/SequencerAnimTools.uplugin" 417
"../../../Engine/Plugins/Enterprise/AxFImporter/AxFImporter.uplugin" 418
"../../../Engine/Plugins/FX/NiagaraFluids/NiagaraFluids.uplugin" 419
"../../../Engine/Plugins/Enterprise/DatasmithContent/DatasmithContent.uplugin" 420
"../../../Engine/Plugins/Editor/UMGWidgetPreview/UMGWidgetPreview.uplugin" 421
"../../../Engine/Plugins/Editor/StylusInput/StylusInput.uplugin" 422
"../../../Engine/Plugins/FX/NiagaraSimCaching/NiagaraSimCaching.uplugin" 423
"../../../Engine/Plugins/Editor/WorldPartitionHLODUtilities/WorldPartitionHLODUtilities.uplugin" 424
"../../../Engine/Plugins/Enterprise/LidarPointCloud/LidarPointCloud.uplugin" 425
"../../../Engine/Plugins/Enterprise/VariantManager/VariantManager.uplugin" 426
"../../../Engine/Plugins/Importers/USDMultiUser/USDMultiUser.uplugin" 427
"../../../Engine/Plugins/FX/Cascade/Cascade.uplugin" 428
"../../../Engine/Plugins/Editor/SpeedTreeImporter/SpeedTreeImporter.uplugin" 429
"../../../Engine/Plugins/Enterprise/DatasmithFBXImporter/DatasmithFBXImporter.uplugin" 430
"../../../Engine/Plugins/Importers/AlembicHairImporter/AlembicHairImporter.uplugin" 431
"../../../Engine/Plugins/Enterprise/VariantManagerContent/VariantManagerContent.uplugin" 432
"../../../Engine/Plugins/FX/NiagaraMRQ/NiagaraMRQ.uplugin" 433
"../../../Engine/Plugins/Enterprise/GLTFExporter/GLTFExporter.uplugin" 434
"../../../Engine/Plugins/FX/CascadeToNiagaraConverter/CascadeToNiagaraConverter.uplugin" 435
"../../../Engine/Plugins/FX/Niagara/Niagara.uplugin" 436
"../../../Engine/Plugins/Marketplace/TDSHero897909fa1d19V7/TDSHero.uplugin" 437
"../../../Engine/Plugins/Importers/USDImporter/USDImporter.uplugin" 438
"../../../Engine/Plugins/Importers/AlembicImporter/AlembicImporter.uplugin" 439
"../../../Engine/Plugins/FX/ExampleCustomDataInterface/ExampleCustomDataInterface.uplugin" 440
"../../../Engine/Plugins/Interchange/Editor/InterchangeEditor.uplugin" 441
"../../../Engine/Plugins/Media/AudioCaptureTimecodeProvider/AudioCaptureTimecodeProvider.uplugin" 442
"../../../Engine/Plugins/Media/BlackmagicMedia/BlackmagicMedia.uplugin" 443
"../../../Engine/Plugins/Media/AvidDNxMedia/AvidDNxMedia.uplugin" 444
"../../../Engine/Plugins/Media/AndroidCamera/AndroidCamera.uplugin" 445
"../../../Engine/Plugins/Media/AjaMedia/AjaMedia.uplugin" 446
"../../../Engine/Plugins/Interchange/Runtime/Interchange.uplugin" 447
"../../../Engine/Plugins/Enterprise/DatasmithC4DImporter/DatasmithC4DImporter.uplugin" 448
"../../../Engine/Plugins/Importers/USDImporterMDL/USDImporterMDL.uplugin" 449
"../../../Engine/Plugins/Media/AvfMedia/AvfMedia.uplugin" 450
"../../../Engine/Plugins/Interchange/Assets/InterchangeAssets.uplugin" 451
"../../../Engine/Plugins/Media/AppleProResMedia/AppleProResMedia.uplugin" 452
"../../../Engine/Plugins/Media/AvidDNxHDDecoderElectra/AvidDNxHDDecoderElectra.uplugin" 453
"../../../Engine/Plugins/Media/AppleProResDecoderElectra/AppleProResDecoderElectra.uplugin" 454
"../../../Engine/Plugins/Media/HardwareEncoders/HardwareEncoders.uplugin" 455
"../../../Engine/Plugins/Media/ImgMedia/ImgMedia.uplugin" 456
"../../../Engine/Plugins/Media/HAPDecoderElectra/HAPDecoderElectra.uplugin" 457
"../../../Engine/Plugins/Media/LinearTimecode/LinearTimecode.uplugin" 458
"../../../Engine/Plugins/Media/MediaFrameworkUtilities/MediaFrameworkUtilities.uplugin" 459
"../../../Engine/Plugins/Media/AndroidMedia/AndroidMedia.uplugin" 460
"../../../Engine/Plugins/Media/MediaPlate/MediaPlate.uplugin" 461
"../../../Engine/Plugins/Media/MfMedia/MfMedia.uplugin" 462
"../../../Engine/Plugins/Media/PixelCapture/PixelCapture.uplugin" 463
"../../../Engine/Plugins/Media/BinkMedia/BinkMedia.uplugin" 464
"../../../Engine/Plugins/Media/ElectraCDM/ElectraCDM.uplugin" 465
"../../../Engine/Plugins/Media/ElectraUtil/ElectraUtil.uplugin" 466
"../../../Engine/Plugins/Media/TimecodeSynchronizer/TimecodeSynchronizer.uplugin" 467
"../../../Engine/Plugins/Media/VPxDecoderElectra/VPxDecoderElectra.uplugin" 468
"../../../Engine/Plugins/Media/WebMMedia/WebMMedia.uplugin" 469
"../../../Engine/Plugins/Media/MediaMovieStreamer/MediaMovieStreamer.uplugin" 470
"../../../Engine/Plugins/Media/MediaIOFramework/MediaIOFramework.uplugin" 471
"../../../Engine/Plugins/Media/D3D12VideoDecodersElectra/D3D12VideoDecodersElectra.uplugin" 472
"../../../Engine/Plugins/Media/ElectraPlayer/ElectraPlayer.uplugin" 473
"../../../Engine/Plugins/Media/HAPMedia/HAPMedia.uplugin" 474
"../../../Engine/Plugins/MetaHuman/MetaHumanLiveLink/MetaHumanLiveLink.uplugin" 475
"../../../Engine/Plugins/Media/FlacDecoderElectra/FlacDecoderElectra.uplugin" 476
"../../../Engine/Plugins/Media/ElectraSubtitles/ElectraSubtitles.uplugin" 477
"../../../Engine/Plugins/Media/NDIMedia/NDIMedia.uplugin" 478
"../../../Engine/Plugins/Media/MediaCompositing/MediaCompositing.uplugin" 479
"../../../Engine/Plugins/Media/PixelStreaming/PixelStreaming.uplugin" 480
"../../../Engine/Plugins/Media/ElectraCodecs/ElectraCodecs.uplugin" 481
"../../../Engine/Plugins/Media/OpusDecoderElectra/OpusDecoderElectra.uplugin" 482
"../../../Engine/Plugins/Online/OnlineServicesNull/OnlineServicesNull.uplugin" 483
"../../../Engine/Plugins/Online/OnlineServices/OnlineServices.uplugin" 484
"../../../Engine/Plugins/MetaHuman/MetaHumanAnimator/MetaHuman.uplugin" 485
"../../../Engine/Plugins/MetaHuman/MetaHumanCharacter/MetaHumanCharacter.uplugin" 486
"../../../Engine/Plugins/MetaHuman/MetaHumanCalibrationProcessing/MetaHumanCalibrationProcessing.uplugin" 487
"../../../Engine/Plugins/Online/OnlineSubsystemApple/OnlineSubsystemApple.uplugin" 488
"../../../Engine/Plugins/MetaHuman/MetaHumanCoreTechLib/MetaHumanCoreTech.uplugin" 489
"../../../Engine/Plugins/Media/WmfMedia/WmfMedia.uplugin" 490
"../../../Engine/Plugins/Online/OnlineSubsystemFacebook/OnlineSubsystemFacebook.uplugin" 491
"../../../Engine/Plugins/MetaHuman/MetaHumanSDK/MetaHumanSDK.uplugin" 492
"../../../Engine/Plugins/Online/EOSShared/EOSShared.uplugin" 493
"../../../Engine/Plugins/Online/OnlineBase/OnlineBase.uplugin" 494
"../../../Engine/Plugins/Online/OnlineFramework/OnlineFramework.uplugin" 495
"../../../Engine/Plugins/Online/EOSOverlayInputProvider/EOSOverlayInputProvider.uplugin" 496
"../../../Engine/Plugins/Online/OnlineServicesOSSAdapter/OnlineServicesOSSAdapter.uplugin" 497
"../../../Engine/Plugins/Online/OnlineServicesEOSGS/OnlineServicesEOSGS.uplugin" 498
"../../../Engine/Plugins/Online/OnlineSubsystem/OnlineSubsystem.uplugin" 499
"../../../Engine/Plugins/Runtime/ActorLayerUtilities/ActorLayerUtilities.uplugin" 500
"../../../Engine/Plugins/Runtime/ADM/ADM.uplugin" 501
"../../../Engine/Plugins/Online/OnlineSubsystemAmazon/OnlineSubsystemAmazon.uplugin" 502
"../../../Engine/Plugins/Online/OnlineSubsystemNull/OnlineSubsystemNull.uplugin" 503
"../../../Engine/Plugins/Online/OnlineSubsystemGoogle/OnlineSubsystemGoogle.uplugin" 504
"../../../Engine/Plugins/Online/OnlineServicesEpicCommon/OnlineServicesEpicCommon.uplugin" 505
"../../../Engine/Plugins/Online/OnlineSubsystemSteam/OnlineSubsystemSteam.uplugin" 506
"../../../Engine/Plugins/Online/SocketSubsystemEOS/SocketSubsystemEOS.uplugin" 507
"../../../Engine/Plugins/Online/OnlineSubsystemUtils/OnlineSubsystemUtils.uplugin" 508
"../../../Engine/Plugins/Online/OnlineServicesEOS/OnlineServicesEOS.uplugin" 509
"../../../Engine/Plugins/Media/MediaPlayerEditor/MediaPlayerEditor.uplugin" 510
"../../../Engine/Plugins/Enterprise/DatasmithCADImporter/DatasmithCADImporter.uplugin" 511
"../../../Engine/Plugins/Online/WebAuth/WebAuth.uplugin" 512
"../../../Engine/Plugins/Online/OnlineSubsystemEOS/OnlineSubsystemEOS.uplugin" 513
"../../../Engine/Plugins/Online/OnlineSubsystemTencent/OnlineSubsystemTencent.uplugin" 514
"../../../Engine/Plugins/Online/SocketSubsystemSteamIP/SocketSubsystemSteamIP.uplugin" 515
"../../../Engine/Plugins/Runtime/ArchVisCharacter/ArchVisCharacter.uplugin" 516
"../../../Engine/Plugins/Portal/LauncherChunkInstaller/LauncherChunkInstaller.uplugin" 517
"../../../Engine/Plugins/Developer/CLionSourceCodeAccess/CLionSourceCodeAccess.uplugin" 518
"../../../Engine/Plugins/Runtime/AndroidDeviceProfileSelector/AndroidDeviceProfileSelector.uplugin" 519
"../../../Engine/Plugins/Runtime/ChunkDownloader/ChunkDownloader.uplugin" 520
"../../../Engine/Plugins/Runtime/CableComponent/CableComponent.uplugin" 521
"../../../Engine/Plugins/Runtime/AnimationBudgetAllocator/AnimationBudgetAllocator.uplugin" 522
"../../../Engine/Plugins/Runtime/AndroidPermission/AndroidPermission.uplugin" 523
"../../../Engine/Plugins/Runtime/ExampleDeviceProfileSelector/ExampleDeviceProfileSelector.uplugin" 524
"../../../Engine/Plugins/Runtime/AndroidFileServer/AndroidFileServer.uplugin" 525
"../../../Engine/Plugins/Runtime/AudioMotorSim/AudioMotorSim.uplugin" 526
"../../../Engine/Plugins/Runtime/AppleImageUtils/AppleImageUtils.uplugin" 527
"../../../Engine/Plugins/Runtime/AudioCapture/AudioCapture.uplugin" 528
"../../../Engine/Plugins/Runtime/AndroidBackgroundService/AndroidBackgroundService.uplugin" 529
"../../../Engine/Plugins/Runtime/GameplayAbilities/GameplayAbilities.uplugin" 530
"../../../Engine/Plugins/Runtime/ComputeFramework/ComputeFramework.uplugin" 531
"../../../Engine/Plugins/Runtime/AssetTags/AssetTags.uplugin" 532
"../../../Engine/Plugins/Runtime/AndroidMoviePlayer/AndroidMoviePlayer.uplugin" 533
"../../../Engine/Plugins/Runtime/GeometryCache/GeometryCache.uplugin" 534
"../../../Engine/Plugins/Runtime/AudioSynesthesia/AudioSynesthesia.uplugin" 535
"../../../Engine/Plugins/Runtime/DataRegistry/DataRegistry.uplugin" 536
"../../../Engine/Plugins/Runtime/AudioModulation/AudioModulation.uplugin" 537
"../../../Engine/Plugins/Runtime/GeometryProcessing/GeometryProcessing.uplugin" 538
"../../../Engine/Plugins/Runtime/AppleMoviePlayer/AppleMoviePlayer.uplugin" 539
"../../../Engine/Plugins/Runtime/CustomMeshComponent/CustomMeshComponent.uplugin" 540
"../../../Engine/Plugins/Runtime/CommonUI/CommonUI.uplugin" 541
"../../../Engine/Plugins/Media/PixelStreaming2/PixelStreaming2.uplugin" 542
"../../../Engine/Plugins/Runtime/GooglePAD/GooglePAD.uplugin" 543
"../../../Engine/Plugins/Runtime/Harmonix/Harmonix.uplugin" 544
"../../../Engine/Plugins/Runtime/ApexDestruction/ApexDestruction.uplugin" 545
"../../../Engine/Plugins/Runtime/GeoReferencing/GeoReferencing.uplugin" 546
"../../../Engine/Plugins/Runtime/InputDebugging/InputDebugging.uplugin" 547
"../../../Engine/Plugins/Runtime/GameplayBehaviorSmartObjects/GameplayBehaviorSmartObjects.uplugin" 548
"../../../Engine/Plugins/Runtime/GameInput/GameInput.uplugin" 549
"../../../Engine/Plugins/Runtime/GameplayInteractions/GameplayInteractions.uplugin" 550
"../../../Engine/Plugins/Runtime/GeometryScripting/GeometryScripting.uplugin" 551
"../../../Engine/Plugins/Runtime/GameplayStateTree/GameplayStateTree.uplugin" 552
"../../../Engine/Plugins/Runtime/AudioWidgets/AudioWidgets.uplugin" 553
"../../../Engine/Plugins/Runtime/IOSReplayKit/IOSReplayKit.uplugin" 554
"../../../Engine/Plugins/Runtime/MassEntity/MassEntity.uplugin" 555
"../../../Engine/Plugins/Runtime/LocationServicesAndroidImpl/LocationServicesAndroidImpl.uplugin" 556
"../../../Engine/Plugins/Runtime/GameFeatures/GameFeatures.uplugin" 557
"../../../Engine/Plugins/Runtime/HTTPChunkInstaller/HTTPChunkInstaller.uplugin" 558
"../../../Engine/Plugins/Runtime/HDRIBackdrop/HDRIBackdrop.uplugin" 559
"../../../Engine/Plugins/Runtime/MassGameplay/MassGameplay.uplugin" 560
"../../../Engine/Plugins/Runtime/Firebase/Firebase.uplugin" 561
"../../../Engine/Plugins/Runtime/HPMotionController/HPMotionController.uplugin" 562
"../../../Engine/Plugins/Runtime/MobileFSR/MobileFSR.uplugin" 563
"../../../Engine/Plugins/Runtime/HairStrands/HairStrands.uplugin" 564
"../../../Engine/Plugins/Runtime/LocationServicesIOSImpl/LocationServicesIOSImpl.uplugin" 565
"../../../Engine/Plugins/Runtime/LinuxDeviceProfileSelector/LinuxDeviceProfileSelector.uplugin" 566
"../../../Engine/Plugins/Runtime/MobilePatchingUtils/MobilePatchingUtils.uplugin" 567
"../../../Engine/Plugins/Runtime/GoogleCloudMessaging/GoogleCloudMessaging.uplugin" 568
"../../../Engine/Plugins/Runtime/InstancedActors/InstancedActors.uplugin" 569
"../../../Engine/Plugins/Runtime/LevelStreamingPersistence/LevelStreamingPersistence.uplugin" 570
"../../../Engine/Plugins/Runtime/LocationServicesBPLibrary/LocationServicesBPLibrary.uplugin" 571
"../../../Engine/Plugins/Runtime/MIDIDevice/MIDIDevice.uplugin" 572
"../../../Engine/Plugins/Runtime/MeshModelingToolset/MeshModelingToolset.uplugin" 573
"../../../Engine/Plugins/Runtime/Metasound/Metasound.uplugin" 574
"../../../Engine/Plugins/Runtime/IOSDeviceProfileSelector/IOSDeviceProfileSelector.uplugin" 575
"../../../Engine/Plugins/Runtime/ModelViewViewModel/ModelViewViewModel.uplugin" 576
"../../../Engine/Plugins/Runtime/NetworkPredictionInsights/NetworkPredictionInsights.uplugin" 577
"../../../Engine/Plugins/Runtime/MicrosoftSpatialAudio/MicroSoftSpatialSound.uplugin" 578
"../../../Engine/Plugins/Runtime/MsQuic/MsQuic.uplugin" 579
"../../../Engine/Plugins/Runtime/MixedRealityCaptureFramework/MixedRealityCaptureFramework.uplugin" 580
"../../../Engine/Plugins/Runtime/LiveLinkOvernDisplay/LiveLinkOverNDisplay.uplugin" 581
"../../../Engine/Plugins/Runtime/OptionalMobileFeaturesBPLibrary/OptionalMobileFeaturesBPLibrary.uplugin" 582
"../../../Engine/Plugins/Runtime/NavCorridor/NavCorridor.uplugin" 583
"../../../Engine/Plugins/Runtime/nDisplayModularFeatures/nDisplayModularFeatures.uplugin" 584
"../../../Engine/Plugins/Runtime/OpenXR/OpenXR.uplugin" 585
"../../../Engine/Plugins/Runtime/NetworkPredictionExtras/NetworkPredictionExtras.uplugin" 586
"../../../Engine/Plugins/Runtime/ReplicationSystemTestPlugin/ReplicationSystemTestPlugin.uplugin" 587
"../../../Engine/Plugins/Runtime/nDisplay/nDisplay.uplugin" 588
"../../../Engine/Plugins/Runtime/ResonanceAudio/ResonanceAudio.uplugin" 589
"../../../Engine/Plugins/Runtime/ModularGameplay/ModularGameplay.uplugin" 590
"../../../Engine/Plugins/Runtime/OpenXREyeTracker/OpenXREyeTracker.uplugin" 591
"../../../Engine/Plugins/Runtime/OpenXRMsftHandInteraction/OpenXRMsftHandInteraction.uplugin" 592
"../../../Engine/Plugins/Runtime/NetworkPrediction/NetworkPrediction.uplugin" 593
"../../../Engine/Plugins/Runtime/SignificanceManager/SignificanceManager.uplugin" 594
"../../../Engine/Plugins/Runtime/OpenXRViveTracker/OpenXRViveTracker.uplugin" 595
"../../../Engine/Plugins/Runtime/OpenCV/OpenCV.uplugin" 596
"../../../Engine/Plugins/Runtime/SoundMod/SoundMod.uplugin" 597
"../../../Engine/Plugins/Runtime/MultiServerReplication/MultiServerReplication.uplugin" 598
"../../../Engine/Plugins/Runtime/MusicEnvironment/MusicEnvironment.uplugin" 599
"../../../Engine/Plugins/Runtime/SoundFields/SoundFields.uplugin" 600
"../../../Engine/Plugins/Runtime/RenderTrace/RenderTrace.uplugin" 601
"../../../Engine/Plugins/Runtime/ReplicationGraph/ReplicationGraph.uplugin" 602
"../../../Engine/Plugins/Runtime/SoundUtilities/SoundUtilities.uplugin" 603
"../../../Engine/Plugins/Runtime/PropertyBindingUtils/PropertyBindingUtils.uplugin" 604
"../../../Engine/Plugins/Runtime/PreLoadScreenMoviePlayer/PreLoadScreenMoviePlayer.uplugin" 605
"../../../Engine/Plugins/Runtime/StateTree/StateTree.uplugin" 606
"../../../Engine/Plugins/Runtime/WaveTable/WaveTable.uplugin" 607
"../../../Engine/Plugins/Runtime/RigVM/RigVM.uplugin" 608
"../../../Engine/Plugins/Runtime/SoundCueTemplates/SoundCueTemplates.uplugin" 609
"../../../Engine/Plugins/Runtime/Soundscape/Soundscape.uplugin" 610
"../../../Engine/Plugins/Runtime/ScriptableToolsFramework/ScriptableToolsFramework.uplugin" 611
"../../../Engine/Plugins/Runtime/WindowsMoviePlayer/WindowsMoviePlayer.uplugin" 612
"../../../Engine/Plugins/Runtime/SmartObjects/SmartObjects.uplugin" 613
"../../../Engine/Plugins/Runtime/SkeletalMerging/SkeletalMerging.uplugin" 614
"../../../Engine/Plugins/Runtime/WorldConditions/WorldConditions.uplugin" 615
"../../../Engine/Plugins/Runtime/WindowsDeviceProfileSelector/WindowsDeviceProfileSelector.uplugin" 616
"../../../Engine/Plugins/Runtime/ZoneGraphAnnotations/ZoneGraphAnnotations.uplugin" 617
"../../../Engine/Plugins/Runtime/OSC/OSC.uplugin" 618
"../../../Engine/Plugins/Experimental/Animation/CurveExpression/CurveExpression.uplugin" 619
"../../../Engine/Plugins/Experimental/Animation/HierarchyTable/HierarchyTable.uplugin" 620
"../../../Engine/Plugins/Runtime/Spatialization/Spatialization.uplugin" 621
"../../../Engine/Plugins/Runtime/WarpUtils/WarpUtils.uplugin" 622
"../../../Engine/Plugins/Runtime/OpenXRHandTracking/OpenXRHandTracking.uplugin" 623
"../../../Engine/Plugins/Experimental/Animation/MotionTrajectory/MotionTrajectory.uplugin" 624
"../../../Engine/Plugins/Runtime/USDCore/USDCore.uplugin" 625
"../../../Engine/Plugins/Experimental/Animation/TrajectoryTools/TrajectoryTools.uplugin" 626
"../../../Engine/Plugins/Runtime/PropertyAccess/PropertyAccessEditor.uplugin" 627
"../../../Engine/Plugins/Runtime/WebBrowserNativeProxy/WebBrowserNativeProxy.uplugin" 628
"../../../Engine/Plugins/Runtime/ProceduralMeshComponent/ProceduralMeshComponent.uplugin" 629
"../../../Engine/Plugins/Runtime/SunPosition/SunPosition.uplugin" 630
"../../../Engine/Plugins/Experimental/AVCodecs/VTCodecs/VTCodecs.uplugin" 631
"../../../Engine/Plugins/Runtime/XRBase/XRBase.uplugin" 632
"../../../Engine/Plugins/Runtime/ZoneGraph/ZoneGraph.uplugin" 633
"../../../Engine/Plugins/Experimental/Animation/ContextualAnimation/ContextualAnimation.uplugin" 634
"../../../Engine/Plugins/Experimental/Animation/PackedAttributes/PackedAttributes.uplugin" 635
"../../../Engine/Plugins/Experimental/Animation/HierarchyTableAnimation/HierarchyTableAnimation.uplugin" 636
"../../../Engine/Plugins/Experimental/Animation/Locomotor/Locomotor.uplugin" 637
"../../../Engine/Plugins/Experimental/CharacterFXEditor/ExampleCharacterFXEditor/ExampleCharacterFXEditor.uplugin" 638
"../../../Engine/Plugins/Experimental/Animation/Optimus/Optimus.uplugin" 639
"../../../Engine/Plugins/Experimental/AVCodecs/LibVpxCodecs/LibVpxCodecs.uplugin" 640
"../../../Engine/Plugins/Experimental/Animation/SkeletonTemplateFramework/SkeletonTemplateFramework.uplugin" 641
"../../../Engine/Plugins/Experimental/Animation/SkeletalMeshMorphTargetEditingTools/SkeletalMeshMorphTargetEditingTools.uplugin" 642
"../../../Engine/Plugins/Experimental/AVCodecs/AVCodecsCore/AVCodecsCore.uplugin" 643
"../../../Engine/Plugins/Experimental/CharacterFXEditor/BaseCharacterFXEditor/BaseCharacterFXEditor.uplugin" 644
"../../../Engine/Plugins/Experimental/AVCodecs/WMFCodecs/WMFCodecs.uplugin" 645
"../../../Engine/Plugins/Experimental/AVCodecs/NVCodecs/NVCodecs.uplugin" 646
"../../../Engine/Plugins/Runtime/Synthesis/Synthesis.uplugin" 647
"../../../Engine/Plugins/Experimental/Animation/RigMapper/RigMapper.uplugin" 648
"../../../Engine/Plugins/Runtime/AR/ARUtilities/ARUtilities.uplugin" 649
"../../../Engine/Plugins/Runtime/WebBrowserWidget/WebBrowserWidget.uplugin" 650
"../../../Engine/Plugins/VirtualProduction/DMX/DMXPixelMapping/DMXPixelMapping.uplugin" 651
"../../../Engine/Plugins/Experimental/AVCodecs/AMFCodecs/AMFCodecs.uplugin" 652
"../../../Engine/Plugins/VirtualProduction/DMX/DMXEngine/DMXEngine.uplugin" 653
"../../../Engine/Plugins/Experimental/Web/WebAPI/WebAPI.uplugin" 654
"../../../Engine/Plugins/Runtime/PacketHandlers/AESGCMHandlerComponent/AESGCMHandlerComponent.uplugin" 655
"../../../Engine/Plugins/VirtualProduction/CaptureManager/CaptureManagerCore/CaptureManagerCore.uplugin" 656
"../../../Engine/Plugins/VirtualProduction/CaptureManager/CaptureManagerApp/CaptureManagerApp.uplugin" 657
"../../../Engine/Plugins/Experimental/PCGInterops/PCGNiagaraInterop/PCGNiagaraInterop.uplugin" 658
"../../../Engine/Plugins/Runtime/WebMMoviePlayer/WebMMoviePlayer.uplugin" 659
"../../../Engine/Plugins/VirtualProduction/DMX/DMXFixtures/DMXFixtures.uplugin" 660
"../../../Engine/Plugins/Runtime/XR/XRScribe/XRScribe.uplugin" 661
"../../../Engine/Plugins/Experimental/PCGInterops/PCGInstancedActorsInterop/PCGInstancedActorsInterop.uplugin" 662
"../../../Engine/Plugins/Runtime/Steam/SteamSockets/SteamSockets.uplugin" 663
"../../../Engine/Plugins/Experimental/PCGInterops/PCGWaterInterop/PCGWaterInterop.uplugin" 664
"../../../Engine/Plugins/Runtime/Steam/SteamShared/SteamShared.uplugin" 665
"../../../Engine/Plugins/Runtime/PacketHandlers/AESHandlerComponent/AESHandlerComponent.uplugin" 666
"../../../Engine/Plugins/VirtualProduction/CaptureManager/CaptureManagerDevices/CaptureManagerDevices.uplugin" 667
"../../../Engine/Plugins/VirtualProduction/Rivermax/RivermaxCore/RivermaxCore.uplugin" 668
"../../../Engine/Plugins/VirtualProduction/CaptureManager/CaptureManagerEditor/CaptureManagerEditor.uplugin" 669
"../../../Engine/Plugins/Animation/MLDeformer/ChaosFleshGenerator/ChaosFleshGenerator.uplugin" 670
"../../../Engine/Plugins/VirtualProduction/DMX/DMXGDTF/DMXGDTF.uplugin" 671
"../../../Engine/Plugins/VirtualProduction/DMX/DMXDisplayCluster/DMXDisplayCluster.uplugin" 672
"../../../Engine/Plugins/Runtime/MeshReconstruction/DummyMeshReconstructor/DummyMeshReconstructor.uplugin" 673
"../../../Engine/Plugins/VirtualProduction/DMX/DMXProtocol/DMXProtocol.uplugin" 674
"../../../Engine/Plugins/Developer/Concert/ConcertMain/ConcertMain.uplugin" 675
"../../../Engine/Plugins/Animation/MLDeformer/ChaosClothGenerator/ChaosClothGenerator.uplugin" 676
"../../../Engine/Plugins/Runtime/XR/XRVisualization/XRVisualization.uplugin" 677
"../../../Engine/Plugins/Runtime/Steam/SteamController/SteamController.uplugin" 678
"../../../Engine/Plugins/Runtime/PacketHandlers/DTLSHandlerComponent/DTLSHandlerComponent.uplugin" 679
"../../../Engine/Plugins/Runtime/Database/RemoteDatabaseSupport/RemoteDatabaseSupport.uplugin" 680
"../../../Engine/Plugins/Runtime/Steam/SteamAudio/SteamAudio.uplugin" 681
"../../../Engine/Plugins/VirtualProduction/DMX/DMXModularFeatures/DMXModularFeatures.uplugin" 682
"../../../Engine/Plugins/VirtualProduction/Rivermax/RivermaxMedia/RivermaxMedia.uplugin" 683
"../../../Engine/Plugins/VirtualProduction/DMX/DatasmithMVR/DatasmithMVR.uplugin" 684
"../../../Engine/Plugins/Runtime/Database/DatabaseSupport/DatabaseSupport.uplugin" 685
"../../../Engine/Plugins/Runtime/Analytics/FileLogging/FileLogging.uplugin" 686
"../../../Engine/Plugins/Animation/MLDeformer/VertexDeltaModel/VertexDeltaModel.uplugin" 687
"../../../Engine/Plugins/Editor/ContentBrowser/ContentBrowserAssetDataSource/ContentBrowserAssetDataSource.uplugin" 688
"../../../Engine/Plugins/VirtualProduction/DMX/DMXControlConsole/DMXControlConsole.uplugin" 689
"../../../Engine/Plugins/Animation/MLDeformer/MLDeformerFramework/MLDeformerFramework.uplugin" 690
"../../../Engine/Plugins/Runtime/Analytics/Adjust/Adjust.uplugin" 691
"../../../Engine/Plugins/Interchange/Extensions/OpenUSD/InterchangeOpenUSD.uplugin" 692
"../../../Engine/Plugins/Runtime/Analytics/AnalyticsBlueprintLibrary/AnalyticsBlueprintLibrary.uplugin" 693
"../../../Engine/Plugins/Runtime/Nvidia/GeForceNOWWrapper/GeForceNOWWrapper.uplugin" 694
"../../../Engine/Plugins/Animation/MLDeformer/NeuralMorphModel/NeuralMorphModel.uplugin" 695
"../../../Engine/Plugins/Runtime/Database/SQLiteSupport/SQLiteSupport.uplugin" 696
"../../../Engine/Plugins/Runtime/Advertising/IOSTapJoy/IOSTapJoy.uplugin" 697
"../../../Engine/Plugins/Animation/MLDeformer/NearestNeighborModel/NearestNeighborModel.uplugin" 698
"../../../Engine/Plugins/Online/VoiceChat/VoiceChat/VoiceChat.uplugin" 699
"../../../Engine/Plugins/Runtime/Database/SQLiteCore/SQLiteCore.uplugin" 700
"../../../Engine/Plugins/Editor/ContentBrowser/ContentBrowserAliasDataSource/ContentBrowserAliasDataSource.uplugin" 701
"../../../Engine/Plugins/Interchange/Extensions/OpenVDB/InterchangeOpenVDB.uplugin" 702
"../../../Engine/Plugins/Editor/Localization/PortableObjectFileDataSource/PortableObjectFileDataSource.uplugin" 703
"../../../Engine/Plugins/Editor/ContentBrowser/ContentBrowserFileDataSource/ContentBrowserFileDataSource.uplugin" 704
"../../../Engine/Plugins/Runtime/Database/ADOSupport/ADOSupport.uplugin" 705
"../../../Engine/Plugins/Editor/ObjectMixer/LightMixer/LightMixer.uplugin" 706
"../../../Engine/Plugins/Experimental/VirtualProduction/LedWallCalibration/LedWallCalibration.uplugin" 707
"../../../Engine/Plugins/Online/Android/AndroidFetchBackgroundDownload/AndroidFetchBackgroundDownload.uplugin" 708
"../../../Engine/Plugins/Online/VoiceChat/EOSVoiceChat/EOSVoiceChat.uplugin" 709
"../../../Engine/Plugins/Editor/ContentBrowser/ContentBrowserClassDataSource/ContentBrowserClassDataSource.uplugin" 710
"../../../Engine/Plugins/Editor/ObjectMixer/ObjectMixer/ObjectMixer.uplugin" 711
"../../../Engine/Plugins/Runtime/Nvidia/Reflex/Reflex.uplugin" 712
"../../../Engine/Plugins/Runtime/Windows/WinDualShock/WinDualShock.uplugin" 713
"../../../Engine/Plugins/Runtime/AR/AppleAR/AppleARKitFaceSupport/AppleARKitFaceSupport.uplugin" 714
"../../../Engine/Plugins/Runtime/AR/AppleAR/AppleARKit/AppleARKit.uplugin" 715
"../../../Engine/Plugins/Online/Android/OnlineSubsystemGooglePlay/OnlineSubsystemGooglePlay.uplugin" 716
"../../../Engine/Plugins/Developer/Concert/ConcertInsights/ConcertInsightsCore/ConcertInsightsCore.uplugin" 717
"../../../Engine/Plugins/Experimental/Compositing/CompositeCore/CompositeCore.uplugin" 718
"../../../Engine/Plugins/VirtualProduction/Rivermax/RivermaxSync/RivermaxSync.uplugin" 719
"../../../Engine/Plugins/Developer/Concert/ConcertUI/ConcertClientSharedSlate/ConcertClientSharedSlate.uplugin" 720
"../../../Engine/Plugins/Experimental/MetaHuman/MetaHumanRuntime/MetaHumanRuntime.uplugin" 721
"../../../Engine/Plugins/Experimental/Enterprise/DataprepGeometryOperations/DataprepGeometryOperations.uplugin" 722
"../../../Engine/Plugins/Online/IOS/OnlineSubsystemIOS/OnlineSubsystemIOS.uplugin" 723
"../../../Engine/Plugins/Developer/Concert/ConcertSync/ConcertSyncTest/ConcertSyncTest.uplugin" 724
"../../../Engine/Plugins/Developer/Concert/ConcertSync/ConcertSyncServer/ConcertSyncServer.uplugin" 725
"../../../Engine/Plugins/Experimental/VirtualProduction/VPRoles/VPRoles.uplugin" 726
"../../../Engine/Plugins/Experimental/Enterprise/DatasmithRuntime/DatasmithRuntime.uplugin" 727
"../../../Engine/Plugins/Developer/Concert/ConcertScripting/ConcertReplicationScripting/ConcertReplicationScripting.uplugin" 728
"../../../Engine/Plugins/Runtime/AR/Google/GoogleARCore/GoogleARCore.uplugin" 729
"../../../Engine/Plugins/Runtime/Windows/XInputDevice/XInputDevice.uplugin" 730
"../../../Engine/Plugins/Runtime/AR/Google/GoogleARCoreServices/GoogleARCoreServices.uplugin" 731
"../../../Engine/Plugins/Developer/Concert/ConcertSync/ConcertSyncCore/ConcertSyncCore.uplugin" 732
"../../../Engine/Plugins/Experimental/VirtualProduction/VPSettings/VPSettings.uplugin" 733
"../../../Engine/Plugins/Experimental/Enterprise/DatasmithInterchange/DatasmithInterchange.uplugin" 734
"../../../Engine/Plugins/Experimental/Compositing/HoldoutComposite/HoldoutComposite.uplugin" 735
"../../../Engine/Plugins/Developer/Concert/ConcertUI/ConcertSharedSlate/ConcertSharedSlate.uplugin" 736
"../../../Engine/Plugins/Developer/Concert/ConcertInsights/ConcertInsightsClient/ConcertInsightsClient.uplugin" 737
"../../../Engine/Plugins/Developer/Concert/ConcertApp/MultiUserServer/MultiUserServer.uplugin" 738
"../../../Engine/Plugins/Developer/Concert/ConcertInsights/ConcertInsightsVisualizer/ConcertInsightsVisualizer.uplugin" 739
"../../../Engine/Plugins/Developer/Concert/ConcertApp/MultiUserClient/MultiUserClient.uplugin" 740
"../../../Engine/Plugins/Developer/Concert/ConcertSync/ConcertSyncClient/ConcertSyncClient.uplugin" 741
"../../../Engine/Plugins/Developer/Concert/ConcertApp/DisasterRecoveryClient/DisasterRecoveryClient.uplugin" 742
"../../../Engine/Plugins/Developer/Concert/ConcertInsights/ConcertInsightsServer/ConcertInsightsServer.uplugin" 743
"../../../Engine/Plugins/Experimental/Animation/MLDeformer/DetailPoseModel/DetailPoseModel.uplugin" 744
"../../../Engine/Plugins/Runtime/Analytics/AnalyticsMulticast/AnalyticsMulticast.uplugin" 745
"../../../Engine/Platforms/Android/Plugins/RigLogic/RigLogic_Android.uplugin" 746
"../../../Engine/Platforms/Android/Plugins/Animation/ACLPlugin/ACLPlugin_Android.uplugin" 747
"../../../Engine/Platforms/IOS/Plugins/RigLogic/RigLogic_IOS.uplugin" 748
"../../../Engine/Content/Internationalization/icudt64l/cnvalias.icu" 749
"../../../Engine/Content/Internationalization/icudt64l/res_index.res" 750
"../../../Engine/Content/Internationalization/icudt64l/plurals.res" 751
"../../../Engine/Content/Internationalization/icudt64l/lang/en.res" 752
"../../../Engine/Content/Internationalization/icudt64l/lang/pool.res" 753
"../../../Engine/Content/Internationalization/icudt64l/lang/root.res" 754
"../../../Engine/Content/Internationalization/icudt64l/region/en.res" 755
"../../../Engine/Content/Internationalization/icudt64l/region/pool.res" 756
"../../../Engine/Content/Internationalization/icudt64l/region/root.res" 757
"../../../Engine/Content/Internationalization/icudt64l/windowsZones.res" 758
"../../../Engine/Content/Internationalization/icudt64l/zoneinfo64.res" 759
"../../../Engine/Content/Internationalization/icudt64l/keyTypeData.res" 760
"../../../Engine/Content/Internationalization/icudt64l/timezoneTypes.res" 761
"../../../Engine/Content/Internationalization/icudt64l/likelySubtags.res" 762
"../../../Engine/Content/Internationalization/icudt64l/en_US.res" 763
"../../../Engine/Content/Internationalization/icudt64l/pool.res" 764
"../../../Engine/Content/Internationalization/icudt64l/en.res" 765
"../../../Engine/Content/Internationalization/icudt64l/root.res" 766
"../../../Engine/Content/Internationalization/icudt64l/supplementalData.res" 767
"../../../Engine/Config/ConfigRedirects.ini" 768
"C:/Users/Will/AppData/Local/UnrealEngine/5.6/Saved/Config/WindowsEditor/Manifest.ini" 769
"../../../Engine/Config/BaseEngine.ini" 770
"../../../Engine/Config/Windows/BaseWindowsEngine.ini" 771
"../../../../../../Users/Will/Desktop/Work/CHICO/EldritchBotanist/The_Eldritch_Botanist/EldritchBotanistGame/Config/DefaultEngine.ini" 772
"C:/Users/Will/AppData/Local/Unreal Engine/Engine/Config/UserEngine.ini" 773
"../../../Engine/Config/BaseGame.ini" 774
"../../../../../../Users/Will/Desktop/Work/CHICO/EldritchBotanist/The_Eldritch_Botanist/EldritchBotanistGame/Config/DefaultGame.ini" 775
"../../../Engine/Config/Windows/WindowsGame.ini" 776
"C:/Users/Will/Desktop/Work/CHICO/EldritchBotanist/The_Eldritch_Botanist/EldritchBotanistGame/Saved/Config/WindowsEditor/Game.ini" 777
"../../../Engine/Config/BaseInput.ini" 778
"../../../Engine/Config/Windows/BaseWindowsInput.ini" 779
"../../../../../../Users/Will/Desktop/Work/CHICO/EldritchBotanist/The_Eldritch_Botanist/EldritchBotanistGame/Config/DefaultInput.ini" 780
"../../../Engine/Config/Windows/WindowsInput.ini" 781
"../../../Engine/Config/BaseDeviceProfiles.ini" 782
"../../../Engine/Config/BaseGameUserSettings.ini" 783
"C:/Users/Will/Desktop/Work/CHICO/EldritchBotanist/The_Eldritch_Botanist/EldritchBotanistGame/Saved/Config/WindowsEditor/GameUserSettings.ini" 784
"../../../Engine/Config/BaseScalability.ini" 785
"../../../Engine/Config/BaseRuntimeOptions.ini" 786
"../../../Engine/Config/BaseInstallBundle.ini" 787
"../../../Engine/Config/BaseHardware.ini" 788
"../../../Engine/Config/BaseCompat.ini" 789
"../../../Engine/Config/BaseLightmass.ini" 790
"../../../Engine/Config/BaseEditor.ini" 791
"../../../../../../Users/Will/Desktop/Work/CHICO/EldritchBotanist/The_Eldritch_Botanist/EldritchBotanistGame/Config/DefaultEditor.ini" 792
"C:/Users/Will/Desktop/Work/CHICO/EldritchBotanist/The_Eldritch_Botanist/EldritchBotanistGame/Saved/Config/WindowsEditor/Editor.ini" 793
"../../../Engine/Config/BaseMaterialExpressions.ini" 794
"../../../Engine/Config/BaseEditorPerProjectUserSettings.ini" 795
"../../../../../../Users/Will/Desktop/Work/CHICO/EldritchBotanist/The_Eldritch_Botanist/EldritchBotanistGame/Config/DefaultEditorPerProjectUserSettings.ini" 796
"../../../Engine/Config/Windows/WindowsEditorPerProjectUserSettings.ini" 797
"C:/Users/Will/Desktop/Work/CHICO/EldritchBotanist/The_Eldritch_Botanist/EldritchBotanistGame/Saved/Config/WindowsEditor/EditorPerProjectUserSettings.ini" 798
"../../../Engine/Config/BaseEditorSettings.ini" 799
"../../../Engine/Config/Windows/WindowsEditorSettings.ini" 800
"C:/Users/Will/AppData/Local/UnrealEngine/5.6/Saved/Config/WindowsEditor/EditorSettings.ini" 801
"../../../Engine/Config/BaseEditorKeyBindings.ini" 802
"C:/Users/Will/AppData/Local/UnrealEngine/5.6/Saved/Config/WindowsEditor/EditorLayout.ini" 803
"../../../Engine/Config/IOS/BaseIOSEngine.ini" 804
"../../../Engine/Config/Android/BaseAndroidEngine.ini" 805
"../../../Engine/Platforms/VisionOS/Config/BaseVisionOSEngine.ini" 806
"../../../Engine/Config/Linux/BaseLinuxEngine.ini" 807
"../../../Engine/Config/TVOS/TVOSEngine.ini" 808
"../../../Engine/Config/Android/AndroidEngine.ini" 809
"../../../Engine/Config/IOS/BaseIOSGame.ini" 810
"../../../Engine/Config/Android/BaseAndroidGame.ini" 811
"../../../Engine/Config/IOS/IOSGame.ini" 812
"../../../Engine/Config/IOS/BaseIOSInput.ini" 813
"../../../Engine/Config/Android/BaseAndroidInput.ini" 814
"../../../Engine/Binaries/Win64/BootstrapPackagedGame-Win64-Shipping.target" 815
"../../../Engine/Binaries/Win64/BuildPatchTool-Win64-Shipping.target" 816
"../../../Engine/Binaries/Win64/CrashReportClient-Win64-Shipping.target" 817
"../../../Engine/Config/Unix/UnixEngine.ini" 818
"../../../Engine/Config/Mac/BaseMacEngine.ini" 819
"../../../Engine/Platforms/VisionOS/Config/VisionOSEngine.ini" 820
"../../../Engine/Config/Linux/LinuxEngine.ini" 821
"../../../Engine/Binaries/Win64/CrashReportClientEditor-Win64-Shipping.target" 822
"../../../Engine/Config/IOS/IOSScalability.ini" 823
"../../../Engine/Binaries/Win64/DatasmithCADWorker.target" 824
"../../../Engine/Config/Android/AndroidScalability.ini" 825
"../../../Engine/Config/IOS/BaseIOSInstallBundle.ini" 826
"../../../Engine/Config/Android/BaseAndroidInstallBundle.ini" 827
"../../../Engine/Config/Mac/MacGame.ini" 828
"../../../Engine/Binaries/Win64/EpicWebHelper-Win64-Shipping.target" 829
"../../../Engine/Binaries/Win64/InterchangeWorker.target" 830
"../../../Engine/Config/Mac/BaseMacInput.ini" 831
"../../../Engine/Config/Linux/LinuxGame.ini" 832
"../../../Engine/Binaries/Win64/LiveCodingConsole.target" 833
"../../../Engine/Binaries/Win64/LiveLinkHub.target" 834
"../../../Engine/Binaries/Win64/ShaderCompileWorker.target" 835
"../../../Engine/Binaries/Win64/SwitchboardListener.target" 836
"../../../Engine/Binaries/Win64/SwitchboardListenerHelper.target" 837
"../../../Engine/Binaries/Win64/UnrealEditor-Win64-DebugGame.target" 838
"../../../Engine/Binaries/Win64/UnrealEditor.target" 839
"../../../Engine/Config/PluginBase.ini" 840
"../../../Engine/Plugins/ChaosVD/Config/DefaultChaosVD.ini" 841
"../../../Engine/Plugins/EnhancedInput/Config/BaseEnhancedInput.ini" 842
"../../../Engine/Plugins/Fab/Config/BaseFab.ini" 843
"../../../Engine/Plugins/TraceUtilities/Config/BaseTraceUtilities.ini" 844
"../../../Engine/Plugins/Experimental/FullBodyIK/Config/BaseFullBodyIK.ini" 845
"../../../Engine/Plugins/Experimental/ToolPresets/Config/BaseToolPresets.ini" 846
"../../../Engine/Plugins/VirtualProduction/CameraCalibrationCore/Config/BaseCameraCalibrationCore.ini" 847
"../../../Engine/Plugins/VirtualProduction/Takes/Config/BaseTakes.ini" 848
"../../../Engine/Plugins/2D/Paper2D/Config/BasePaper2D.ini" 849
"../../../Engine/Plugins/Animation/DeformerGraph/Config/BaseDeformerGraph.ini" 850
"../../../Engine/Plugins/Animation/ControlRig/Config/BaseControlRig.ini" 851
"../../../Engine/Plugins/Animation/IKRig/Config/BaseIKRig.ini" 852
"../../../Engine/Plugins/Cameras/GameplayCameras/Config/BaseGameplayCameras.ini" 853
"../../../Engine/Plugins/Editor/EditorScriptingUtilities/Config/BaseEditorScriptingUtilities.ini" 854
"../../../Engine/Plugins/Enterprise/DatasmithContent/Config/BaseDatasmithContent.ini" 855
"../../../Engine/Plugins/Enterprise/GLTFExporter/Config/BaseGLTFExporter.ini" 856
"../../../Engine/Plugins/Enterprise/GLTFExporter/Config/DefaultGLTFExporter.ini" 857
"../../../Engine/Plugins/Enterprise/VariantManagerContent/Config/BaseVariantManagerContent.ini" 858
"../../../Engine/Plugins/FX/Niagara/Config/BaseNiagara.ini" 859
"C:/Users/Will/Desktop/Work/CHICO/EldritchBotanist/The_Eldritch_Botanist/EldritchBotanistGame/Saved/Config/WindowsEditor/Niagara.ini" 860
"../../../Engine/Plugins/Interchange/Assets/Config/BaseInterchangeAssets.ini" 861
"../../../Engine/Plugins/Interchange/Runtime/Config/BaseInterchange.ini" 862
"../../../Engine/Plugins/MetaHuman/MetaHumanSDK/Config/BaseMetaHumanSDK.ini" 863
"../../../Engine/Plugins/Runtime/GameplayStateTree/Config/BaseGameplayStateTree.ini" 864
"../../../Engine/Plugins/Runtime/HairStrands/Config/BaseHairStrands.ini" 865
"../../../Engine/Plugins/Runtime/Metasound/Config/BaseMetasound.ini" 866
"../../../Engine/Plugins/Runtime/Metasound/Config/DefaultMetasound.ini" 867
"../../../Engine/Plugins/Runtime/PropertyBindingUtils/Config/BasePropertyBindingUtils.ini" 868
"../../../Engine/Plugins/Runtime/RigVM/Config/BaseRigVM.ini" 869
"../../../Engine/Plugins/Runtime/StateTree/Config/BaseStateTree.ini" 870
"../../../Engine/Plugins/Runtime/Synthesis/Config/BaseSynthesis.ini" 871
"../../../Engine/Plugins/Experimental/Compositing/CompositeCore/Config/BaseCompositeCore.ini" 872
"../../../Engine/Plugins/ChaosVD/Config/Engine.ini" 873
"../../../Engine/Plugins/EnhancedInput/Config/Input.ini" 874
"../../../Engine/Plugins/Runtime/InputDebugging/Config/Input.ini" 875
"../../../Engine/Plugins/Runtime/Windows/XInputDevice/Config/Input.ini" 876
"../../../Engine/Plugins/NNE/NNEDenoiser/Config/Game.ini" 877
"../../../Engine/Plugins/Online/OnlineSubsystemUtils/Config/Editor.ini" 878
"../../../Engine/Plugins/Runtime/RigVM/Config/Editor.ini" 879
"../../../Engine/Plugins/Editor/ModelingToolsEditorMode/Binaries/Win64/UnrealEditor.modules" 880
"../../../Engine/Plugins/Runtime/MeshModelingToolset/Binaries/Win64/UnrealEditor.modules" 881
"../../../Engine/Plugins/Experimental/MeshModelingToolsetExp/Binaries/Win64/UnrealEditor.modules" 882
"../../../Engine/Plugins/Editor/MeshLODToolset/Binaries/Win64/UnrealEditor.modules" 883
"../../../Engine/Plugins/Experimental/ToolPresets/Binaries/Win64/UnrealEditor.modules" 884
"../../../Engine/Plugins/Editor/StylusInput/Binaries/Win64/UnrealEditor.modules" 885
"../../../Engine/Plugins/Runtime/GeometryProcessing/Binaries/Win64/UnrealEditor.modules" 886
"../../../Engine/Plugins/Editor/ProxyLODPlugin/Binaries/Win64/UnrealEditor.modules" 887
"../../../Engine/Plugins/Experimental/PlanarCutPlugin/Binaries/Win64/UnrealEditor.modules" 888
"../../../Engine/Plugins/Runtime/GeometryCache/Binaries/Win64/UnrealEditor.modules" 889
"../../../Engine/Plugins/Experimental/GeometryFlow/Binaries/Win64/UnrealEditor.modules" 890
"../../../Engine/Plugins/Editor/EditorScriptingUtilities/Binaries/Win64/UnrealEditor.modules" 891
"../../../Engine/Plugins/FX/Niagara/Binaries/Win64/UnrealEditor.modules" 892
"../../../Engine/Plugins/Experimental/PythonScriptPlugin/Binaries/Win64/UnrealEditor.modules" 893
"../../../Engine/Plugins/Editor/ContentBrowser/ContentBrowserFileDataSource/Binaries/Win64/UnrealEditor.modules" 894
"../../../Engine/Plugins/Runtime/GameplayStateTree/Binaries/Win64/UnrealEditor.modules" 895
"../../../Engine/Plugins/Runtime/StateTree/Binaries/Win64/UnrealEditor.modules" 896
"../../../Engine/Plugins/Animation/GameplayInsights/Binaries/Win64/UnrealEditor.modules" 897
"../../../Engine/Plugins/Runtime/PropertyAccess/Binaries/Win64/UnrealEditor.modules" 898
"../../../Engine/Plugins/Runtime/PropertyBindingUtils/Binaries/Win64/UnrealEditor.modules" 899
"../../../Engine/Plugins/Bridge/Binaries/Win64/UnrealEditor.modules" 900
"../../../Engine/Plugins/MetaHuman/MetaHumanSDK/Binaries/Win64/UnrealEditor.modules" 901
"../../../Engine/Plugins/Animation/ControlRig/Binaries/Win64/UnrealEditor.modules" 902
"../../../Engine/Plugins/Runtime/HairStrands/Binaries/Win64/UnrealEditor.modules" 903
"../../../Engine/Plugins/Animation/RigLogic/Binaries/Win64/UnrealEditor.modules" 904
"../../../Engine/Plugins/Online/EOSShared/Binaries/Win64/UnrealEditor.modules" 905
"../../../Engine/Plugins/Runtime/RigVM/Binaries/Win64/UnrealEditor.modules" 906
"../../../Engine/Plugins/MovieScene/LevelSequenceEditor/Binaries/Win64/UnrealEditor.modules" 907
"../../../Engine/Plugins/MovieScene/SequencerScripting/Binaries/Win64/UnrealEditor.modules" 908
"../../../Engine/Plugins/Animation/TweeningUtils/Binaries/Win64/UnrealEditor.modules" 909
"../../../Engine/Plugins/Animation/DeformerGraph/Binaries/Win64/UnrealEditor.modules" 910
"../../../Engine/Plugins/Experimental/Dataflow/Binaries/Win64/UnrealEditor.modules" 911
"../../../Engine/Plugins/Runtime/ComputeFramework/Binaries/Win64/UnrealEditor.modules" 912
"../../../Engine/Plugins/Experimental/CharacterFXEditor/BaseCharacterFXEditor/Binaries/Win64/UnrealEditor.modules" 913
"../../../Engine/Plugins/Runtime/ProceduralMeshComponent/Binaries/Win64/UnrealEditor.modules" 914
"../../../Engine/Plugins/Experimental/ChaosCaching/Binaries/Win64/UnrealEditor.modules" 915
"../../../Engine/Plugins/Experimental/EditorDataStorage/Binaries/Win64/UnrealEditor.modules" 916
"../../../Engine/Plugins/Experimental/EditorDataStorageFeatures/Binaries/Win64/UnrealEditor.modules" 917
"../../../Engine/Plugins/VirtualProduction/Takes/Binaries/Win64/UnrealEditor.modules" 918
"../../../Engine/Plugins/Runtime/AudioCapture/Binaries/Win64/UnrealEditor.modules" 919
"../../../Engine/Plugins/Developer/NamingTokens/Binaries/Win64/UnrealEditor.modules" 920
"../../../Engine/Plugins/Editor/EngineAssetDefinitions/Binaries/Win64/UnrealEditor.modules" 921
"../../../Engine/Plugins/ChaosCloth/Binaries/Win64/UnrealEditor.modules" 922
"../../../Engine/Plugins/ChaosVD/Binaries/Win64/UnrealEditor.modules" 923
"../../../Engine/Plugins/CmdLinkServer/Binaries/Win64/UnrealEditor.modules" 924
"../../../Engine/Plugins/ChaosInsights/Binaries/Win64/UnrealEditor.modules" 925
"../../../Engine/Plugins/EnhancedInput/Binaries/Win64/UnrealEditor.modules" 926
"../../../Engine/Plugins/Editor/DataValidation/Binaries/Win64/UnrealEditor.modules" 927
"../../../Engine/Plugins/Fab/Binaries/Win64/UnrealEditor.modules" 928
"../../../Engine/Plugins/Interchange/Runtime/Binaries/Win64/UnrealEditor.modules" 929
"../../../Engine/Plugins/Enterprise/VariantManagerContent/Binaries/Win64/UnrealEditor.modules" 930
"../../../Engine/Plugins/Enterprise/VariantManager/Binaries/Win64/UnrealEditor.modules" 931
"../../../Engine/Plugins/Interchange/Assets/Binaries/Win64/UnrealEditor.modules" 932
"../../../Engine/Plugins/FastBuildController/Binaries/Win64/UnrealEditor.modules" 933
"../../../Engine/Plugins/IoStoreInsights/Binaries/Win64/UnrealEditor.modules" 934
"../../../Engine/Plugins/MassInsights/Binaries/Win64/UnrealEditor.modules" 935
"../../../Engine/Plugins/MeshPainting/Binaries/Win64/UnrealEditor.modules" 936
"../../../Engine/Plugins/Interchange/Editor/Binaries/Win64/UnrealEditor.modules" 937
"../../../Engine/Plugins/RenderGraphInsights/Binaries/Win64/UnrealEditor.modules" 938
"../../../Engine/Plugins/TraceUtilities/Binaries/Win64/UnrealEditor.modules" 939
"../../../Engine/Plugins/WorldMetrics/Binaries/Win64/UnrealEditor.modules" 940
"../../../Engine/Plugins/UbaController/Binaries/Win64/UnrealEditor.modules" 941
"../../../Engine/Plugins/XGEController/Binaries/Win64/UnrealEditor.modules" 942
"../../../Engine/Plugins/Compression/OodleNetwork/Binaries/Win64/UnrealEditor.modules" 943
"../../../Engine/Plugins/Experimental/AdvancedRenamer/Binaries/Win64/UnrealEditor.modules" 944
"../../../Engine/Plugins/Experimental/AutomationUtils/Binaries/Win64/UnrealEditor.modules" 945
"../../../Engine/Plugins/Experimental/BackChannel/Binaries/Win64/UnrealEditor.modules" 946
"../../../Engine/Plugins/Experimental/ChaosEditor/Binaries/Win64/UnrealEditor.modules" 947
"../../../Engine/Plugins/Experimental/GeometryCollectionPlugin/Binaries/Win64/UnrealEditor.modules" 948
"../../../Engine/Plugins/Experimental/Fracture/Binaries/Win64/UnrealEditor.modules" 949
"../../../Engine/Plugins/Experimental/ChaosSolverPlugin/Binaries/Win64/UnrealEditor.modules" 950
"../../../Engine/Plugins/Experimental/GeometryDataflow/Binaries/Win64/UnrealEditor.modules" 951
"../../../Engine/Plugins/Experimental/ChaosNiagara/Binaries/Win64/UnrealEditor.modules" 952
"../../../Engine/Plugins/Experimental/ChaosUserDataPT/Binaries/Win64/UnrealEditor.modules" 953
"../../../Engine/Plugins/Experimental/CharacterAI/Binaries/Win64/UnrealEditor.modules" 954
"../../../Engine/Plugins/Experimental/EditorPerformance/Binaries/Win64/UnrealEditor.modules" 955
"../../../Engine/Plugins/Experimental/EditorTelemetry/Binaries/Win64/UnrealEditor.modules" 956
"../../../Engine/Plugins/Experimental/LevelSequenceNavigatorBridge/Binaries/Win64/UnrealEditor.modules" 957
"../../../Engine/Plugins/Experimental/SequenceNavigator/Binaries/Win64/UnrealEditor.modules" 958
"../../../Engine/Plugins/Experimental/LocalizableMessage/Binaries/Win64/UnrealEditor.modules" 959
"../../../Engine/Plugins/Experimental/NFORDenoise/Binaries/Win64/UnrealEditor.modules" 960
"../../../Engine/Plugins/Experimental/PlatformCrypto/Binaries/Win64/UnrealEditor.modules" 961
"../../../Engine/Plugins/Experimental/RuntimeTelemetry/Binaries/Win64/UnrealEditor.modules" 962
"../../../Engine/Plugins/Experimental/SkeletalReduction/Binaries/Win64/UnrealEditor.modules" 963
"../../../Engine/Plugins/Messaging/TcpMessaging/Binaries/Win64/UnrealEditor.modules" 964
"../../../Engine/Plugins/Messaging/UdpMessaging/Binaries/Win64/UnrealEditor.modules" 965
"../../../Engine/Plugins/MovieScene/ActorSequence/Binaries/Win64/UnrealEditor.modules" 966
"../../../Engine/Plugins/NNE/NNEDenoiser/Binaries/Win64/UnrealEditor.modules" 967
"../../../Engine/Plugins/NNE/NNERuntimeORT/Binaries/Win64/UnrealEditor.modules" 968
"../../../Engine/Plugins/Tests/InterchangeTests/Binaries/Win64/UnrealEditor.modules" 969
"../../../Engine/Plugins/AI/AISupport/Binaries/Win64/UnrealEditor.modules" 970
"../../../Engine/Plugins/2D/Paper2D/Binaries/Win64/UnrealEditor.modules" 971
"../../../Engine/Plugins/Animation/AnimationData/Binaries/Win64/UnrealEditor.modules" 972
"../../../Engine/Plugins/Animation/ACLPlugin/Binaries/Win64/UnrealEditor.modules" 973
"../../../Engine/Plugins/Animation/AnimationModifierLibrary/Binaries/Win64/UnrealEditor.modules" 974
"../../../Engine/Plugins/Animation/BlendSpaceMotionAnalysis/Binaries/Win64/UnrealEditor.modules" 975
"../../../Engine/Plugins/Animation/ControlRigSpline/Binaries/Win64/UnrealEditor.modules" 976
"../../../Engine/Plugins/Animation/IKRig/Binaries/Win64/UnrealEditor.modules" 977
"../../../Engine/Plugins/Experimental/FullBodyIK/Binaries/Win64/UnrealEditor.modules" 978
"../../../Engine/Plugins/AI/EnvironmentQueryEditor/Binaries/Win64/UnrealEditor.modules" 979
"../../../Engine/Plugins/Animation/SkeletalMeshModelingTools/Binaries/Win64/UnrealEditor.modules" 980
"../../../Engine/Plugins/Cameras/CameraShakePreviewer/Binaries/Win64/UnrealEditor.modules" 981
"../../../Engine/Plugins/Cameras/GameplayCameras/Binaries/Win64/UnrealEditor.modules" 982
"../../../Engine/Plugins/VirtualProduction/CameraCalibrationCore/Binaries/Win64/UnrealEditor.modules" 983
"../../../Engine/Plugins/MovieScene/TemplateSequence/Binaries/Win64/UnrealEditor.modules" 984
"../../../Engine/Plugins/Cameras/EngineCameras/Binaries/Win64/UnrealEditor.modules" 985
"../../../Engine/Plugins/Developer/AnimationSharing/Binaries/Win64/UnrealEditor.modules" 986
"../../../Engine/Plugins/Runtime/SignificanceManager/Binaries/Win64/UnrealEditor.modules" 987
"../../../Engine/Plugins/Developer/CLionSourceCodeAccess/Binaries/Win64/UnrealEditor.modules" 988
"../../../Engine/Plugins/Developer/DumpGPUServices/Binaries/Win64/UnrealEditor.modules" 989
"../../../Engine/Plugins/Developer/GitSourceControl/Binaries/Win64/UnrealEditor.modules" 990
"../../../Engine/Plugins/Developer/N10XSourceCodeAccess/Binaries/Win64/UnrealEditor.modules" 991
"../../../Engine/Plugins/Developer/PerforceSourceControl/Binaries/Win64/UnrealEditor.modules" 992
"../../../Engine/Plugins/Developer/PixWinPlugin/Binaries/Win64/UnrealEditor.modules" 993
"../../../Engine/Plugins/Developer/PlasticSourceControl/Binaries/Win64/UnrealEditor.modules" 994
"../../../Engine/Plugins/Developer/PluginUtils/Binaries/Win64/UnrealEditor.modules" 995
"../../../Engine/Plugins/Developer/PropertyAccessNode/Binaries/Win64/UnrealEditor.modules" 996
"../../../Engine/Plugins/Developer/RenderDocPlugin/Binaries/Win64/UnrealEditor.modules" 997
"../../../Engine/Plugins/Developer/ProjectLauncher/Binaries/Win64/UnrealEditor.modules" 998
"../../../Engine/Plugins/Developer/RiderSourceCodeAccess/Binaries/Win64/UnrealEditor.modules" 999
"../../../Engine/Plugins/Developer/SubversionSourceControl/Binaries/Win64/UnrealEditor.modules" 1000
"../../../Engine/Plugins/Developer/UObjectPlugin/Binaries/Win64/UnrealEditor.modules" 1001
"../../../Engine/Plugins/Developer/VisualStudioCodeSourceCodeAccess/Binaries/Win64/UnrealEditor.modules" 1002
"../../../Engine/Plugins/Developer/VisualStudioSourceCodeAccess/Binaries/Win64/UnrealEditor.modules" 1003
"../../../Engine/Plugins/Editor/AssetManagerEditor/Binaries/Win64/UnrealEditor.modules" 1004
"../../../Engine/Plugins/Editor/ContentBrowser/ContentBrowserAssetDataSource/Binaries/Win64/UnrealEditor.modules" 1005
"../../../Engine/Plugins/Editor/BlueprintHeaderView/Binaries/Win64/UnrealEditor.modules" 1006
"../../../Engine/Plugins/Editor/ColorGrading/Binaries/Win64/UnrealEditor.modules" 1007
"../../../Engine/Plugins/Editor/ObjectMixer/ObjectMixer/Binaries/Win64/UnrealEditor.modules" 1008
"../../../Engine/Plugins/Editor/ChangelistReview/Binaries/Win64/UnrealEditor.modules" 1009
"../../../Engine/Plugins/Editor/CryptoKeys/Binaries/Win64/UnrealEditor.modules" 1010
"../../../Engine/Plugins/Editor/CurveEditorTools/Binaries/Win64/UnrealEditor.modules" 1011
"../../../Engine/Plugins/Developer/TextureFormatOodle/Binaries/Win64/UnrealEditor.modules" 1012
"../../../Engine/Plugins/Editor/EditorDebugTools/Binaries/Win64/UnrealEditor.modules" 1013
"../../../Engine/Plugins/Editor/GameplayTagsEditor/Binaries/Win64/UnrealEditor.modules" 1014
"../../../Engine/Plugins/Editor/GeometryMode/Binaries/Win64/UnrealEditor.modules" 1015
"../../../Engine/Plugins/Editor/FacialAnimation/Binaries/Win64/UnrealEditor.modules" 1016
"../../../Engine/Plugins/Editor/MaterialAnalyzer/Binaries/Win64/UnrealEditor.modules" 1017
"../../../Engine/Plugins/Editor/MobileLauncherProfileWizard/Binaries/Win64/UnrealEditor.modules" 1018
"../../../Engine/Plugins/Editor/PluginBrowser/Binaries/Win64/UnrealEditor.modules" 1019
"../../../Engine/Plugins/Editor/SequencerAnimTools/Binaries/Win64/UnrealEditor.modules" 1020
"../../../Engine/Plugins/Editor/UVEditor/Binaries/Win64/UnrealEditor.modules" 1021
"../../../Engine/Plugins/Editor/UMGWidgetPreview/Binaries/Win64/UnrealEditor.modules" 1022
"../../../Engine/Plugins/Editor/SpeedTreeImporter/Binaries/Win64/UnrealEditor.modules" 1023
"../../../Engine/Plugins/Enterprise/DatasmithContent/Binaries/Win64/UnrealEditor.modules" 1024
"../../../Engine/Plugins/Editor/WorldPartitionHLODUtilities/Binaries/Win64/UnrealEditor.modules" 1025
"../../../Engine/Plugins/Enterprise/GLTFExporter/Binaries/Win64/UnrealEditor.modules" 1026
"../../../Engine/Plugins/FX/Cascade/Binaries/Win64/UnrealEditor.modules" 1027
"../../../Engine/Plugins/FX/NiagaraSimCaching/Binaries/Win64/UnrealEditor.modules" 1028
"../../../Engine/Plugins/Importers/AlembicImporter/Binaries/Win64/UnrealEditor.modules" 1029
"../../../Engine/Plugins/Media/AndroidMedia/Binaries/Win64/UnrealEditor.modules" 1030
"../../../Engine/Plugins/Media/AvfMedia/Binaries/Win64/UnrealEditor.modules" 1031
"../../../Engine/Plugins/Media/ImgMedia/Binaries/Win64/UnrealEditor.modules" 1032
"../../../Engine/Plugins/Media/MediaPlayerEditor/Binaries/Win64/UnrealEditor.modules" 1033
"../../../Engine/Plugins/Media/MediaPlate/Binaries/Win64/UnrealEditor.modules" 1034
"../../../Engine/Plugins/Media/MediaCompositing/Binaries/Win64/UnrealEditor.modules" 1035
"../../../Engine/Plugins/Experimental/Compositing/CompositeCore/Binaries/Win64/UnrealEditor.modules" 1036
"../../../Engine/Plugins/Media/WmfMedia/Binaries/Win64/UnrealEditor.modules" 1037
"../../../Engine/Plugins/Online/OnlineBase/Binaries/Win64/UnrealEditor.modules" 1038
"../../../Engine/Plugins/Online/OnlineSubsystem/Binaries/Win64/UnrealEditor.modules" 1039
"../../../Engine/Plugins/Online/OnlineSubsystemUtils/Binaries/Win64/UnrealEditor.modules" 1040
"../../../Engine/Plugins/Online/OnlineServices/Binaries/Win64/UnrealEditor.modules" 1041
"../../../Engine/Plugins/Portal/LauncherChunkInstaller/Binaries/Win64/UnrealEditor.modules" 1042
"../../../Engine/Plugins/Runtime/ActorLayerUtilities/Binaries/Win64/UnrealEditor.modules" 1043
"../../../Engine/Plugins/Online/OnlineSubsystemNull/Binaries/Win64/UnrealEditor.modules" 1044
"../../../Engine/Plugins/Runtime/AndroidDeviceProfileSelector/Binaries/Win64/UnrealEditor.modules" 1045
"../../../Engine/Plugins/Runtime/AndroidFileServer/Binaries/Win64/UnrealEditor.modules" 1046
"../../../Engine/Plugins/Runtime/AndroidPermission/Binaries/Win64/UnrealEditor.modules" 1047
"../../../Engine/Plugins/Runtime/AppleImageUtils/Binaries/Win64/UnrealEditor.modules" 1048
"../../../Engine/Plugins/Runtime/ArchVisCharacter/Binaries/Win64/UnrealEditor.modules" 1049
"../../../Engine/Plugins/Runtime/ChunkDownloader/Binaries/Win64/UnrealEditor.modules" 1050
"../../../Engine/Plugins/Runtime/CableComponent/Binaries/Win64/UnrealEditor.modules" 1051
"../../../Engine/Plugins/Runtime/CustomMeshComponent/Binaries/Win64/UnrealEditor.modules" 1052
"../../../Engine/Plugins/Runtime/ExampleDeviceProfileSelector/Binaries/Win64/UnrealEditor.modules" 1053
"../../../Engine/Plugins/Runtime/AssetTags/Binaries/Win64/UnrealEditor.modules" 1054
"../../../Engine/Plugins/Runtime/GooglePAD/Binaries/Win64/UnrealEditor.modules" 1055
"../../../Engine/Plugins/Runtime/InputDebugging/Binaries/Win64/UnrealEditor.modules" 1056
"../../../Engine/Plugins/Runtime/LocationServicesBPLibrary/Binaries/Win64/UnrealEditor.modules" 1057
"../../../Engine/Plugins/Runtime/MobilePatchingUtils/Binaries/Win64/UnrealEditor.modules" 1058
"../../../Engine/Plugins/Runtime/MsQuic/Binaries/Win64/UnrealEditor.modules" 1059
"../../../Engine/Plugins/Runtime/Metasound/Binaries/Win64/UnrealEditor.modules" 1060
"../../../Engine/Plugins/Runtime/AudioWidgets/Binaries/Win64/UnrealEditor.modules" 1061
"../../../Engine/Plugins/Runtime/AudioSynesthesia/Binaries/Win64/UnrealEditor.modules" 1062
"../../../Engine/Plugins/Runtime/WaveTable/Binaries/Win64/UnrealEditor.modules" 1063
"../../../Engine/Plugins/Runtime/ResonanceAudio/Binaries/Win64/UnrealEditor.modules" 1064
"../../../Engine/Plugins/Runtime/SoundFields/Binaries/Win64/UnrealEditor.modules" 1065
"../../../Engine/Plugins/Runtime/Synthesis/Binaries/Win64/UnrealEditor.modules" 1066
"../../../Engine/Plugins/Runtime/WebMMoviePlayer/Binaries/Win64/UnrealEditor.modules" 1067
"../../../Engine/Plugins/Media/WebMMedia/Binaries/Win64/UnrealEditor.modules" 1068
"../../../Engine/Plugins/Runtime/WindowsMoviePlayer/Binaries/Win64/UnrealEditor.modules" 1069
"../../../Engine/Plugins/Runtime/WindowsDeviceProfileSelector/Binaries/Win64/UnrealEditor.modules" 1070
"../../../Engine/Plugins/Editor/Localization/PortableObjectFileDataSource/Binaries/Win64/UnrealEditor.modules" 1071
"../../../Engine/Plugins/Editor/ObjectMixer/LightMixer/Binaries/Win64/UnrealEditor.modules" 1072
"../../../Engine/Plugins/Editor/ContentBrowser/ContentBrowserClassDataSource/Binaries/Win64/UnrealEditor.modules" 1073
"../../../Engine/Plugins/Runtime/Windows/XInputDevice/Binaries/Win64/UnrealEditor.modules" 1074
"../../../Engine/Config/BaseSourceControlSettings.ini" 1075
"../../../Engine/Content/Internationalization/icudt64l/coll/ucadata.icu" 1076
"../../../Engine/Content/Internationalization/icudt64l/coll/en_US.res" 1077
"../../../Engine/Content/Internationalization/icudt64l/coll/en.res" 1078
"../../../Engine/Content/Internationalization/icudt64l/coll/root.res" 1079
"../../../Engine/Content/Certificates/ThirdParty/cacert.pem" 1080
"../../../Engine/Config/ConsoleVariables.ini" 1081
"../../../Engine/Binaries/Win64/Android/UnrealEditor.modules" 1082
"../../../Engine/Binaries/Win64/IOS/UnrealEditor.modules" 1083
"../../../Engine/Binaries/Win64/Linux/UnrealEditor.modules" 1084
"../../../Engine/Content/Localization/Editor/en/Editor.locres" 1085
"../../../Engine/Content/Localization/EditorTutorials/en/EditorTutorials.locres" 1086
"../../../Engine/Content/Localization/Keywords/en/Keywords.locres" 1087
"../../../Engine/Content/Localization/Category/en/Category.locres" 1088
"../../../Engine/Content/Localization/ToolTips/en/ToolTips.locres" 1089
"../../../Engine/Content/Localization/PropertyNames/en/PropertyNames.locres" 1090
"../../../Engine/Content/Localization/Engine/en/Engine.locres" 1091
"../../../Engine/Plugins/MetaHuman/MetaHumanSDK/Content/Localization/MetaHumanSDK/en/MetaHumanSDK.locres" 1092
"../../../Engine/Plugins/Online/OnlineSubsystem/Content/Localization/OnlineSubsystem/en/OnlineSubsystem.locres" 1093
"../../../Engine/Plugins/Online/OnlineSubsystemUtils/Content/Localization/OnlineSubsystemUtils/en/OnlineSubsystemUtils.locres" 1094
"../../../Engine/Plugins/Online/Android/OnlineSubsystemGooglePlay/Content/Localization/OnlineSubsystemGooglePlay/en/OnlineSubsystemGooglePlay.locres" 1095
"../../../Engine/Plugins/Online/IOS/OnlineSubsystemIOS/Content/Localization/OnlineSubsystemIOS/en/OnlineSubsystemIOS.locres" 1096
"../../../Engine/Content/Internationalization/icudt64l/numberingSystems.res" 1097
"../../../Engine/Content/Internationalization/icudt64l/curr/supplementalData.res" 1098
"../../../Engine/Content/Internationalization/icudt64l/curr/en.res" 1099
"../../../Engine/Content/Internationalization/icudt64l/curr/pool.res" 1100
"../../../Engine/Content/Internationalization/icudt64l/curr/root.res" 1101
"../../../Engine/Content/Internationalization/icudt64l/lang/af.res" 1102
"../../../Engine/Content/Internationalization/icudt64l/region/af.res" 1103
"../../../Engine/Content/Internationalization/icudt64l/lang/agq.res" 1104
"../../../Engine/Content/Internationalization/icudt64l/region/agq.res" 1105
"../../../Engine/Content/Internationalization/icudt64l/lang/ak.res" 1106
"../../../Engine/Content/Internationalization/icudt64l/region/ak.res" 1107
"../../../Engine/Content/Internationalization/icudt64l/lang/am.res" 1108
"../../../Engine/Content/Internationalization/icudt64l/region/am.res" 1109
"../../../Engine/Content/Internationalization/icudt64l/lang/ar.res" 1110
"../../../Engine/Content/Internationalization/icudt64l/region/ar.res" 1111
"../../../Engine/Content/Internationalization/icudt64l/region/ar_AE.res" 1112
"../../../Engine/Content/Internationalization/icudt64l/lang/ar_EG.res" 1113
"../../../Engine/Content/Internationalization/icudt64l/lang/ar_LY.res" 1114
"../../../Engine/Content/Internationalization/icudt64l/region/ar_LY.res" 1115
"../../../Engine/Content/Internationalization/icudt64l/lang/ar_SA.res" 1116
"../../../Engine/Content/Internationalization/icudt64l/region/ar_SA.res" 1117
"../../../Engine/Content/Internationalization/icudt64l/lang/as.res" 1118
"../../../Engine/Content/Internationalization/icudt64l/region/as.res" 1119
"../../../Engine/Content/Internationalization/icudt64l/lang/asa.res" 1120
"../../../Engine/Content/Internationalization/icudt64l/region/asa.res" 1121
"../../../Engine/Content/Internationalization/icudt64l/lang/ast.res" 1122
"../../../Engine/Content/Internationalization/icudt64l/region/ast.res" 1123
"../../../Engine/Content/Internationalization/icudt64l/lang/az.res" 1124
"../../../Engine/Content/Internationalization/icudt64l/lang/az_Cyrl.res" 1125
"../../../Engine/Content/Internationalization/icudt64l/lang/az_AZ.res" 1126
"../../../Engine/Content/Internationalization/icudt64l/lang/az_Latn_AZ.res" 1127
"../../../Engine/Content/Internationalization/icudt64l/lang/az_Latn.res" 1128
"../../../Engine/Content/Internationalization/icudt64l/region/az_AZ.res" 1129
"../../../Engine/Content/Internationalization/icudt64l/region/az_Latn_AZ.res" 1130
"../../../Engine/Content/Internationalization/icudt64l/region/az_Latn.res" 1131
"../../../Engine/Content/Internationalization/icudt64l/region/az.res" 1132
"../../../Engine/Content/Internationalization/icudt64l/region/az_Cyrl.res" 1133
"../../../Engine/Content/Internationalization/icudt64l/lang/bas.res" 1134
"../../../Engine/Content/Internationalization/icudt64l/region/bas.res" 1135
"../../../Engine/Content/Internationalization/icudt64l/lang/be.res" 1136
"../../../Engine/Content/Internationalization/icudt64l/region/be.res" 1137
"../../../Engine/Content/Internationalization/icudt64l/lang/bem.res" 1138
"../../../Engine/Content/Internationalization/icudt64l/region/bem.res" 1139
"../../../Engine/Content/Internationalization/icudt64l/lang/bez.res" 1140
"../../../Engine/Content/Internationalization/icudt64l/region/bez.res" 1141
"../../../Engine/Content/Internationalization/icudt64l/lang/bg.res" 1142
"../../../Engine/Content/Internationalization/icudt64l/region/bg.res" 1143
"../../../Engine/Content/Internationalization/icudt64l/lang/bm.res" 1144
"../../../Engine/Content/Internationalization/icudt64l/region/bm.res" 1145
"../../../Engine/Content/Internationalization/icudt64l/lang/bn.res" 1146
"../../../Engine/Content/Internationalization/icudt64l/region/bn.res" 1147
"../../../Engine/Content/Internationalization/icudt64l/lang/bn_IN.res" 1148
"../../../Engine/Content/Internationalization/icudt64l/region/bn_IN.res" 1149
"../../../Engine/Content/Internationalization/icudt64l/lang/bo.res" 1150
"../../../Engine/Content/Internationalization/icudt64l/region/bo.res" 1151
"../../../Engine/Content/Internationalization/icudt64l/region/bo_IN.res" 1152
"../../../Engine/Content/Internationalization/icudt64l/lang/br.res" 1153
"../../../Engine/Content/Internationalization/icudt64l/region/br.res" 1154
"../../../Engine/Content/Internationalization/icudt64l/lang/brx.res" 1155
"../../../Engine/Content/Internationalization/icudt64l/region/brx.res" 1156
"../../../Engine/Content/Internationalization/icudt64l/lang/bs.res" 1157
"../../../Engine/Content/Internationalization/icudt64l/lang/bs_Cyrl.res" 1158
"../../../Engine/Content/Internationalization/icudt64l/lang/bs_BA.res" 1159
"../../../Engine/Content/Internationalization/icudt64l/lang/bs_Latn_BA.res" 1160
"../../../Engine/Content/Internationalization/icudt64l/lang/bs_Latn.res" 1161
"../../../Engine/Content/Internationalization/icudt64l/region/bs_BA.res" 1162
"../../../Engine/Content/Internationalization/icudt64l/region/bs_Latn_BA.res" 1163
"../../../Engine/Content/Internationalization/icudt64l/region/bs_Latn.res" 1164
"../../../Engine/Content/Internationalization/icudt64l/region/bs.res" 1165
"../../../Engine/Content/Internationalization/icudt64l/region/bs_Cyrl.res" 1166
"../../../Engine/Content/Internationalization/icudt64l/lang/ca.res" 1167
"../../../Engine/Content/Internationalization/icudt64l/region/ca.res" 1168
"../../../Engine/Content/Internationalization/icudt64l/lang/ccp.res" 1169
"../../../Engine/Content/Internationalization/icudt64l/region/ccp.res" 1170
"../../../Engine/Content/Internationalization/icudt64l/lang/ce.res" 1171
"../../../Engine/Content/Internationalization/icudt64l/region/ce.res" 1172
"../../../Engine/Content/Internationalization/icudt64l/lang/ceb.res" 1173
"../../../Engine/Content/Internationalization/icudt64l/region/ceb.res" 1174
"../../../Engine/Content/Internationalization/icudt64l/lang/cgg.res" 1175
"../../../Engine/Content/Internationalization/icudt64l/region/cgg.res" 1176
"../../../Engine/Content/Internationalization/icudt64l/lang/chr.res" 1177
"../../../Engine/Content/Internationalization/icudt64l/region/chr.res" 1178
"../../../Engine/Content/Internationalization/icudt64l/lang/ckb.res" 1179
"../../../Engine/Content/Internationalization/icudt64l/region/ckb.res" 1180
"../../../Engine/Content/Internationalization/icudt64l/lang/cs.res" 1181
"../../../Engine/Content/Internationalization/icudt64l/region/cs.res" 1182
"../../../Engine/Content/Internationalization/icudt64l/lang/cy.res" 1183
"../../../Engine/Content/Internationalization/icudt64l/region/cy.res" 1184
"../../../Engine/Content/Internationalization/icudt64l/lang/da.res" 1185
"../../../Engine/Content/Internationalization/icudt64l/region/da.res" 1186
"../../../Engine/Content/Internationalization/icudt64l/lang/dav.res" 1187
"../../../Engine/Content/Internationalization/icudt64l/region/dav.res" 1188
"../../../Engine/Content/Internationalization/icudt64l/lang/de.res" 1189
"../../../Engine/Content/Internationalization/icudt64l/lang/de_AT.res" 1190
"../../../Engine/Content/Internationalization/icudt64l/region/de_AT.res" 1191
"../../../Engine/Content/Internationalization/icudt64l/region/de.res" 1192
"../../../Engine/Content/Internationalization/icudt64l/lang/de_CH.res" 1193
"../../../Engine/Content/Internationalization/icudt64l/region/de_CH.res" 1194
"../../../Engine/Content/Internationalization/icudt64l/lang/de_LU.res" 1195
"../../../Engine/Content/Internationalization/icudt64l/lang/dje.res" 1196
"../../../Engine/Content/Internationalization/icudt64l/region/dje.res" 1197
"../../../Engine/Content/Internationalization/icudt64l/lang/dsb.res" 1198
"../../../Engine/Content/Internationalization/icudt64l/region/dsb.res" 1199
"../../../Engine/Content/Internationalization/icudt64l/lang/dua.res" 1200
"../../../Engine/Content/Internationalization/icudt64l/region/dua.res" 1201
"../../../Engine/Content/Internationalization/icudt64l/lang/dyo.res" 1202
"../../../Engine/Content/Internationalization/icudt64l/region/dyo.res" 1203
"../../../Engine/Content/Internationalization/icudt64l/lang/dz.res" 1204
"../../../Engine/Content/Internationalization/icudt64l/region/dz.res" 1205
"../../../Engine/Content/Internationalization/icudt64l/lang/ebu.res" 1206
"../../../Engine/Content/Internationalization/icudt64l/region/ebu.res" 1207
"../../../Engine/Content/Internationalization/icudt64l/lang/ee.res" 1208
"../../../Engine/Content/Internationalization/icudt64l/region/ee.res" 1209
"../../../Engine/Content/Internationalization/icudt64l/lang/el.res" 1210
"../../../Engine/Content/Internationalization/icudt64l/region/el.res" 1211
"../../../Engine/Content/Internationalization/icudt64l/lang/en_001.res" 1212
"../../../Engine/Content/Internationalization/icudt64l/lang/en_150.res" 1213
"../../../Engine/Content/Internationalization/icudt64l/region/en_150.res" 1214
"../../../Engine/Content/Internationalization/icudt64l/lang/en_AG.res" 1215
"../../../Engine/Content/Internationalization/icudt64l/region/en_AG.res" 1216
"../../../Engine/Content/Internationalization/icudt64l/lang/en_AI.res" 1217
"../../../Engine/Content/Internationalization/icudt64l/region/en_AI.res" 1218
"../../../Engine/Content/Internationalization/icudt64l/lang/en_AT.res" 1219
"../../../Engine/Content/Internationalization/icudt64l/region/en_AT.res" 1220
"../../../Engine/Content/Internationalization/icudt64l/lang/en_AU.res" 1221
"../../../Engine/Content/Internationalization/icudt64l/region/en_AU.res" 1222
"../../../Engine/Content/Internationalization/icudt64l/lang/en_BB.res" 1223
"../../../Engine/Content/Internationalization/icudt64l/region/en_BB.res" 1224
"../../../Engine/Content/Internationalization/icudt64l/lang/en_BE.res" 1225
"../../../Engine/Content/Internationalization/icudt64l/region/en_BE.res" 1226
"../../../Engine/Content/Internationalization/icudt64l/lang/en_BM.res" 1227
"../../../Engine/Content/Internationalization/icudt64l/region/en_BM.res" 1228
"../../../Engine/Content/Internationalization/icudt64l/lang/en_BS.res" 1229
"../../../Engine/Content/Internationalization/icudt64l/region/en_BS.res" 1230
"../../../Engine/Content/Internationalization/icudt64l/lang/en_BW.res" 1231
"../../../Engine/Content/Internationalization/icudt64l/region/en_BW.res" 1232
"../../../Engine/Content/Internationalization/icudt64l/lang/en_BZ.res" 1233
"../../../Engine/Content/Internationalization/icudt64l/region/en_BZ.res" 1234
"../../../Engine/Content/Internationalization/icudt64l/lang/en_CA.res" 1235
"../../../Engine/Content/Internationalization/icudt64l/region/en_CA.res" 1236
"../../../Engine/Content/Internationalization/icudt64l/lang/en_CC.res" 1237
"../../../Engine/Content/Internationalization/icudt64l/region/en_CC.res" 1238
"../../../Engine/Content/Internationalization/icudt64l/lang/en_CH.res" 1239
"../../../Engine/Content/Internationalization/icudt64l/region/en_CH.res" 1240
"../../../Engine/Content/Internationalization/icudt64l/lang/en_CK.res" 1241
"../../../Engine/Content/Internationalization/icudt64l/region/en_CK.res" 1242
"../../../Engine/Content/Internationalization/icudt64l/lang/en_CM.res" 1243
"../../../Engine/Content/Internationalization/icudt64l/region/en_CM.res" 1244
"../../../Engine/Content/Internationalization/icudt64l/lang/en_CX.res" 1245
"../../../Engine/Content/Internationalization/icudt64l/region/en_CX.res" 1246
"../../../Engine/Content/Internationalization/icudt64l/lang/en_CY.res" 1247
"../../../Engine/Content/Internationalization/icudt64l/region/en_CY.res" 1248
"../../../Engine/Content/Internationalization/icudt64l/lang/en_DE.res" 1249
"../../../Engine/Content/Internationalization/icudt64l/region/en_DE.res" 1250
"../../../Engine/Content/Internationalization/icudt64l/lang/en_DG.res" 1251
"../../../Engine/Content/Internationalization/icudt64l/region/en_DG.res" 1252
"../../../Engine/Content/Internationalization/icudt64l/lang/en_DK.res" 1253
"../../../Engine/Content/Internationalization/icudt64l/region/en_DK.res" 1254
"../../../Engine/Content/Internationalization/icudt64l/lang/en_DM.res" 1255
"../../../Engine/Content/Internationalization/icudt64l/region/en_DM.res" 1256
"../../../Engine/Content/Internationalization/icudt64l/lang/en_ER.res" 1257
"../../../Engine/Content/Internationalization/icudt64l/region/en_ER.res" 1258
"../../../Engine/Content/Internationalization/icudt64l/lang/en_FI.res" 1259
"../../../Engine/Content/Internationalization/icudt64l/region/en_FI.res" 1260
"../../../Engine/Content/Internationalization/icudt64l/lang/en_FJ.res" 1261
"../../../Engine/Content/Internationalization/icudt64l/region/en_FJ.res" 1262
"../../../Engine/Content/Internationalization/icudt64l/lang/en_FK.res" 1263
"../../../Engine/Content/Internationalization/icudt64l/region/en_FK.res" 1264
"../../../Engine/Content/Internationalization/icudt64l/lang/en_FM.res" 1265
"../../../Engine/Content/Internationalization/icudt64l/region/en_FM.res" 1266
"../../../Engine/Content/Internationalization/icudt64l/lang/en_GB.res" 1267
"../../../Engine/Content/Internationalization/icudt64l/region/en_GB.res" 1268
"../../../Engine/Content/Internationalization/icudt64l/lang/en_GD.res" 1269
"../../../Engine/Content/Internationalization/icudt64l/region/en_GD.res" 1270
"../../../Engine/Content/Internationalization/icudt64l/lang/en_GG.res" 1271
"../../../Engine/Content/Internationalization/icudt64l/region/en_GG.res" 1272
"../../../Engine/Content/Internationalization/icudt64l/lang/en_GH.res" 1273
"../../../Engine/Content/Internationalization/icudt64l/region/en_GH.res" 1274
"../../../Engine/Content/Internationalization/icudt64l/lang/en_GI.res" 1275
"../../../Engine/Content/Internationalization/icudt64l/region/en_GI.res" 1276
"../../../Engine/Content/Internationalization/icudt64l/lang/en_GM.res" 1277
"../../../Engine/Content/Internationalization/icudt64l/region/en_GM.res" 1278
"../../../Engine/Content/Internationalization/icudt64l/lang/en_GY.res" 1279
"../../../Engine/Content/Internationalization/icudt64l/region/en_GY.res" 1280
"../../../Engine/Content/Internationalization/icudt64l/lang/en_HK.res" 1281
"../../../Engine/Content/Internationalization/icudt64l/region/en_HK.res" 1282
"../../../Engine/Content/Internationalization/icudt64l/lang/en_IE.res" 1283
"../../../Engine/Content/Internationalization/icudt64l/region/en_IE.res" 1284
"../../../Engine/Content/Internationalization/icudt64l/lang/en_IL.res" 1285
"../../../Engine/Content/Internationalization/icudt64l/region/en_IL.res" 1286
"../../../Engine/Content/Internationalization/icudt64l/lang/en_IM.res" 1287
"../../../Engine/Content/Internationalization/icudt64l/region/en_IM.res" 1288
"../../../Engine/Content/Internationalization/icudt64l/lang/en_IN.res" 1289
"../../../Engine/Content/Internationalization/icudt64l/region/en_IN.res" 1290
"../../../Engine/Content/Internationalization/icudt64l/lang/en_IO.res" 1291
"../../../Engine/Content/Internationalization/icudt64l/region/en_IO.res" 1292
"../../../Engine/Content/Internationalization/icudt64l/lang/en_JE.res" 1293
"../../../Engine/Content/Internationalization/icudt64l/region/en_JE.res" 1294
"../../../Engine/Content/Internationalization/icudt64l/lang/en_JM.res" 1295
"../../../Engine/Content/Internationalization/icudt64l/region/en_JM.res" 1296
"../../../Engine/Content/Internationalization/icudt64l/lang/en_KE.res" 1297
"../../../Engine/Content/Internationalization/icudt64l/region/en_KE.res" 1298
"../../../Engine/Content/Internationalization/icudt64l/lang/en_KI.res" 1299
"../../../Engine/Content/Internationalization/icudt64l/region/en_KI.res" 1300
"../../../Engine/Content/Internationalization/icudt64l/lang/en_KN.res" 1301
"../../../Engine/Content/Internationalization/icudt64l/region/en_KN.res" 1302
"../../../Engine/Content/Internationalization/icudt64l/lang/en_KY.res" 1303
"../../../Engine/Content/Internationalization/icudt64l/region/en_KY.res" 1304
"../../../Engine/Content/Internationalization/icudt64l/lang/en_LC.res" 1305
"../../../Engine/Content/Internationalization/icudt64l/region/en_LC.res" 1306
"../../../Engine/Content/Internationalization/icudt64l/lang/en_LR.res" 1307
"../../../Engine/Content/Internationalization/icudt64l/region/en_LR.res" 1308
"../../../Engine/Content/Internationalization/icudt64l/lang/en_LS.res" 1309
"../../../Engine/Content/Internationalization/icudt64l/region/en_LS.res" 1310
"../../../Engine/Content/Internationalization/icudt64l/lang/en_MG.res" 1311
"../../../Engine/Content/Internationalization/icudt64l/region/en_MG.res" 1312
"../../../Engine/Content/Internationalization/icudt64l/lang/en_MO.res" 1313
"../../../Engine/Content/Internationalization/icudt64l/region/en_MO.res" 1314
"../../../Engine/Content/Internationalization/icudt64l/lang/en_MS.res" 1315
"../../../Engine/Content/Internationalization/icudt64l/region/en_MS.res" 1316
"../../../Engine/Content/Internationalization/icudt64l/lang/en_MT.res" 1317
"../../../Engine/Content/Internationalization/icudt64l/region/en_MT.res" 1318
"../../../Engine/Content/Internationalization/icudt64l/lang/en_MU.res" 1319
"../../../Engine/Content/Internationalization/icudt64l/region/en_MU.res" 1320
"../../../Engine/Content/Internationalization/icudt64l/lang/en_MW.res" 1321
"../../../Engine/Content/Internationalization/icudt64l/region/en_MW.res" 1322
"../../../Engine/Content/Internationalization/icudt64l/lang/en_MY.res" 1323
"../../../Engine/Content/Internationalization/icudt64l/region/en_MY.res" 1324
"../../../Engine/Content/Internationalization/icudt64l/lang/en_NA.res" 1325
"../../../Engine/Content/Internationalization/icudt64l/region/en_NA.res" 1326
"../../../Engine/Content/Internationalization/icudt64l/lang/en_NF.res" 1327
"../../../Engine/Content/Internationalization/icudt64l/region/en_NF.res" 1328
"../../../Engine/Content/Internationalization/icudt64l/lang/en_NG.res" 1329
"../../../Engine/Content/Internationalization/icudt64l/region/en_NG.res" 1330
"../../../Engine/Content/Internationalization/icudt64l/lang/en_NL.res" 1331
"../../../Engine/Content/Internationalization/icudt64l/region/en_NL.res" 1332
"../../../Engine/Content/Internationalization/icudt64l/lang/en_NR.res" 1333
"../../../Engine/Content/Internationalization/icudt64l/region/en_NR.res" 1334
"../../../Engine/Content/Internationalization/icudt64l/lang/en_NU.res" 1335
"../../../Engine/Content/Internationalization/icudt64l/region/en_NU.res" 1336
"../../../Engine/Content/Internationalization/icudt64l/lang/en_NZ.res" 1337
"../../../Engine/Content/Internationalization/icudt64l/region/en_NZ.res" 1338
"../../../Engine/Content/Internationalization/icudt64l/lang/en_PG.res" 1339
"../../../Engine/Content/Internationalization/icudt64l/region/en_PG.res" 1340
"../../../Engine/Content/Internationalization/icudt64l/lang/en_PH.res" 1341
"../../../Engine/Content/Internationalization/icudt64l/region/en_PH.res" 1342
"../../../Engine/Content/Internationalization/icudt64l/lang/en_PK.res" 1343
"../../../Engine/Content/Internationalization/icudt64l/region/en_PK.res" 1344
"../../../Engine/Content/Internationalization/icudt64l/lang/en_PN.res" 1345
"../../../Engine/Content/Internationalization/icudt64l/region/en_PN.res" 1346
"../../../Engine/Content/Internationalization/icudt64l/lang/en_PW.res" 1347
"../../../Engine/Content/Internationalization/icudt64l/region/en_PW.res" 1348
"../../../Engine/Content/Internationalization/icudt64l/lang/en_RW.res" 1349
"../../../Engine/Content/Internationalization/icudt64l/region/en_RW.res" 1350
"../../../Engine/Content/Internationalization/icudt64l/lang/en_SB.res" 1351
"../../../Engine/Content/Internationalization/icudt64l/region/en_SB.res" 1352
"../../../Engine/Content/Internationalization/icudt64l/lang/en_SC.res" 1353
"../../../Engine/Content/Internationalization/icudt64l/region/en_SC.res" 1354
"../../../Engine/Content/Internationalization/icudt64l/lang/en_SD.res" 1355
"../../../Engine/Content/Internationalization/icudt64l/region/en_SD.res" 1356
"../../../Engine/Content/Internationalization/icudt64l/lang/en_SE.res" 1357
"../../../Engine/Content/Internationalization/icudt64l/region/en_SE.res" 1358
"../../../Engine/Content/Internationalization/icudt64l/lang/en_SG.res" 1359
"../../../Engine/Content/Internationalization/icudt64l/region/en_SG.res" 1360
"../../../Engine/Content/Internationalization/icudt64l/lang/en_SH.res" 1361
"../../../Engine/Content/Internationalization/icudt64l/region/en_SH.res" 1362
"../../../Engine/Content/Internationalization/icudt64l/lang/en_SI.res" 1363
"../../../Engine/Content/Internationalization/icudt64l/region/en_SI.res" 1364
"../../../Engine/Content/Internationalization/icudt64l/lang/en_SL.res" 1365
"../../../Engine/Content/Internationalization/icudt64l/region/en_SL.res" 1366
"../../../Engine/Content/Internationalization/icudt64l/lang/en_SS.res" 1367
"../../../Engine/Content/Internationalization/icudt64l/region/en_SS.res" 1368
"../../../Engine/Content/Internationalization/icudt64l/lang/en_SX.res" 1369
"../../../Engine/Content/Internationalization/icudt64l/region/en_SX.res" 1370
"../../../Engine/Content/Internationalization/icudt64l/lang/en_SZ.res" 1371
"../../../Engine/Content/Internationalization/icudt64l/region/en_SZ.res" 1372
"../../../Engine/Content/Internationalization/icudt64l/lang/en_TC.res" 1373
"../../../Engine/Content/Internationalization/icudt64l/region/en_TC.res" 1374
"../../../Engine/Content/Internationalization/icudt64l/lang/en_TK.res" 1375
"../../../Engine/Content/Internationalization/icudt64l/region/en_TK.res" 1376
"../../../Engine/Content/Internationalization/icudt64l/lang/en_TO.res" 1377
"../../../Engine/Content/Internationalization/icudt64l/region/en_TO.res" 1378
"../../../Engine/Content/Internationalization/icudt64l/lang/en_TT.res" 1379
"../../../Engine/Content/Internationalization/icudt64l/region/en_TT.res" 1380
"../../../Engine/Content/Internationalization/icudt64l/lang/en_TV.res" 1381
"../../../Engine/Content/Internationalization/icudt64l/region/en_TV.res" 1382
"../../../Engine/Content/Internationalization/icudt64l/lang/en_TZ.res" 1383
"../../../Engine/Content/Internationalization/icudt64l/region/en_TZ.res" 1384
"../../../Engine/Content/Internationalization/icudt64l/lang/en_UG.res" 1385
"../../../Engine/Content/Internationalization/icudt64l/region/en_UG.res" 1386
"../../../Engine/Content/Internationalization/icudt64l/lang/en_VC.res" 1387
"../../../Engine/Content/Internationalization/icudt64l/region/en_VC.res" 1388
"../../../Engine/Content/Internationalization/icudt64l/lang/en_VG.res" 1389
"../../../Engine/Content/Internationalization/icudt64l/region/en_VG.res" 1390
"../../../Engine/Content/Internationalization/icudt64l/lang/en_VU.res" 1391
"../../../Engine/Content/Internationalization/icudt64l/region/en_VU.res" 1392
"../../../Engine/Content/Internationalization/icudt64l/lang/en_WS.res" 1393
"../../../Engine/Content/Internationalization/icudt64l/region/en_WS.res" 1394
"../../../Engine/Content/Internationalization/icudt64l/lang/en_ZA.res" 1395
"../../../Engine/Content/Internationalization/icudt64l/region/en_ZA.res" 1396
"../../../Engine/Content/Internationalization/icudt64l/lang/en_ZM.res" 1397
"../../../Engine/Content/Internationalization/icudt64l/region/en_ZM.res" 1398
"../../../Engine/Content/Internationalization/icudt64l/lang/en_ZW.res" 1399
"../../../Engine/Content/Internationalization/icudt64l/region/en_ZW.res" 1400
"../../../Engine/Content/Internationalization/icudt64l/lang/eo.res" 1401
"../../../Engine/Content/Internationalization/icudt64l/region/eo.res" 1402
"../../../Engine/Content/Internationalization/icudt64l/lang/es.res" 1403
"../../../Engine/Content/Internationalization/icudt64l/lang/es_419.res" 1404
"../../../Engine/Content/Internationalization/icudt64l/region/es_419.res" 1405
"../../../Engine/Content/Internationalization/icudt64l/region/es.res" 1406
"../../../Engine/Content/Internationalization/icudt64l/lang/es_AR.res" 1407
"../../../Engine/Content/Internationalization/icudt64l/region/es_AR.res" 1408
"../../../Engine/Content/Internationalization/icudt64l/lang/es_BO.res" 1409
"../../../Engine/Content/Internationalization/icudt64l/region/es_BO.res" 1410
"../../../Engine/Content/Internationalization/icudt64l/lang/es_BR.res" 1411
"../../../Engine/Content/Internationalization/icudt64l/region/es_BR.res" 1412
"../../../Engine/Content/Internationalization/icudt64l/lang/es_BZ.res" 1413
"../../../Engine/Content/Internationalization/icudt64l/region/es_BZ.res" 1414
"../../../Engine/Content/Internationalization/icudt64l/lang/es_CL.res" 1415
"../../../Engine/Content/Internationalization/icudt64l/region/es_CL.res" 1416
"../../../Engine/Content/Internationalization/icudt64l/lang/es_CO.res" 1417
"../../../Engine/Content/Internationalization/icudt64l/region/es_CO.res" 1418
"../../../Engine/Content/Internationalization/icudt64l/lang/es_CR.res" 1419
"../../../Engine/Content/Internationalization/icudt64l/region/es_CR.res" 1420
"../../../Engine/Content/Internationalization/icudt64l/lang/es_CU.res" 1421
"../../../Engine/Content/Internationalization/icudt64l/region/es_CU.res" 1422
"../../../Engine/Content/Internationalization/icudt64l/lang/es_DO.res" 1423
"../../../Engine/Content/Internationalization/icudt64l/region/es_DO.res" 1424
"../../../Engine/Content/Internationalization/icudt64l/lang/es_EC.res" 1425
"../../../Engine/Content/Internationalization/icudt64l/region/es_EC.res" 1426
"../../../Engine/Content/Internationalization/icudt64l/lang/es_GT.res" 1427
"../../../Engine/Content/Internationalization/icudt64l/region/es_GT.res" 1428
"../../../Engine/Content/Internationalization/icudt64l/lang/es_HN.res" 1429
"../../../Engine/Content/Internationalization/icudt64l/region/es_HN.res" 1430
"../../../Engine/Content/Internationalization/icudt64l/lang/es_MX.res" 1431
"../../../Engine/Content/Internationalization/icudt64l/region/es_MX.res" 1432
"../../../Engine/Content/Internationalization/icudt64l/lang/es_NI.res" 1433
"../../../Engine/Content/Internationalization/icudt64l/region/es_NI.res" 1434
"../../../Engine/Content/Internationalization/icudt64l/lang/es_PA.res" 1435
"../../../Engine/Content/Internationalization/icudt64l/region/es_PA.res" 1436
"../../../Engine/Content/Internationalization/icudt64l/lang/es_PE.res" 1437
"../../../Engine/Content/Internationalization/icudt64l/region/es_PE.res" 1438
"../../../Engine/Content/Internationalization/icudt64l/lang/es_PR.res" 1439
"../../../Engine/Content/Internationalization/icudt64l/region/es_PR.res" 1440
"../../../Engine/Content/Internationalization/icudt64l/lang/es_PY.res" 1441
"../../../Engine/Content/Internationalization/icudt64l/region/es_PY.res" 1442
"../../../Engine/Content/Internationalization/icudt64l/lang/es_SV.res" 1443
"../../../Engine/Content/Internationalization/icudt64l/region/es_SV.res" 1444
"../../../Engine/Content/Internationalization/icudt64l/lang/es_US.res" 1445
"../../../Engine/Content/Internationalization/icudt64l/region/es_US.res" 1446
"../../../Engine/Content/Internationalization/icudt64l/lang/es_UY.res" 1447
"../../../Engine/Content/Internationalization/icudt64l/region/es_UY.res" 1448
"../../../Engine/Content/Internationalization/icudt64l/lang/es_VE.res" 1449
"../../../Engine/Content/Internationalization/icudt64l/region/es_VE.res" 1450
"../../../Engine/Content/Internationalization/icudt64l/lang/et.res" 1451
"../../../Engine/Content/Internationalization/icudt64l/region/et.res" 1452
"../../../Engine/Content/Internationalization/icudt64l/lang/eu.res" 1453
"../../../Engine/Content/Internationalization/icudt64l/region/eu.res" 1454
"../../../Engine/Content/Internationalization/icudt64l/lang/ewo.res" 1455
"../../../Engine/Content/Internationalization/icudt64l/region/ewo.res" 1456
"../../../Engine/Content/Internationalization/icudt64l/lang/fa.res" 1457
"../../../Engine/Content/Internationalization/icudt64l/lang/fa_AF.res" 1458
"../../../Engine/Content/Internationalization/icudt64l/region/fa_AF.res" 1459
"../../../Engine/Content/Internationalization/icudt64l/region/fa.res" 1460
"../../../Engine/Content/Internationalization/icudt64l/lang/ff.res" 1461
"../../../Engine/Content/Internationalization/icudt64l/lang/ff_Latn.res" 1462
"../../../Engine/Content/Internationalization/icudt64l/region/ff.res" 1463
"../../../Engine/Content/Internationalization/icudt64l/region/ff_Latn.res" 1464
"../../../Engine/Content/Internationalization/icudt64l/lang/ff_CM.res" 1465
"../../../Engine/Content/Internationalization/icudt64l/lang/ff_Latn_CM.res" 1466
"../../../Engine/Content/Internationalization/icudt64l/region/ff_CM.res" 1467
"../../../Engine/Content/Internationalization/icudt64l/region/ff_Latn_CM.res" 1468
"../../../Engine/Content/Internationalization/icudt64l/lang/ff_GN.res" 1469
"../../../Engine/Content/Internationalization/icudt64l/lang/ff_Latn_GN.res" 1470
"../../../Engine/Content/Internationalization/icudt64l/region/ff_GN.res" 1471
"../../../Engine/Content/Internationalization/icudt64l/region/ff_Latn_GN.res" 1472
"../../../Engine/Content/Internationalization/icudt64l/lang/ff_MR.res" 1473
"../../../Engine/Content/Internationalization/icudt64l/lang/ff_Latn_MR.res" 1474
"../../../Engine/Content/Internationalization/icudt64l/region/ff_MR.res" 1475
"../../../Engine/Content/Internationalization/icudt64l/region/ff_Latn_MR.res" 1476
"../../../Engine/Content/Internationalization/icudt64l/lang/ff_SN.res" 1477
"../../../Engine/Content/Internationalization/icudt64l/lang/ff_Latn_SN.res" 1478
"../../../Engine/Content/Internationalization/icudt64l/region/ff_SN.res" 1479
"../../../Engine/Content/Internationalization/icudt64l/region/ff_Latn_SN.res" 1480
"../../../Engine/Content/Internationalization/icudt64l/lang/fi.res" 1481
"../../../Engine/Content/Internationalization/icudt64l/region/fi.res" 1482
"../../../Engine/Content/Internationalization/icudt64l/lang/fil.res" 1483
"../../../Engine/Content/Internationalization/icudt64l/lang/fil_PH.res" 1484
"../../../Engine/Content/Internationalization/icudt64l/region/fil_PH.res" 1485
"../../../Engine/Content/Internationalization/icudt64l/region/fil.res" 1486
"../../../Engine/Content/Internationalization/icudt64l/lang/fo.res" 1487
"../../../Engine/Content/Internationalization/icudt64l/region/fo.res" 1488
"../../../Engine/Content/Internationalization/icudt64l/lang/fr.res" 1489
"../../../Engine/Content/Internationalization/icudt64l/lang/fr_BE.res" 1490
"../../../Engine/Content/Internationalization/icudt64l/region/fr_BE.res" 1491
"../../../Engine/Content/Internationalization/icudt64l/region/fr.res" 1492
"../../../Engine/Content/Internationalization/icudt64l/lang/fr_CA.res" 1493
"../../../Engine/Content/Internationalization/icudt64l/region/fr_CA.res" 1494
"../../../Engine/Content/Internationalization/icudt64l/lang/fr_CH.res" 1495
"../../../Engine/Content/Internationalization/icudt64l/lang/fur.res" 1496
"../../../Engine/Content/Internationalization/icudt64l/region/fur.res" 1497
"../../../Engine/Content/Internationalization/icudt64l/lang/fy.res" 1498
"../../../Engine/Content/Internationalization/icudt64l/region/fy.res" 1499
"../../../Engine/Content/Internationalization/icudt64l/lang/ga.res" 1500
"../../../Engine/Content/Internationalization/icudt64l/region/ga.res" 1501
"../../../Engine/Content/Internationalization/icudt64l/lang/gd.res" 1502
"../../../Engine/Content/Internationalization/icudt64l/region/gd.res" 1503
"../../../Engine/Content/Internationalization/icudt64l/lang/gl.res" 1504
"../../../Engine/Content/Internationalization/icudt64l/region/gl.res" 1505
"../../../Engine/Content/Internationalization/icudt64l/lang/gsw.res" 1506
"../../../Engine/Content/Internationalization/icudt64l/region/gsw.res" 1507
"../../../Engine/Content/Internationalization/icudt64l/lang/gu.res" 1508
"../../../Engine/Content/Internationalization/icudt64l/region/gu.res" 1509
"../../../Engine/Content/Internationalization/icudt64l/lang/guz.res" 1510
"../../../Engine/Content/Internationalization/icudt64l/region/guz.res" 1511
"../../../Engine/Content/Internationalization/icudt64l/lang/gv.res" 1512
"../../../Engine/Content/Internationalization/icudt64l/region/gv.res" 1513
"../../../Engine/Content/Internationalization/icudt64l/lang/ha.res" 1514
"../../../Engine/Content/Internationalization/icudt64l/region/ha.res" 1515
"../../../Engine/Content/Internationalization/icudt64l/lang/ha_NE.res" 1516
"../../../Engine/Content/Internationalization/icudt64l/region/ha_NE.res" 1517
"../../../Engine/Content/Internationalization/icudt64l/lang/haw.res" 1518
"../../../Engine/Content/Internationalization/icudt64l/region/haw.res" 1519
"../../../Engine/Content/Internationalization/icudt64l/lang/he.res" 1520
"../../../Engine/Content/Internationalization/icudt64l/lang/he_IL.res" 1521
"../../../Engine/Content/Internationalization/icudt64l/region/he_IL.res" 1522
"../../../Engine/Content/Internationalization/icudt64l/region/he.res" 1523
"../../../Engine/Content/Internationalization/icudt64l/lang/hi.res" 1524
"../../../Engine/Content/Internationalization/icudt64l/region/hi.res" 1525
"../../../Engine/Content/Internationalization/icudt64l/lang/hr.res" 1526
"../../../Engine/Content/Internationalization/icudt64l/region/hr.res" 1527
"../../../Engine/Content/Internationalization/icudt64l/lang/hsb.res" 1528
"../../../Engine/Content/Internationalization/icudt64l/region/hsb.res" 1529
"../../../Engine/Content/Internationalization/icudt64l/lang/hu.res" 1530
"../../../Engine/Content/Internationalization/icudt64l/region/hu.res" 1531
"../../../Engine/Content/Internationalization/icudt64l/lang/hy.res" 1532
"../../../Engine/Content/Internationalization/icudt64l/region/hy.res" 1533
"../../../Engine/Content/Internationalization/icudt64l/lang/ia.res" 1534
"../../../Engine/Content/Internationalization/icudt64l/region/ia.res" 1535
"../../../Engine/Content/Internationalization/icudt64l/lang/id.res" 1536
"../../../Engine/Content/Internationalization/icudt64l/lang/id_ID.res" 1537
"../../../Engine/Content/Internationalization/icudt64l/region/id_ID.res" 1538
"../../../Engine/Content/Internationalization/icudt64l/region/id.res" 1539
"../../../Engine/Content/Internationalization/icudt64l/lang/ig.res" 1540
"../../../Engine/Content/Internationalization/icudt64l/region/ig.res" 1541
"../../../Engine/Content/Internationalization/icudt64l/lang/ii.res" 1542
"../../../Engine/Content/Internationalization/icudt64l/region/ii.res" 1543
"../../../Engine/Content/Internationalization/icudt64l/lang/is.res" 1544
"../../../Engine/Content/Internationalization/icudt64l/region/is.res" 1545
"../../../Engine/Content/Internationalization/icudt64l/lang/it.res" 1546
"../../../Engine/Content/Internationalization/icudt64l/region/it.res" 1547
"../../../Engine/Content/Internationalization/icudt64l/lang/ja.res" 1548
"../../../Engine/Content/Internationalization/icudt64l/lang/ja_JP.res" 1549
"../../../Engine/Content/Internationalization/icudt64l/region/ja_JP.res" 1550
"../../../Engine/Content/Internationalization/icudt64l/region/ja.res" 1551
"../../../Engine/Content/Internationalization/icudt64l/lang/jgo.res" 1552
"../../../Engine/Content/Internationalization/icudt64l/region/jgo.res" 1553
"../../../Engine/Content/Internationalization/icudt64l/lang/jmc.res" 1554
"../../../Engine/Content/Internationalization/icudt64l/region/jmc.res" 1555
"../../../Engine/Content/Internationalization/icudt64l/lang/jv.res" 1556
"../../../Engine/Content/Internationalization/icudt64l/region/jv.res" 1557
"../../../Engine/Content/Internationalization/icudt64l/lang/ka.res" 1558
"../../../Engine/Content/Internationalization/icudt64l/region/ka.res" 1559
"../../../Engine/Content/Internationalization/icudt64l/lang/kab.res" 1560
"../../../Engine/Content/Internationalization/icudt64l/region/kab.res" 1561
"../../../Engine/Content/Internationalization/icudt64l/lang/kam.res" 1562
"../../../Engine/Content/Internationalization/icudt64l/region/kam.res" 1563
"../../../Engine/Content/Internationalization/icudt64l/lang/kde.res" 1564
"../../../Engine/Content/Internationalization/icudt64l/region/kde.res" 1565
"../../../Engine/Content/Internationalization/icudt64l/lang/kea.res" 1566
"../../../Engine/Content/Internationalization/icudt64l/region/kea.res" 1567
"../../../Engine/Content/Internationalization/icudt64l/lang/khq.res" 1568
"../../../Engine/Content/Internationalization/icudt64l/region/khq.res" 1569
"../../../Engine/Content/Internationalization/icudt64l/lang/ki.res" 1570
"../../../Engine/Content/Internationalization/icudt64l/region/ki.res" 1571
"../../../Engine/Content/Internationalization/icudt64l/lang/kk.res" 1572
"../../../Engine/Content/Internationalization/icudt64l/region/kk.res" 1573
"../../../Engine/Content/Internationalization/icudt64l/lang/kkj.res" 1574
"../../../Engine/Content/Internationalization/icudt64l/region/kkj.res" 1575
"../../../Engine/Content/Internationalization/icudt64l/lang/kl.res" 1576
"../../../Engine/Content/Internationalization/icudt64l/region/kl.res" 1577
"../../../Engine/Content/Internationalization/icudt64l/lang/kln.res" 1578
"../../../Engine/Content/Internationalization/icudt64l/region/kln.res" 1579
"../../../Engine/Content/Internationalization/icudt64l/lang/km.res" 1580
"../../../Engine/Content/Internationalization/icudt64l/region/km.res" 1581
"../../../Engine/Content/Internationalization/icudt64l/lang/kn.res" 1582
"../../../Engine/Content/Internationalization/icudt64l/region/kn.res" 1583
"../../../Engine/Content/Internationalization/icudt64l/lang/ko.res" 1584
"../../../Engine/Content/Internationalization/icudt64l/region/ko_KP.res" 1585
"../../../Engine/Content/Internationalization/icudt64l/region/ko.res" 1586
"../../../Engine/Content/Internationalization/icudt64l/lang/kok.res" 1587
"../../../Engine/Content/Internationalization/icudt64l/region/kok.res" 1588
"../../../Engine/Content/Internationalization/icudt64l/lang/ks.res" 1589
"../../../Engine/Content/Internationalization/icudt64l/region/ks.res" 1590
"../../../Engine/Content/Internationalization/icudt64l/lang/ksb.res" 1591
"../../../Engine/Content/Internationalization/icudt64l/region/ksb.res" 1592
"../../../Engine/Content/Internationalization/icudt64l/lang/ksf.res" 1593
"../../../Engine/Content/Internationalization/icudt64l/region/ksf.res" 1594
"../../../Engine/Content/Internationalization/icudt64l/lang/ksh.res" 1595
"../../../Engine/Content/Internationalization/icudt64l/region/ksh.res" 1596
"../../../Engine/Content/Internationalization/icudt64l/lang/ku.res" 1597
"../../../Engine/Content/Internationalization/icudt64l/region/ku.res" 1598
"../../../Engine/Content/Internationalization/icudt64l/lang/kw.res" 1599
"../../../Engine/Content/Internationalization/icudt64l/region/kw.res" 1600
"../../../Engine/Content/Internationalization/icudt64l/lang/ky.res" 1601
"../../../Engine/Content/Internationalization/icudt64l/region/ky.res" 1602
"../../../Engine/Content/Internationalization/icudt64l/lang/lag.res" 1603
"../../../Engine/Content/Internationalization/icudt64l/region/lag.res" 1604
"../../../Engine/Content/Internationalization/icudt64l/lang/lb.res" 1605
"../../../Engine/Content/Internationalization/icudt64l/region/lb.res" 1606
"../../../Engine/Content/Internationalization/icudt64l/lang/lg.res" 1607
"../../../Engine/Content/Internationalization/icudt64l/region/lg.res" 1608
"../../../Engine/Content/Internationalization/icudt64l/lang/lkt.res" 1609
"../../../Engine/Content/Internationalization/icudt64l/region/lkt.res" 1610
"../../../Engine/Content/Internationalization/icudt64l/lang/ln.res" 1611
"../../../Engine/Content/Internationalization/icudt64l/region/ln.res" 1612
"../../../Engine/Content/Internationalization/icudt64l/lang/lo.res" 1613
"../../../Engine/Content/Internationalization/icudt64l/region/lo.res" 1614
"../../../Engine/Content/Internationalization/icudt64l/lang/lrc.res" 1615
"../../../Engine/Content/Internationalization/icudt64l/region/lrc.res" 1616
"../../../Engine/Content/Internationalization/icudt64l/lang/lt.res" 1617
"../../../Engine/Content/Internationalization/icudt64l/region/lt.res" 1618
"../../../Engine/Content/Internationalization/icudt64l/lang/lu.res" 1619
"../../../Engine/Content/Internationalization/icudt64l/region/lu.res" 1620
"../../../Engine/Content/Internationalization/icudt64l/lang/luo.res" 1621
"../../../Engine/Content/Internationalization/icudt64l/region/luo.res" 1622
"../../../Engine/Content/Internationalization/icudt64l/lang/luy.res" 1623
"../../../Engine/Content/Internationalization/icudt64l/region/luy.res" 1624
"../../../Engine/Content/Internationalization/icudt64l/lang/lv.res" 1625
"../../../Engine/Content/Internationalization/icudt64l/region/lv.res" 1626
"../../../Engine/Content/Internationalization/icudt64l/lang/mas.res" 1627
"../../../Engine/Content/Internationalization/icudt64l/region/mas.res" 1628
"../../../Engine/Content/Internationalization/icudt64l/lang/mer.res" 1629
"../../../Engine/Content/Internationalization/icudt64l/region/mer.res" 1630
"../../../Engine/Content/Internationalization/icudt64l/lang/mfe.res" 1631
"../../../Engine/Content/Internationalization/icudt64l/region/mfe.res" 1632
"../../../Engine/Content/Internationalization/icudt64l/lang/mg.res" 1633
"../../../Engine/Content/Internationalization/icudt64l/region/mg.res" 1634
"../../../Engine/Content/Internationalization/icudt64l/lang/mgh.res" 1635
"../../../Engine/Content/Internationalization/icudt64l/region/mgh.res" 1636
"../../../Engine/Content/Internationalization/icudt64l/lang/mgo.res" 1637
"../../../Engine/Content/Internationalization/icudt64l/region/mgo.res" 1638
"../../../Engine/Content/Internationalization/icudt64l/lang/mi.res" 1639
"../../../Engine/Content/Internationalization/icudt64l/region/mi.res" 1640
"../../../Engine/Content/Internationalization/icudt64l/lang/mk.res" 1641
"../../../Engine/Content/Internationalization/icudt64l/region/mk.res" 1642
"../../../Engine/Content/Internationalization/icudt64l/lang/ml.res" 1643
"../../../Engine/Content/Internationalization/icudt64l/region/ml.res" 1644
"../../../Engine/Content/Internationalization/icudt64l/lang/mn.res" 1645
"../../../Engine/Content/Internationalization/icudt64l/region/mn.res" 1646
"../../../Engine/Content/Internationalization/icudt64l/lang/mr.res" 1647
"../../../Engine/Content/Internationalization/icudt64l/region/mr.res" 1648
"../../../Engine/Content/Internationalization/icudt64l/lang/ms.res" 1649
"../../../Engine/Content/Internationalization/icudt64l/region/ms.res" 1650
"../../../Engine/Content/Internationalization/icudt64l/lang/mt.res" 1651
"../../../Engine/Content/Internationalization/icudt64l/region/mt.res" 1652
"../../../Engine/Content/Internationalization/icudt64l/lang/mua.res" 1653
"../../../Engine/Content/Internationalization/icudt64l/region/mua.res" 1654
"../../../Engine/Content/Internationalization/icudt64l/lang/my.res" 1655
"../../../Engine/Content/Internationalization/icudt64l/region/my.res" 1656
"../../../Engine/Content/Internationalization/icudt64l/lang/mzn.res" 1657
"../../../Engine/Content/Internationalization/icudt64l/region/mzn.res" 1658
"../../../Engine/Content/Internationalization/icudt64l/lang/naq.res" 1659
"../../../Engine/Content/Internationalization/icudt64l/region/naq.res" 1660
"../../../Engine/Content/Internationalization/icudt64l/lang/nb.res" 1661
"../../../Engine/Content/Internationalization/icudt64l/lang/nb_NO.res" 1662
"../../../Engine/Content/Internationalization/icudt64l/region/nb_NO.res" 1663
"../../../Engine/Content/Internationalization/icudt64l/region/nb.res" 1664
"../../../Engine/Content/Internationalization/icudt64l/lang/nd.res" 1665
"../../../Engine/Content/Internationalization/icudt64l/region/nd.res" 1666
"../../../Engine/Content/Internationalization/icudt64l/lang/nds.res" 1667
"../../../Engine/Content/Internationalization/icudt64l/region/nds.res" 1668
"../../../Engine/Content/Internationalization/icudt64l/lang/ne.res" 1669
"../../../Engine/Content/Internationalization/icudt64l/region/ne.res" 1670
"../../../Engine/Content/Internationalization/icudt64l/lang/nl.res" 1671
"../../../Engine/Content/Internationalization/icudt64l/region/nl.res" 1672
"../../../Engine/Content/Internationalization/icudt64l/lang/nmg.res" 1673
"../../../Engine/Content/Internationalization/icudt64l/region/nmg.res" 1674
"../../../Engine/Content/Internationalization/icudt64l/lang/nn.res" 1675
"../../../Engine/Content/Internationalization/icudt64l/lang/nn_NO.res" 1676
"../../../Engine/Content/Internationalization/icudt64l/region/nn_NO.res" 1677
"../../../Engine/Content/Internationalization/icudt64l/region/nn.res" 1678
"../../../Engine/Content/Internationalization/icudt64l/lang/nnh.res" 1679
"../../../Engine/Content/Internationalization/icudt64l/region/nnh.res" 1680
"../../../Engine/Content/Internationalization/icudt64l/lang/nus.res" 1681
"../../../Engine/Content/Internationalization/icudt64l/region/nus.res" 1682
"../../../Engine/Content/Internationalization/icudt64l/lang/nyn.res" 1683
"../../../Engine/Content/Internationalization/icudt64l/region/nyn.res" 1684
"../../../Engine/Content/Internationalization/icudt64l/lang/om.res" 1685
"../../../Engine/Content/Internationalization/icudt64l/region/om.res" 1686
"../../../Engine/Content/Internationalization/icudt64l/lang/or.res" 1687
"../../../Engine/Content/Internationalization/icudt64l/region/or.res" 1688
"../../../Engine/Content/Internationalization/icudt64l/lang/os.res" 1689
"../../../Engine/Content/Internationalization/icudt64l/region/os.res" 1690
"../../../Engine/Content/Internationalization/icudt64l/lang/pa.res" 1691
"../../../Engine/Content/Internationalization/icudt64l/lang/pa_Arab.res" 1692
"../../../Engine/Content/Internationalization/icudt64l/lang/pa_PK.res" 1693
"../../../Engine/Content/Internationalization/icudt64l/lang/pa_Arab_PK.res" 1694
"../../../Engine/Content/Internationalization/icudt64l/region/pa_PK.res" 1695
"../../../Engine/Content/Internationalization/icudt64l/region/pa_Arab_PK.res" 1696
"../../../Engine/Content/Internationalization/icudt64l/region/pa_Arab.res" 1697
"../../../Engine/Content/Internationalization/icudt64l/lang/pa_Guru.res" 1698
"../../../Engine/Content/Internationalization/icudt64l/lang/pa_IN.res" 1699
"../../../Engine/Content/Internationalization/icudt64l/lang/pa_Guru_IN.res" 1700
"../../../Engine/Content/Internationalization/icudt64l/region/pa_IN.res" 1701
"../../../Engine/Content/Internationalization/icudt64l/region/pa_Guru_IN.res" 1702
"../../../Engine/Content/Internationalization/icudt64l/region/pa_Guru.res" 1703
"../../../Engine/Content/Internationalization/icudt64l/region/pa.res" 1704
"../../../Engine/Content/Internationalization/icudt64l/lang/pl.res" 1705
"../../../Engine/Content/Internationalization/icudt64l/region/pl.res" 1706
"../../../Engine/Content/Internationalization/icudt64l/lang/ps.res" 1707
"../../../Engine/Content/Internationalization/icudt64l/region/ps.res" 1708
"../../../Engine/Content/Internationalization/icudt64l/lang/ps_PK.res" 1709
"../../../Engine/Content/Internationalization/icudt64l/region/ps_PK.res" 1710
"../../../Engine/Content/Internationalization/icudt64l/lang/pt.res" 1711
"../../../Engine/Content/Internationalization/icudt64l/lang/pt_AO.res" 1712
"../../../Engine/Content/Internationalization/icudt64l/lang/pt_PT.res" 1713
"../../../Engine/Content/Internationalization/icudt64l/region/pt_AO.res" 1714
"../../../Engine/Content/Internationalization/icudt64l/region/pt_PT.res" 1715
"../../../Engine/Content/Internationalization/icudt64l/region/pt.res" 1716
"../../../Engine/Content/Internationalization/icudt64l/lang/pt_CH.res" 1717
"../../../Engine/Content/Internationalization/icudt64l/region/pt_CH.res" 1718
"../../../Engine/Content/Internationalization/icudt64l/lang/pt_CV.res" 1719
"../../../Engine/Content/Internationalization/icudt64l/region/pt_CV.res" 1720
"../../../Engine/Content/Internationalization/icudt64l/lang/pt_GQ.res" 1721
"../../../Engine/Content/Internationalization/icudt64l/region/pt_GQ.res" 1722
"../../../Engine/Content/Internationalization/icudt64l/lang/pt_GW.res" 1723
"../../../Engine/Content/Internationalization/icudt64l/region/pt_GW.res" 1724
"../../../Engine/Content/Internationalization/icudt64l/lang/pt_LU.res" 1725
"../../../Engine/Content/Internationalization/icudt64l/region/pt_LU.res" 1726
"../../../Engine/Content/Internationalization/icudt64l/lang/pt_MO.res" 1727
"../../../Engine/Content/Internationalization/icudt64l/region/pt_MO.res" 1728
"../../../Engine/Content/Internationalization/icudt64l/lang/pt_MZ.res" 1729
"../../../Engine/Content/Internationalization/icudt64l/region/pt_MZ.res" 1730
"../../../Engine/Content/Internationalization/icudt64l/lang/pt_ST.res" 1731
"../../../Engine/Content/Internationalization/icudt64l/region/pt_ST.res" 1732
"../../../Engine/Content/Internationalization/icudt64l/lang/pt_TL.res" 1733
"../../../Engine/Content/Internationalization/icudt64l/region/pt_TL.res" 1734
"../../../Engine/Content/Internationalization/icudt64l/lang/qu.res" 1735
"../../../Engine/Content/Internationalization/icudt64l/region/qu.res" 1736
"../../../Engine/Content/Internationalization/icudt64l/lang/rm.res" 1737
"../../../Engine/Content/Internationalization/icudt64l/region/rm.res" 1738
"../../../Engine/Content/Internationalization/icudt64l/lang/rn.res" 1739
"../../../Engine/Content/Internationalization/icudt64l/region/rn.res" 1740
"../../../Engine/Content/Internationalization/icudt64l/lang/ro.res" 1741
"../../../Engine/Content/Internationalization/icudt64l/lang/ro_MD.res" 1742
"../../../Engine/Content/Internationalization/icudt64l/region/ro_MD.res" 1743
"../../../Engine/Content/Internationalization/icudt64l/region/ro.res" 1744
"../../../Engine/Content/Internationalization/icudt64l/lang/rof.res" 1745
"../../../Engine/Content/Internationalization/icudt64l/region/rof.res" 1746
"../../../Engine/Content/Internationalization/icudt64l/lang/ru.res" 1747
"../../../Engine/Content/Internationalization/icudt64l/region/ru.res" 1748
"../../../Engine/Content/Internationalization/icudt64l/region/ru_UA.res" 1749
"../../../Engine/Content/Internationalization/icudt64l/lang/rw.res" 1750
"../../../Engine/Content/Internationalization/icudt64l/region/rw.res" 1751
"../../../Engine/Content/Internationalization/icudt64l/lang/rwk.res" 1752
"../../../Engine/Content/Internationalization/icudt64l/region/rwk.res" 1753
"../../../Engine/Content/Internationalization/icudt64l/lang/sah.res" 1754
"../../../Engine/Content/Internationalization/icudt64l/region/sah.res" 1755
"../../../Engine/Content/Internationalization/icudt64l/lang/saq.res" 1756
"../../../Engine/Content/Internationalization/icudt64l/region/saq.res" 1757
"../../../Engine/Content/Internationalization/icudt64l/lang/sbp.res" 1758
"../../../Engine/Content/Internationalization/icudt64l/region/sbp.res" 1759
"../../../Engine/Content/Internationalization/icudt64l/lang/sd.res" 1760
"../../../Engine/Content/Internationalization/icudt64l/region/sd.res" 1761
"../../../Engine/Content/Internationalization/icudt64l/lang/se.res" 1762
"../../../Engine/Content/Internationalization/icudt64l/lang/se_FI.res" 1763
"../../../Engine/Content/Internationalization/icudt64l/region/se_FI.res" 1764
"../../../Engine/Content/Internationalization/icudt64l/region/se.res" 1765
"../../../Engine/Content/Internationalization/icudt64l/lang/seh.res" 1766
"../../../Engine/Content/Internationalization/icudt64l/region/seh.res" 1767
"../../../Engine/Content/Internationalization/icudt64l/lang/ses.res" 1768
"../../../Engine/Content/Internationalization/icudt64l/region/ses.res" 1769
"../../../Engine/Content/Internationalization/icudt64l/lang/sg.res" 1770
"../../../Engine/Content/Internationalization/icudt64l/region/sg.res" 1771
"../../../Engine/Content/Internationalization/icudt64l/lang/shi.res" 1772
"../../../Engine/Content/Internationalization/icudt64l/lang/shi_Latn.res" 1773
"../../../Engine/Content/Internationalization/icudt64l/lang/shi_MA.res" 1774
"../../../Engine/Content/Internationalization/icudt64l/lang/shi_Tfng_MA.res" 1775
"../../../Engine/Content/Internationalization/icudt64l/lang/shi_Tfng.res" 1776
"../../../Engine/Content/Internationalization/icudt64l/region/shi_MA.res" 1777
"../../../Engine/Content/Internationalization/icudt64l/region/shi_Tfng_MA.res" 1778
"../../../Engine/Content/Internationalization/icudt64l/region/shi_Tfng.res" 1779
"../../../Engine/Content/Internationalization/icudt64l/region/shi.res" 1780
"../../../Engine/Content/Internationalization/icudt64l/region/shi_Latn.res" 1781
"../../../Engine/Content/Internationalization/icudt64l/lang/si.res" 1782
"../../../Engine/Content/Internationalization/icudt64l/region/si.res" 1783
"../../../Engine/Content/Internationalization/icudt64l/lang/sk.res" 1784
"../../../Engine/Content/Internationalization/icudt64l/region/sk.res" 1785
"../../../Engine/Content/Internationalization/icudt64l/lang/sl.res" 1786
"../../../Engine/Content/Internationalization/icudt64l/region/sl.res" 1787
"../../../Engine/Content/Internationalization/icudt64l/lang/smn.res" 1788
"../../../Engine/Content/Internationalization/icudt64l/region/smn.res" 1789
"../../../Engine/Content/Internationalization/icudt64l/lang/sn.res" 1790
"../../../Engine/Content/Internationalization/icudt64l/region/sn.res" 1791
"../../../Engine/Content/Internationalization/icudt64l/lang/so.res" 1792
"../../../Engine/Content/Internationalization/icudt64l/region/so.res" 1793
"../../../Engine/Content/Internationalization/icudt64l/lang/sq.res" 1794
"../../../Engine/Content/Internationalization/icudt64l/region/sq.res" 1795
"../../../Engine/Content/Internationalization/icudt64l/lang/sr.res" 1796
"../../../Engine/Content/Internationalization/icudt64l/lang/sr_Cyrl.res" 1797
"../../../Engine/Content/Internationalization/icudt64l/lang/sr_BA.res" 1798
"../../../Engine/Content/Internationalization/icudt64l/lang/sr_Cyrl_BA.res" 1799
"../../../Engine/Content/Internationalization/icudt64l/region/sr_BA.res" 1800
"../../../Engine/Content/Internationalization/icudt64l/region/sr_Cyrl_BA.res" 1801
"../../../Engine/Content/Internationalization/icudt64l/region/sr_Cyrl.res" 1802
"../../../Engine/Content/Internationalization/icudt64l/region/sr.res" 1803
"../../../Engine/Content/Internationalization/icudt64l/lang/sr_ME.res" 1804
"../../../Engine/Content/Internationalization/icudt64l/lang/sr_Latn_ME.res" 1805
"../../../Engine/Content/Internationalization/icudt64l/lang/sr_Latn.res" 1806
"../../../Engine/Content/Internationalization/icudt64l/region/sr_ME.res" 1807
"../../../Engine/Content/Internationalization/icudt64l/region/sr_Latn_ME.res" 1808
"../../../Engine/Content/Internationalization/icudt64l/region/sr_Latn.res" 1809
"../../../Engine/Content/Internationalization/icudt64l/lang/sr_Cyrl_ME.res" 1810
"../../../Engine/Content/Internationalization/icudt64l/region/sr_Cyrl_ME.res" 1811
"../../../Engine/Content/Internationalization/icudt64l/lang/sr_RS.res" 1812
"../../../Engine/Content/Internationalization/icudt64l/lang/sr_Cyrl_RS.res" 1813
"../../../Engine/Content/Internationalization/icudt64l/region/sr_RS.res" 1814
"../../../Engine/Content/Internationalization/icudt64l/region/sr_Cyrl_RS.res" 1815
"../../../Engine/Content/Internationalization/icudt64l/lang/sr_XK.res" 1816
"../../../Engine/Content/Internationalization/icudt64l/lang/sr_Cyrl_XK.res" 1817
"../../../Engine/Content/Internationalization/icudt64l/region/sr_XK.res" 1818
"../../../Engine/Content/Internationalization/icudt64l/region/sr_Cyrl_XK.res" 1819
"../../../Engine/Content/Internationalization/icudt64l/lang/sr_Latn_BA.res" 1820
"../../../Engine/Content/Internationalization/icudt64l/region/sr_Latn_BA.res" 1821
"../../../Engine/Content/Internationalization/icudt64l/lang/sr_Latn_RS.res" 1822
"../../../Engine/Content/Internationalization/icudt64l/region/sr_Latn_RS.res" 1823
"../../../Engine/Content/Internationalization/icudt64l/lang/sr_Latn_XK.res" 1824
"../../../Engine/Content/Internationalization/icudt64l/region/sr_Latn_XK.res" 1825
"../../../Engine/Content/Internationalization/icudt64l/lang/sv.res" 1826
"../../../Engine/Content/Internationalization/icudt64l/region/sv.res" 1827
"../../../Engine/Content/Internationalization/icudt64l/lang/sv_FI.res" 1828
"../../../Engine/Content/Internationalization/icudt64l/lang/sw.res" 1829
"../../../Engine/Content/Internationalization/icudt64l/lang/sw_CD.res" 1830
"../../../Engine/Content/Internationalization/icudt64l/region/sw_CD.res" 1831
"../../../Engine/Content/Internationalization/icudt64l/region/sw.res" 1832
"../../../Engine/Content/Internationalization/icudt64l/lang/sw_KE.res" 1833
"../../../Engine/Content/Internationalization/icudt64l/region/sw_KE.res" 1834
"../../../Engine/Content/Internationalization/icudt64l/lang/ta.res" 1835
"../../../Engine/Content/Internationalization/icudt64l/region/ta.res" 1836
"../../../Engine/Content/Internationalization/icudt64l/lang/te.res" 1837
"../../../Engine/Content/Internationalization/icudt64l/region/te.res" 1838
"../../../Engine/Content/Internationalization/icudt64l/lang/teo.res" 1839
"../../../Engine/Content/Internationalization/icudt64l/region/teo.res" 1840
"../../../Engine/Content/Internationalization/icudt64l/lang/tg.res" 1841
"../../../Engine/Content/Internationalization/icudt64l/region/tg.res" 1842
"../../../Engine/Content/Internationalization/icudt64l/lang/th.res" 1843
"../../../Engine/Content/Internationalization/icudt64l/lang/th_TH.res" 1844
"../../../Engine/Content/Internationalization/icudt64l/region/th_TH.res" 1845
"../../../Engine/Content/Internationalization/icudt64l/region/th.res" 1846
"../../../Engine/Content/Internationalization/icudt64l/lang/ti.res" 1847
"../../../Engine/Content/Internationalization/icudt64l/region/ti.res" 1848
"../../../Engine/Content/Internationalization/icudt64l/lang/tk.res" 1849
"../../../Engine/Content/Internationalization/icudt64l/region/tk.res" 1850
"../../../Engine/Content/Internationalization/icudt64l/lang/to.res" 1851
"../../../Engine/Content/Internationalization/icudt64l/region/to.res" 1852
"../../../Engine/Content/Internationalization/icudt64l/lang/tr.res" 1853
"../../../Engine/Content/Internationalization/icudt64l/region/tr.res" 1854
"../../../Engine/Content/Internationalization/icudt64l/lang/tt.res" 1855
"../../../Engine/Content/Internationalization/icudt64l/region/tt.res" 1856
"../../../Engine/Content/Internationalization/icudt64l/lang/twq.res" 1857
"../../../Engine/Content/Internationalization/icudt64l/region/twq.res" 1858
"../../../Engine/Content/Internationalization/icudt64l/lang/tzm.res" 1859
"../../../Engine/Content/Internationalization/icudt64l/region/tzm.res" 1860
"../../../Engine/Content/Internationalization/icudt64l/lang/ug.res" 1861
"../../../Engine/Content/Internationalization/icudt64l/region/ug.res" 1862
"../../../Engine/Content/Internationalization/icudt64l/lang/uk.res" 1863
"../../../Engine/Content/Internationalization/icudt64l/region/uk.res" 1864
"../../../Engine/Content/Internationalization/icudt64l/lang/ur.res" 1865
"../../../Engine/Content/Internationalization/icudt64l/lang/ur_IN.res" 1866
"../../../Engine/Content/Internationalization/icudt64l/region/ur_IN.res" 1867
"../../../Engine/Content/Internationalization/icudt64l/region/ur.res" 1868
"../../../Engine/Content/Internationalization/icudt64l/lang/uz.res" 1869
"../../../Engine/Content/Internationalization/icudt64l/lang/uz_Arab.res" 1870
"../../../Engine/Content/Internationalization/icudt64l/lang/uz_AF.res" 1871
"../../../Engine/Content/Internationalization/icudt64l/lang/uz_Arab_AF.res" 1872
"../../../Engine/Content/Internationalization/icudt64l/region/uz_AF.res" 1873
"../../../Engine/Content/Internationalization/icudt64l/region/uz_Arab_AF.res" 1874
"../../../Engine/Content/Internationalization/icudt64l/region/uz_Arab.res" 1875
"../../../Engine/Content/Internationalization/icudt64l/lang/uz_Cyrl.res" 1876
"../../../Engine/Content/Internationalization/icudt64l/lang/uz_UZ.res" 1877
"../../../Engine/Content/Internationalization/icudt64l/lang/uz_Latn_UZ.res" 1878
"../../../Engine/Content/Internationalization/icudt64l/lang/uz_Latn.res" 1879
"../../../Engine/Content/Internationalization/icudt64l/region/uz_UZ.res" 1880
"../../../Engine/Content/Internationalization/icudt64l/region/uz_Latn_UZ.res" 1881
"../../../Engine/Content/Internationalization/icudt64l/region/uz_Latn.res" 1882
"../../../Engine/Content/Internationalization/icudt64l/region/uz.res" 1883
"../../../Engine/Content/Internationalization/icudt64l/region/uz_Cyrl.res" 1884
"../../../Engine/Content/Internationalization/icudt64l/lang/vai.res" 1885
"../../../Engine/Content/Internationalization/icudt64l/lang/vai_Latn.res" 1886
"../../../Engine/Content/Internationalization/icudt64l/lang/vai_LR.res" 1887
"../../../Engine/Content/Internationalization/icudt64l/lang/vai_Vaii_LR.res" 1888
"../../../Engine/Content/Internationalization/icudt64l/lang/vai_Vaii.res" 1889
"../../../Engine/Content/Internationalization/icudt64l/region/vai_LR.res" 1890
"../../../Engine/Content/Internationalization/icudt64l/region/vai_Vaii_LR.res" 1891
"../../../Engine/Content/Internationalization/icudt64l/region/vai_Vaii.res" 1892
"../../../Engine/Content/Internationalization/icudt64l/region/vai.res" 1893
"../../../Engine/Content/Internationalization/icudt64l/region/vai_Latn.res" 1894
"../../../Engine/Content/Internationalization/icudt64l/lang/vi.res" 1895
"../../../Engine/Content/Internationalization/icudt64l/region/vi.res" 1896
"../../../Engine/Content/Internationalization/icudt64l/lang/vun.res" 1897
"../../../Engine/Content/Internationalization/icudt64l/region/vun.res" 1898
"../../../Engine/Content/Internationalization/icudt64l/lang/wae.res" 1899
"../../../Engine/Content/Internationalization/icudt64l/region/wae.res" 1900
"../../../Engine/Content/Internationalization/icudt64l/lang/wo.res" 1901
"../../../Engine/Content/Internationalization/icudt64l/region/wo.res" 1902
"../../../Engine/Content/Internationalization/icudt64l/lang/xh.res" 1903
"../../../Engine/Content/Internationalization/icudt64l/region/xh.res" 1904
"../../../Engine/Content/Internationalization/icudt64l/lang/xog.res" 1905
"../../../Engine/Content/Internationalization/icudt64l/region/xog.res" 1906
"../../../Engine/Content/Internationalization/icudt64l/lang/yav.res" 1907
"../../../Engine/Content/Internationalization/icudt64l/region/yav.res" 1908
"../../../Engine/Content/Internationalization/icudt64l/lang/yi.res" 1909
"../../../Engine/Content/Internationalization/icudt64l/region/yi.res" 1910
"../../../Engine/Content/Internationalization/icudt64l/lang/yo.res" 1911
"../../../Engine/Content/Internationalization/icudt64l/lang/yo_BJ.res" 1912
"../../../Engine/Content/Internationalization/icudt64l/region/yo_BJ.res" 1913
"../../../Engine/Content/Internationalization/icudt64l/region/yo.res" 1914
"../../../Engine/Content/Internationalization/icudt64l/lang/yue.res" 1915
"../../../Engine/Content/Internationalization/icudt64l/lang/yue_Hans.res" 1916
"../../../Engine/Content/Internationalization/icudt64l/lang/yue_CN.res" 1917
"../../../Engine/Content/Internationalization/icudt64l/lang/yue_Hans_CN.res" 1918
"../../../Engine/Content/Internationalization/icudt64l/region/yue_CN.res" 1919
"../../../Engine/Content/Internationalization/icudt64l/region/yue_Hans_CN.res" 1920
"../../../Engine/Content/Internationalization/icudt64l/region/yue_Hans.res" 1921
"../../../Engine/Content/Internationalization/icudt64l/lang/yue_Hant.res" 1922
"../../../Engine/Content/Internationalization/icudt64l/lang/yue_HK.res" 1923
"../../../Engine/Content/Internationalization/icudt64l/lang/yue_Hant_HK.res" 1924
"../../../Engine/Content/Internationalization/icudt64l/region/yue_HK.res" 1925
"../../../Engine/Content/Internationalization/icudt64l/region/yue_Hant_HK.res" 1926
"../../../Engine/Content/Internationalization/icudt64l/region/yue_Hant.res" 1927
"../../../Engine/Content/Internationalization/icudt64l/region/yue.res" 1928
"../../../Engine/Content/Internationalization/icudt64l/lang/zgh.res" 1929
"../../../Engine/Content/Internationalization/icudt64l/region/zgh.res" 1930
"../../../Engine/Content/Internationalization/icudt64l/lang/zh.res" 1931
"../../../Engine/Content/Internationalization/icudt64l/lang/zh_Hans.res" 1932
"../../../Engine/Content/Internationalization/icudt64l/lang/zh_CN.res" 1933
"../../../Engine/Content/Internationalization/icudt64l/lang/zh_Hans_CN.res" 1934
"../../../Engine/Content/Internationalization/icudt64l/region/zh_CN.res" 1935
"../../../Engine/Content/Internationalization/icudt64l/region/zh_Hans_CN.res" 1936
"../../../Engine/Content/Internationalization/icudt64l/region/zh_Hans.res" 1937
"../../../Engine/Content/Internationalization/icudt64l/region/zh.res" 1938
"../../../Engine/Content/Internationalization/icudt64l/lang/zh_HK.res" 1939
"../../../Engine/Content/Internationalization/icudt64l/lang/zh_Hant_HK.res" 1940
"../../../Engine/Content/Internationalization/icudt64l/lang/zh_Hant.res" 1941
"../../../Engine/Content/Internationalization/icudt64l/region/zh_HK.res" 1942
"../../../Engine/Content/Internationalization/icudt64l/region/zh_Hant_HK.res" 1943
"../../../Engine/Content/Internationalization/icudt64l/region/zh_Hant.res" 1944
"../../../Engine/Content/Internationalization/icudt64l/lang/zh_MO.res" 1945
"../../../Engine/Content/Internationalization/icudt64l/lang/zh_Hant_MO.res" 1946
"../../../Engine/Content/Internationalization/icudt64l/region/zh_MO.res" 1947
"../../../Engine/Content/Internationalization/icudt64l/region/zh_Hant_MO.res" 1948
"../../../Engine/Content/Internationalization/icudt64l/lang/zh_SG.res" 1949
"../../../Engine/Content/Internationalization/icudt64l/lang/zh_Hans_SG.res" 1950
"../../../Engine/Content/Internationalization/icudt64l/region/zh_SG.res" 1951
"../../../Engine/Content/Internationalization/icudt64l/region/zh_Hans_SG.res" 1952
"../../../Engine/Content/Internationalization/icudt64l/lang/zh_TW.res" 1953
"../../../Engine/Content/Internationalization/icudt64l/lang/zh_Hant_TW.res" 1954
"../../../Engine/Content/Internationalization/icudt64l/region/zh_TW.res" 1955
"../../../Engine/Content/Internationalization/icudt64l/region/zh_Hant_TW.res" 1956
"../../../Engine/Content/Internationalization/icudt64l/lang/zu.res" 1957
"../../../Engine/Content/Internationalization/icudt64l/region/zu.res" 1958
"../../../Engine/Content/Internationalization/icudt64l/lang/no.res" 1959
"../../../Engine/Content/Internationalization/icudt64l/lang/tl.res" 1960
"../../../Engine/Config/Android/DataDrivenPlatformInfo.ini" 1961
"../../../Engine/Config/IOS/DataDrivenPlatformInfo.ini" 1962
"../../../Engine/Config/Linux/DataDrivenPlatformInfo.ini" 1963
"../../../Engine/Config/Mac/DataDrivenPlatformInfo.ini" 1964
"../../../Engine/Config/TVOS/DataDrivenPlatformInfo.ini" 1965
"../../../Engine/Config/Unix/DataDrivenPlatformInfo.ini" 1966
"../../../Engine/Config/VulkanPC/DataDrivenPlatformInfo.ini" 1967
"../../../Engine/Config/Windows/DataDrivenPlatformInfo.ini" 1968
"../../../Engine/Platforms/VisionOS/Config/DataDrivenPlatformInfo.ini" 1969
"../../../Engine/DerivedDataCache/Compressed.ddp" 1970
"C:/Users/Will/AppData/Local/UnrealEngine/5.6/Saved/Zen/zen.version" 1971
"C:/Users/Will/AppData/Local/UnrealEngine/Common/Zen/Install/zen.version" 1972
"C:/Users/Will/AppData/Local/UnrealEngine/Common/Zen/Install/zenserver.runcontext" 1973
"C:/Users/Will/AppData/Local/UnrealEngine/Common/DerivedDataCache/TestData/0/TestData_4kb.dat" 1974
"C:/Users/Will/AppData/Local/UnrealEngine/Common/DerivedDataCache/TestData/1/TestData_4kb.dat" 1975
"C:/Users/Will/AppData/Local/UnrealEngine/Common/DerivedDataCache/TestData/0/TestData_8kb.dat" 1976
"C:/Users/Will/AppData/Local/UnrealEngine/Common/DerivedDataCache/TestData/1/TestData_8kb.dat" 1977
"C:/Users/Will/AppData/Local/UnrealEngine/Common/DerivedDataCache/TestData/0/TestData_16kb.dat" 1978
"C:/Users/Will/AppData/Local/UnrealEngine/Common/DerivedDataCache/TestData/1/TestData_16kb.dat" 1979
"C:/Users/Will/AppData/Local/UnrealEngine/Common/DerivedDataCache/TestData/0/TestData_64kb.dat" 1980
"C:/Users/Will/AppData/Local/UnrealEngine/Common/DerivedDataCache/TestData/1/TestData_64kb.dat" 1981
"C:/Users/Will/AppData/Local/UnrealEngine/Common/DerivedDataCache/TestData/0/TestData_128kb.dat" 1982
"C:/Users/Will/AppData/Local/UnrealEngine/Common/DerivedDataCache/TestData/1/TestData_128kb.dat" 1983
"C:/Users/Will/AppData/Local/UnrealEngine/Common/DerivedDataCache/TestData/0/TestData_256kb.dat" 1984
"C:/Users/Will/AppData/Local/UnrealEngine/Common/DerivedDataCache/TestData/1/TestData_256kb.dat" 1985
"C:/Users/Will/AppData/Roaming/Unreal Engine/UnrealBuildTool/BuildConfiguration.xml" 1986
"../../../../../../Users/Will/Desktop/Work/CHICO/EldritchBotanist/The_Eldritch_Botanist/EldritchBotanistGame/Intermediate/ShaderAutogen/PCD3D_SM6/AutogenShaderHeaders.ush" 1987
"../../../Engine/Shaders/Private/HairStrands/HairStrandsVertexFactory.ush" 1988
"../../../Engine/Shaders/Private/VertexFactoryCommon.ush" 1989
"../../../Engine/Shaders/Private/Common.ush" 1990
"../../../Engine/Shaders/Public/Platform.ush" 1991
"../../../Engine/Shaders/Public/FP16Math.ush" 1992
"../../../Engine/Shaders/Public/Platform/D3D/D3DCommon.ush" 1993
"../../../Engine/Shaders/Shared/HLSLReservedSpaces.h" 1994
"../../../Engine/Shaders/Public/BindlessResources.ush" 1995
"../../../Engine/Shaders/Public/Platform/D3D/PlatformBindlessResources.ush" 1996
"../../../Engine/Shaders/Shared/RayTracingBuiltInResources.h" 1997
"../../../Engine/Shaders/Shared/RayTracingDefinitions.h" 1998
"../../../Engine/Shaders/Public/OverloadMacros.ush" 1999
"../../../Engine/Shaders/Public/ShaderVersion.ush" 2000
"../../../Engine/Shaders/Shared/ThirdParty/NVIDIA/nvHLSLExtns.h" 2001
"../../../Engine/Shaders/Shared/ThirdParty/NVIDIA/nvHLSLExtnsInternal.h" 2002
"../../../Engine/Shaders/Shared/ThirdParty/NVIDIA/nvShaderExtnEnums.h" 2003
"../../../Engine/Shaders/Private/PackUnpack.ush" 2004
"../../../Engine/Shaders/Private/GeneratedUniformBufferTypes.ush" 2005
"../../../Engine/Shaders/Private/Nanite/NanitePackedNaniteView.ush" 2006
"../../../Engine/Shaders/Private/HairStrands/HairStrandsVisibilityCommonStruct.ush" 2007
"../../../Engine/Shaders/Private/HairStrands/HairStrandsVoxelPageCommonStruct.ush" 2008
"../../../Engine/Shaders/Private/HairStrands/HairStrandsDeepShadowCommonStruct.ush" 2009
"../../../Engine/Shaders/Shared/LightSceneData.h" 2010
"../../../Engine/Shaders/Shared/HLSLTypeAliases.h" 2011
"../../../Engine/Shaders/Private/LargeWorldCoordinates.ush" 2012
"../../../Engine/Shaders/Private/DoubleFloat.ush" 2013
"../../../Engine/Shaders/Private/RandomPCG.ush" 2014
"../../../Engine/Shaders/Private/DoubleFloatOperations.ush" 2015
"../../../Engine/Shaders/Private/DoubleFloatVectorDefinition.ush" 2016
"../../../Engine/Shaders/Private/LWCOperations.ush" 2017
"../../../Engine/Shaders/Shared/LightViewData.h" 2018
"../../../Engine/Shaders/Shared/RayTracingTypes.h" 2019
"../../../Engine/Shaders/Shared/HLSLStaticAssert.h" 2020
"../../../Engine/Shaders/Private/CommonViewUniformBuffer.ush" 2021
"../../../Engine/Shaders/Private/InstancedStereo.ush" 2022
"../../../Engine/Shaders/Private/Definitions.usf" 2023
"../../../Engine/Shaders/Private/AssertionMacros.ush" 2024
"../../../Engine/Shaders/Private/FastMath.ush" 2025
"../../../Engine/Shaders/Private/FastMathThirdParty.ush" 2026
"../../../Engine/Shaders/Private/Random.ush" 2027
"../../../Engine/Shaders/Private/RandomInterleavedGradientNoise.ush" 2028
"../../../Engine/Shaders/Private/SceneData.ush" 2029
"../../../Engine/Shaders/Private/OctahedralCommon.ush" 2030
"../../../Engine/Shaders/Private/WaveOpUtil.ush" 2031
"../../../Engine/Shaders/Private/ByteBuffer.ush" 2032
"../../../Engine/Shaders/Shared/SceneDefinitions.h" 2033
"../../../Engine/Shaders/Private/SceneDataMobileLoader.ush" 2034
"../../../Engine/Shaders/Private/LocalVertexFactoryCommon.ush" 2035
"../../../Engine/Shaders/Private/HairStrands/HairStrandsVisibilityCommon.ush" 2036
"../../../Engine/Shaders/Shared/HairStrandsDefinitions.h" 2037
"../../../Engine/Shaders/Private/HairStrands/HairStrandsVertexFactoryCommon.ush" 2038
"../../../Engine/Shaders/Private/HairStrands/HairStrandsPack.ush" 2039
"../../../Engine/Shaders/Private/HairStrands/HairStrandsAttributeCommon.ush" 2040
"../../../Engine/Shaders/Private/HairStrands/HairStrandsAttributeTemplate.ush" 2041
"../../../Engine/Shaders/Private/VertexFactoryDefaultInterface.ush" 2042
"../../../Engine/Shaders/Private/HairStrands/HairCardsVertexFactory.ush" 2043
"../../../Engine/Shaders/Private/HairStrands/HairCardsAttributeCommon.ush" 2044
"../../../Engine/Shaders/Private/RayTracing/RayTracingCommon.ush" 2045
"../../../Engine/Shaders/Private/ShadingCommon.ush" 2046
"../../../Engine/Shaders/Shared/RayTracingPayloadType.h" 2047
"../../../Engine/Shaders/Private/RayTracing/RayTracingRayCone.ush" 2048
"../../../Engine/Shaders/Private/Substrate/Substrate.ush" 2049
"../../../Engine/Shaders/Private/ShadingEnergyConservation.ush" 2050
"../../../Engine/Shaders/Private/ShadingEnergyConservationTemplate.ush" 2051
"../../../Engine/Shaders/Private/BRDF.ush" 2052
"../../../Engine/Shaders/Private/ColorSpace.ush" 2053
"../../../Engine/Shaders/Private/DeferredShadingCommon.ush" 2054
"../../../Engine/Shaders/Private/LightAccumulator.ush" 2055
"../../../Engine/Shaders/Private/SceneTexturesCommon.ush" 2056
"../../../Engine/Shaders/Private/MonteCarlo.ush" 2057
"../../../Engine/Shaders/Private/GBufferHelpers.ush" 2058
"../../../Engine/Shaders/Private/SceneTextureParameters.ush" 2059
"C:/Users/Will/Desktop/Work/CHICO/EldritchBotanist/The_Eldritch_Botanist/EldritchBotanistGame/Intermediate/ShaderAutogen/PCD3D_SM6/AutogenShaderHeaders.ush" 2060
"../../../Engine/Shaders/Private/ParticipatingMediaCommon.ush" 2061
"../../../Engine/Shaders/Private/ThinFilmBSDF.ush" 2062
"../../../Engine/Shaders/Private/MortonCode.ush" 2063
"../../../Engine/Shaders/Private/SubsurfaceProfileCommon.ush" 2064
"../../../Engine/Shaders/Private/BurleyNormalizedSSSCommon.ush" 2065
"../../../Engine/Shaders/Private/GammaCorrectionCommon.ush" 2066
"../../../Engine/Shaders/Shared/SubstrateDefinitions.h" 2067
"../../../Engine/Shaders/Private/Substrate/SubstrateStatisticalOperators.ush" 2068
"../../../Engine/Shaders/Private/Substrate/SubstrateSubsurface.ush" 2069
"../../../Engine/Shaders/Private/TransmissionCommon.ush" 2070
"../../../Engine/Shaders/Private/Substrate/SubstrateExportCommon.ush" 2071
"../../../Engine/Shaders/Private/SpecularProfileCommon.ush" 2072
"../../../Engine/Shaders/Private/RayTracing/RayTracingCommonMetal.ush" 2073
"../../../Engine/Shaders/Private/PositionReconstructionCommon.ush" 2074
"../../../Engine/Shaders/Private/RayTracing/TraceRayInline.ush" 2075
"../../../Engine/Shaders/Private/RayTracing/TraceRayInlineCommon.ush" 2076
"../../../Engine/Shaders/Private/RayTracing/TraceRayInlineVulkan.ush" 2077
"../../../Engine/Shaders/Private/RayTracing/TraceRayInlineMetal.ush" 2078
"../../../Engine/Shaders/Private/RayTracing/TraceRayInlineD3D12.ush" 2079
"../../../Engine/Shaders/Private/RayTracing/RayTracingHitGroupCommon.ush" 2080
"../../../Engine/Shaders/Private/Nanite/NaniteRayTrace.ush" 2081
"../../../Engine/Shaders/Private/Nanite/NaniteDataDecode.ush" 2082
"../../../Engine/Shaders/Private/BitPacking.ush" 2083
"../../../Engine/Shaders/Private/BitStreamReaderImplementation.ush" 2084
"../../../Engine/Shaders/Private/BoneTransform.ush" 2085
"../../../Engine/Shaders/Private/Quaternion.ush" 2086
"../../../Engine/Shaders/Shared/NaniteDefinitions.h" 2087
"../../../Engine/Shaders/Shared/SkinningDefinitions.h" 2088
"../../../Engine/Shaders/Private/Nanite/NaniteAttributeDecode.ush" 2089
"../../../Engine/Shaders/Private/Barycentrics.ush" 2090
"../../../Engine/Shaders/Private/DualNumber.ush" 2091
"../../../Engine/Shaders/Shared/ThirdParty/RayTriangleIntersection.h" 2092
"../../../Engine/Shaders/Private/Nanite/NaniteVertexFetch.ush" 2093
"../../../Engine/Shaders/Private/Nanite/NaniteSceneCommon.ush" 2094
"../../../Engine/Plugins/FX/Niagara/Shaders/Private/NiagaraSpriteVertexFactory.ush" 2095
"../../../Engine/Shaders/Private/ParticleVertexFactoryCommon.ush" 2096
"../../../Engine/Plugins/FX/Niagara/Shaders/Private/NiagaraVFCommon.usf" 2097
"../../../Engine/Plugins/FX/Niagara/Shaders/Private/NiagaraVFParticleAccess.usf" 2098
"../../../Engine/Plugins/FX/Niagara/Shaders/Private/NiagaraParticleAccess.ush" 2099
"../../../Engine/Plugins/FX/Niagara/Shaders/Private/NiagaraRibbonVertexFactory.ush" 2100
"../../../Engine/Plugins/FX/Niagara/Shaders/Private/NiagaraMeshVertexFactory.ush" 2101
"../../../Engine/Plugins/FX/Niagara/Shaders/Private/NiagaraCommon.ush" 2102
"../../../Engine/Plugins/FX/Niagara/Shaders/Private/NiagaraMeshParticleUtils.ush" 2103
"../../../Engine/Shaders/Private/VectorFieldVisualizationVertexFactory.ush" 2104
"../../../Engine/Shaders/Private/Nanite/NaniteVertexFactory.ush" 2105
"../../../Engine/Shaders/Private/LightmapData.ush" 2106
"../../../Engine/Shaders/Private/SplineMeshCommon.ush" 2107
"../../../Engine/Shaders/Shared/SplineMeshShaderParams.h" 2108
"../../../Engine/Shaders/Private/ShaderPrint.ush" 2109
"../../../Engine/Shaders/Private/ShaderPrintCommon.ush" 2110
"../../../Engine/Shaders/Private/MiniFontCommon.ush" 2111
"../../../Engine/Shaders/Private/MaterialCache/MaterialCacheCommon.ush" 2112
"../../../Engine/Shaders/Shared/MaterialCacheDefinitions.h" 2113
"../../../Engine/Shaders/Private/Nanite/NaniteVertexDeformation.ush" 2114
"../../../Engine/Shaders/Private/ViewData.ush" 2115
"../../../Engine/Shaders/Shared/ViewDefinitions.h" 2116
"../../../Engine/Shaders/Private/Matrices.ush" 2117
"../../../Engine/Shaders/Private/ParticleSpriteVertexFactory.ush" 2118
"../../../Engine/Shaders/Private/ParticleGPUSpriteVertexFactory.ush" 2119
"../../../Engine/Shaders/Private/ParticleSimulationCommon.ush" 2120
"../../../Engine/Shaders/Private/ParticleBeamTrailVertexFactory.ush" 2121
"../../../Engine/Shaders/Private/MeshParticleVertexFactory.ush" 2122
"../../../Engine/Shaders/Private/LocalVertexFactory.ush" 2123
"../../../Engine/Shaders/Private/GpuSkinCommon.ush" 2124
"../../../Engine/Shaders/Private/GpuSkinVertexFactory.ush" 2125
"../../../Engine/Shaders/Private/GeometryCollectionVertexFactory.ush" 2126
"../../../Engine/Shaders/Private/GeometryCacheVertexFactory.ush" 2127
"../../../Engine/Shaders/Private/LandscapeVertexFactory.ush" 2128
"../../../Engine/Plugins/Experimental/Compositing/CompositeCore/Shaders/Private/CompositeCoreMerge.usf" 2129
"../../../Engine/Shaders/Private/ScreenPass.ush" 2130
"../../../Engine/Shaders/Private/LensDistortion.ush" 2131
"../../../Engine/Plugins/Experimental/Compositing/CompositeCore/Shaders/Private/CompositeCoreDisplayTransform.usf" 2132
"../../../Engine/Plugins/Experimental/Compositing/CompositeCore/Shaders/Private/CompositeCoreDilate.usf" 2133
"../../../Engine/Plugins/Runtime/HairStrands/Shaders/Private/NiagaraCopyVelocityGrid.usf" 2134
"../../../Engine/Plugins/Runtime/HairStrands/Shaders/Private/NiagaraClearVelocityGrid.usf" 2135
"../../../Engine/Plugins/Runtime/HairStrands/Shaders/Private/NiagaraClearPressureGrid.usf" 2136
"../../../Engine/Plugins/Runtime/HairStrands/Shaders/Private/NiagaraInterpolateGroomGuides.usf" 2137
"../../../Engine/Plugins/Runtime/HairStrands/Shaders/Private/NiagaraGroomInterpolationUtils.ush" 2138
"../../../Engine/Plugins/FX/Niagara/Shaders/Private/NiagaraQuaternionUtils.ush" 2139
"../../../Engine/Shaders/Private/HairStrands/HairStrandsMesh.usf" 2140
"../../../Engine/Shaders/Private/HairStrands/HairStrandsBindingCommon.ush" 2141
"../../../Engine/Shaders/Private/HairStrands/HairStrandsFollicleMask.usf" 2142
"../../../Engine/Shaders/Private/HairStrands/HairStrandsSkinUpdate.usf" 2143
"../../../Engine/Shaders/Private/HairStrands/HairStrandsClusterCulling.usf" 2144
"../../../Engine/Shaders/Private/ColorMap.ush" 2145
"../../../Engine/Shaders/Private/HairStrands/HairStrandsAABBCommon.ush" 2146
"../../../Engine/Shaders/Private/HairStrands/HairStrandsClusterCommon.ush" 2147
"../../../Engine/Shaders/Private/ThreadGroupPrefixSum.ush" 2148
"../../../Engine/Shaders/Private/HairStrands/HairStrandsRaytracingGeometry.usf" 2149
"../../../Engine/Shaders/Private/HairStrands/HairStrandsTangent.usf" 2150
"../../../Engine/Shaders/Private/HairStrands/HairCardsDeformation.usf" 2151
"../../../Engine/Shaders/Private/HairStrands/HairStrandsInterpolation.usf" 2152
"../../../Engine/Shaders/Private/HairStrands/HairStrandsGuideDeform.usf" 2153
"../../../Engine/Shaders/Private/HairStrands/HairStrandsTexturesGeneration.usf" 2154
"../../../Engine/Shaders/Private/HairStrands/HairCardsTextureCommon.ush" 2155
"../../../Engine/Shaders/Private/HairStrands/HairStrandsTranscode.usf" 2156
"../../../Engine/Shaders/Private/HairStrands/HairStrandsDebug.usf" 2157
"../../../Engine/Shaders/Private/HairShadingCommon.ush" 2158
"../../../Engine/Shaders/Private/PostProcessCommon.ush" 2159
"../../../Engine/Shaders/Private/ShadingModels.ush" 2160
"../../../Engine/Shaders/Private/CapsuleLight.ush" 2161
"../../../Engine/Shaders/Private/RectLight.ush" 2162
"../../../Engine/Shaders/Private/LightData.ush" 2163
"../../../Engine/Shaders/Shared/LightDefinitions.h" 2164
"../../../Engine/Shaders/Private/AreaLightCommon.ush" 2165
"../../../Engine/Shaders/Private/HairBsdf.ush" 2166
"../../../Engine/Shaders/Private/MobileGGX.ush" 2167
"../../../Engine/Shaders/Private/HairStrands/HairStrandsCommon.ush" 2168
"../../../Engine/Shaders/Private/HairStrands/HairStrandsEnvironmentLightingCommon.ush" 2169
"../../../Engine/Shaders/Private/HairStrands/HairStrandsDeepTransmittanceCommon.ush" 2170
"../../../Engine/Shaders/Private/HairStrands/HairStrandsDeepTransmittanceDualScattering.ush" 2171
"../../../Engine/Shaders/Private/HairStrands/HairStrandsDeepShadowCommon.ush" 2172
"../../../Engine/Shaders/Private/HairStrands/HairStrandsDebugCommonStruct.ush" 2173
"../../../Engine/Plugins/Media/WmfMedia/Shaders/Private/MediaHardwareVideoDecoding.usf" 2174
"../../../Engine/Shaders/Private/ColorUtils.ush" 2175
"../../../Engine/Plugins/Media/ImgMedia/Shaders/Private/ExrSwizzler.usf" 2176
"../../../Engine/Plugins/Enterprise/GLTFExporter/Shaders/Private/SimpleTexture2DPS.usf" 2177
"../../../Engine/Shaders/Private/SimpleElementNormalMapPixelShader.usf" 2178
"../../../Engine/Plugins/FX/Niagara/Shaders/Private/NiagaraVertexFactoryExport.usf" 2179
"../../../Engine/Shaders/Private/ComputeShaderUtils.ush" 2180
"../../../Engine/Shaders/Private/MaterialTemplate.ush" 2181
"../../../Engine/Shaders/Private/WorldSpaceMath.ush" 2182
"../../../Engine/Shaders/Private/EyeAdaptationCommon.ush" 2183
"../../../Engine/Shaders/Private/SobolRandom.ush" 2184
"../../../Engine/Shaders/Private/DepthOfFieldCommon.ush" 2185
"../../../Engine/Shaders/Private/CircleDOFCommon.ush" 2186
"../../../Engine/Shaders/Private/DistanceField/GlobalDistanceFieldShared.ush" 2187
"../../../Engine/Shaders/Private/PhysicsFieldSampler.ush" 2188
"../../../Engine/Shaders/Private/PhysicsFieldShared.ush" 2189
"../../../Engine/Shaders/Private/SparseVolumeTexture/SparseVolumeTextureCommon.ush" 2190
"../../../Engine/Shaders/Shared/EnvironmentComponentsFlags.h" 2191
"../../../Engine/Shaders/Private/MeshPaintTextureCommon.ush" 2192
"../../../Engine/Shaders/Private/VirtualTextureMaterial.ush" 2193
"../../../Engine/Shaders/Private/MaterialCache/MaterialCacheMaterialCommon.ush" 2194
"../../../Engine/Shaders/Private/MaterialCache/MaterialCacheABuffer.ush" 2195
"../../../Engine/Shaders/Private/SpeedTreeCommon.ush" 2196
"../../../Engine/Shaders/Private/VirtualTextureCommon.ush" 2197
"../../../Engine/Shaders/Private/MaterialTexture.ush" 2198
"../../../Engine/Shaders/Private/MinMaterialTexCoords.ush" 2199
"../../../Engine/Shaders/Private/SkyAtmosphereCommon.ush" 2200
"../../../Engine/Shaders/Private/SingleLayerWaterCommon.ush" 2201
"../../../Engine/Shaders/Private/TextureSampling.ush" 2202
"../../../Engine/Shaders/Private/PaniniProjection.ush" 2203
"../../../Engine/Shaders/Private/DBufferNormalReprojection.ush" 2204
"../../../Engine/Shaders/Public/SubstratePublic.ush" 2205
"../../../Engine/Shaders/Private/Substrate/SubstrateTree.ush" 2206
"../../../Engine/Shaders/Private/Substrate/SubstrateEvaluation.ush" 2207
"../../../Engine/Shaders/Private/Substrate/Glint/GlintThirdParty.ush" 2208
"../../../Engine/Shaders/Private/BlueNoise.ush" 2209
"../../../Engine/Shaders/Private/SHCommon.ush" 2210
"../../../Engine/Shaders/Private/ShadingModelsSampling.ush" 2211
"../../../Engine/Shaders/Private/HairStrands/HairBsdfSample.ush" 2212
"../../../Engine/Shaders/Private/Substrate/SubstrateLegacyConversion.ush" 2213
"../../../Engine/Shaders/Private/DBufferDecalShared.ush" 2214
"../../../Engine/Plugins/FX/Niagara/Shaders/Private/NiagaraSortKeyGen.usf" 2215
"../../../Engine/Plugins/FX/Niagara/Shaders/Private/NiagaraGPURayTracingTransforms.usf" 2216
"../../../Engine/Plugins/FX/Niagara/Shaders/Private/NiagaraDrawIndirectArgsGen.usf" 2217
"../../../Engine/Plugins/FX/Niagara/Shaders/Private/NiagaraDispatchIndirectArgsGen.usf" 2218
"../../../Engine/Plugins/FX/Niagara/Shaders/Private/Stateless/NiagaraStatelessSimulationDefault.usf" 2219
"../../../Engine/Plugins/FX/Niagara/Shaders/Private/Stateless/NiagaraStatelessSimulationTemplate.ush" 2220
"../../../Engine/Plugins/FX/Niagara/Shaders/Private/Stateless/NiagaraStatelessCommon.ush" 2221
"../../../Engine/Plugins/FX/Niagara/Shaders/Shared/NiagaraStatelessDefinitions.h" 2222
"../../../Engine/Plugins/FX/Niagara/Shaders/Shared/NiagaraStatelessBuiltDistribution.h" 2223
"../../../Engine/Plugins/FX/Niagara/Shaders/Private/Stateless/NiagaraStatelessDistribution.ush" 2224
"../../../Engine/Plugins/FX/Niagara/Shaders/Private/Stateless/Modules/NiagaraStatelessModule_CalculateAccurateVelocity.ush" 2225
"../../../Engine/Plugins/FX/Niagara/Shaders/Private/Stateless/Modules/NiagaraStatelessModule_CameraOffset.ush" 2226
"../../../Engine/Plugins/FX/Niagara/Shaders/Private/Stateless/Modules/NiagaraStatelessModule_DynamicMaterialParameters.ush" 2227
"../../../Engine/Plugins/FX/Niagara/Shaders/Private/Stateless/Modules/NiagaraStatelessModule_InitializeParticle.ush" 2228
"../../../Engine/Plugins/FX/Niagara/Shaders/Private/Stateless/Modules/NiagaraStatelessModule_InitialMeshOrientation.ush" 2229
"../../../Engine/Plugins/FX/Niagara/Shaders/Private/Stateless/Modules/NiagaraStatelessModule_MeshIndex.ush" 2230
"../../../Engine/Plugins/FX/Niagara/Shaders/Private/Stateless/Modules/NiagaraStatelessModule_MeshRotationRate.ush" 2231
"../../../Engine/Plugins/FX/Niagara/Shaders/Private/Stateless/Modules/NiagaraStatelessModule_RotateAroundPoint.ush" 2232
"../../../Engine/Plugins/FX/Niagara/Shaders/Private/Stateless/Modules/NiagaraStatelessModule_ShapeLocation.ush" 2233
"../../../Engine/Plugins/FX/Niagara/Shaders/Private/Stateless/Modules/NiagaraStatelessModule_ScaleColor.ush" 2234
"../../../Engine/Plugins/FX/Niagara/Shaders/Private/Stateless/Modules/NiagaraStatelessModule_ScaleRibbonWidth.ush" 2235
"../../../Engine/Plugins/FX/Niagara/Shaders/Private/Stateless/Modules/NiagaraStatelessModule_ScaleSpriteSize.ush" 2236
"../../../Engine/Plugins/FX/Niagara/Shaders/Private/Stateless/Modules/NiagaraStatelessModule_ScaleSpriteSizeBySpeed.ush" 2237
"../../../Engine/Plugins/FX/Niagara/Shaders/Private/Stateless/Modules/NiagaraStatelessModule_ScaleMeshSize.ush" 2238
"../../../Engine/Plugins/FX/Niagara/Shaders/Private/Stateless/Modules/NiagaraStatelessModule_ScaleMeshSizebySpeed.ush" 2239
"../../../Engine/Plugins/FX/Niagara/Shaders/Private/Stateless/Modules/NiagaraStatelessModule_SolveVelocitiesAndForces.ush" 2240
"../../../Engine/Plugins/FX/Niagara/Shaders/Private/Stateless/Modules/NiagaraStatelessModule_SpriteFacingAndAlignment.ush" 2241
"../../../Engine/Plugins/FX/Niagara/Shaders/Private/Stateless/Modules/NiagaraStatelessModule_SpriteRotationRate.ush" 2242
"../../../Engine/Plugins/FX/Niagara/Shaders/Private/Stateless/Modules/NiagaraStatelessModule_SubUVAnimation.ush" 2243
"../../../Engine/Plugins/FX/Niagara/Shaders/Private/NiagaraBlendSVTsToDenseBuffer.usf" 2244
"../../../Engine/Plugins/FX/Niagara/Shaders/Private/NiagaraSVTToDenseBuffer.usf" 2245
"../../../Engine/Plugins/FX/Niagara/Shaders/Private/NiagaraFillIntBuffer.usf" 2246
"../../../Engine/Plugins/FX/Niagara/Shaders/Private/NiagaraComputeFreeIDs.usf" 2247
"../../../Engine/Plugins/FX/Niagara/Shaders/Private/NiagaraInitFreeIDBuffer.usf" 2248
"../../../Engine/Plugins/FX/Niagara/Shaders/Private/NiagaraEmitterInstanceShader.usf" 2249
"../../../Engine/Plugins/FX/Niagara/Shaders/Private/NiagaraShaderVersion.ush" 2250
"../../../Engine/Plugins/FX/Niagara/Shaders/Private/NiagaraPhysicsCommon.ush" 2251
"../../../Engine/Plugins/FX/Niagara/Shaders/Private/Ribbons/NiagaraRibbonAggregationApply.usf" 2252
"../../../Engine/Plugins/FX/Niagara/Shaders/Private/Ribbons/NiagaraRibbonCommon.ush" 2253
"../../../Engine/Plugins/FX/Niagara/Shaders/Private/Ribbons/NiagaraRibbonAggregationStep.usf" 2254
"../../../Engine/Plugins/FX/Niagara/Shaders/Private/Ribbons/NiagaraRibbonGenerateIndices.usf" 2255
"../../../Engine/Plugins/FX/Niagara/Shaders/Private/Ribbons/NiagaraRibbonInitializeIndices.usf" 2256
"../../../Engine/Plugins/FX/Niagara/Shaders/Private/Ribbons/NiagaraRibbonRibbonUVParamCalculation.usf" 2257
"../../../Engine/Plugins/FX/Niagara/Shaders/Private/Ribbons/NiagaraRibbonVertexReductionFinalization.usf" 2258
"../../../Engine/Plugins/FX/Niagara/Shaders/Private/Ribbons/NiagaraRibbonVertexReductionInitialization.usf" 2259
"../../../Engine/Plugins/FX/Niagara/Shaders/Private/Ribbons/NiagaraRibbonSortParticles.usf" 2260
"../../../Engine/Plugins/FX/Niagara/Shaders/Private/NiagaraLWCHelper.usf" 2261
"../../../Engine/Plugins/FX/Niagara/Shaders/Private/NiagaraUpdateMeshGPUSceneInstances.usf" 2262
"../../../Engine/Shaders/Private/GPUScene/GPUSceneWriter.ush" 2263
"../../../Engine/Plugins/FX/Niagara/Shaders/Private/NiagaraGenerateMips.usf" 2264
"../../../Engine/Plugins/FX/Niagara/Shaders/Private/NiagaraDebugDraw.usf" 2265
"../../../Engine/Plugins/FX/Niagara/Shaders/Private/NiagaraDebugDraw.ush" 2266
"../../../Engine/Plugins/FX/Niagara/Shaders/Private/NiagaraVisualizeTexture.usf" 2267
"../../../Engine/Plugins/FX/Niagara/Shaders/Private/NiagaraClearCounts.usf" 2268
"../../../Engine/Plugins/FX/Niagara/Shaders/Private/NiagaraBatchedElements.usf" 2269
"../../../Engine/Plugins/FX/Niagara/Shaders/Private/NiagaraRayTracingShaders.usf" 2270
"../../../Engine/Plugins/FX/Niagara/Shaders/Private/NiagaraAsyncGpuTraceCommon.ush" 2271
"../../../Engine/Shaders/Private/HashTable.ush" 2272
"../../../Engine/Shaders/Private/Hash.ush" 2273
"../../../Engine/Shaders/Private/RayTracing/VFXTraceRay.ush" 2274
"../../../Engine/Plugins/FX/Niagara/Shaders/Private/NiagaraRayMarchingShaders.usf" 2275
"../../../Engine/Plugins/FX/Niagara/Shaders/Private/NiagaraRayTraceCollisionGroupShaders.usf" 2276
"../../../Engine/Plugins/FX/Niagara/Shaders/Private/NiagaraAsyncGpuTraceUtils.usf" 2277
"../../../Engine/Plugins/Runtime/ComputeFramework/Shaders/Private/ComputeKernel.usf" 2278
"../../../Engine/Plugins/Runtime/ComputeFramework/Shaders/Private/ComputeKernelCommon.ush" 2279
"../../../Engine/Plugins/NNE/NNEDenoiser/Shaders/NNEDenoiserShadersTransferFunctionOidn.usf" 2280
"../../../Engine/Plugins/NNE/NNEDenoiser/Shaders/NNEDenoiserShadersMappedCopy.usf" 2281
"../../../Engine/Plugins/NNE/NNEDenoiser/Shaders/NNEDenoiserShadersDefaultIOProcess.usf" 2282
"../../../Engine/Plugins/NNE/NNEDenoiser/Shaders/NNEDenoiserShadersAutoExposureReduceFinal.usf" 2283
"../../../Engine/Plugins/NNE/NNEDenoiser/Shaders/NNEDenoiserShadersAutoExposureReduce.usf" 2284
"../../../Engine/Plugins/NNE/NNEDenoiser/Shaders/NNEDenoiserShadersAutoExposureDownsample.usf" 2285
"../../../Engine/Plugins/VirtualProduction/CameraCalibrationCore/Shaders/Private/CrosshairOverlay.usf" 2286
"../../../Engine/Plugins/VirtualProduction/CameraCalibrationCore/Shaders/Private/DisplacementMapBlending.usf" 2287
"../../../Engine/Plugins/VirtualProduction/CameraCalibrationCore/Shaders/Private/RecenterSTDisplacementMaps.usf" 2288
"../../../Engine/Plugins/VirtualProduction/CameraCalibrationCore/Shaders/Private/FillSTDisplacementMap.usf" 2289
"../../../Engine/Plugins/VirtualProduction/CameraCalibrationCore/Shaders/Private/InvertDisplacementMap.usf" 2290
"../../../Engine/Plugins/VirtualProduction/CameraCalibrationCore/Shaders/Private/CropDisplacementMap.usf" 2291
"../../../Engine/Plugins/VirtualProduction/CameraCalibrationCore/Shaders/Private/BlendDisplacementMaps.usf" 2292
"../../../Engine/Plugins/VirtualProduction/CameraCalibrationCore/Shaders/Private/DrawDisplacementMaps.usf" 2293
"../../../Engine/Plugins/VirtualProduction/CameraCalibrationCore/Shaders/Private/UndistortImagePoints.usf" 2294
"../../../Engine/Plugins/VirtualProduction/CameraCalibrationCore/Shaders/Private/DistortionSTMapProcessor.usf" 2295
"../../../Engine/Plugins/Experimental/NFORDenoise/Shaders/NFORDenoise.usf" 2296
"../../../Engine/Plugins/Experimental/NFORDenoise/Shaders/NFORRegressionCommon.ush" 2297
"../../../Engine/Plugins/Experimental/NFORDenoise/Shaders/NFORRegression.ush" 2298
"../../../Engine/Shaders/Private/VirtualTextureAdapter.usf" 2299
"../../../Engine/Shaders/Private/BlockCompressionCommon.ush" 2300
"../../../Engine/Shaders/Private/BCCompressionCommon.ush" 2301
"../../../Engine/Shaders/Private/TranslucentLightingShaders.usf" 2302
"../../../Engine/Shaders/Private/CubemapCommon.ush" 2303
"../../../Engine/Shaders/Private/VectorFieldCompositeShaders.usf" 2304
"../../../Engine/Shaders/Private/UpdateTextureShaders.usf" 2305
"../../../Engine/Shaders/Private/StereoLayerShader.usf" 2306
"../../../Engine/Shaders/Private/SparseVolumeTexture/UpdateSparseVolumeTexture.usf" 2307
"../../../Engine/Shaders/Private/MorphTargets.usf" 2308
"../../../Engine/Shaders/Private/SimpleElementColorChannelMaskPixelShader.usf" 2309
"../../../Engine/Shaders/Private/SimpleElementHitProxyPixelShader.usf" 2310
"../../../Engine/Shaders/Private/SimpleElementPixelShader.usf" 2311
"../../../Engine/Shaders/Private/IESLightProfilesCommon.ush" 2312
"../../../Engine/Shaders/Private/SimpleElementVertexShader.usf" 2313
"../../../Engine/Shaders/Private/ScreenPixelShaderOES.usf" 2314
"../../../Engine/Shaders/Private/ScreenVertexShader.usf" 2315
"../../../Engine/Shaders/Private/ScreenPixelShader.usf" 2316
"../../../Engine/Shaders/Private/SSProfilePreIntegratedMobile.usf" 2317
"../../../Engine/Shaders/Private/SpecularProfile.usf" 2318
"../../../Engine/Shaders/Private/Nanite/NaniteStreaming.usf" 2319
"../../../Engine/Shaders/Private/Nanite/NaniteStreaming.ush" 2320
"../../../Engine/Shaders/Private/Nanite/NaniteTranscode.usf" 2321
"../../../Engine/Shaders/Private/VolumetricLightmapStreaming.usf" 2322
"../../../Engine/Shaders/Private/PhysicsFieldReset.usf" 2323
"../../../Engine/Shaders/Private/PhysicsFieldBuilder.usf" 2324
"../../../Engine/Shaders/Private/PhysicsFieldEval.ush" 2325
"../../../Engine/Shaders/Private/ParticleSortKeyGen.usf" 2326
"../../../Engine/Shaders/Private/ParticleBoundsShader.usf" 2327
"../../../Engine/Shaders/Private/ParticleSimVisualizeShader.usf" 2328
"../../../Engine/Shaders/Private/ParticleInjectionShader.usf" 2329
"../../../Engine/Shaders/Private/ParticleSimulationShader.usf" 2330
"../../../Engine/Shaders/Private/ParticleCurveInjectionShader.usf" 2331
"../../../Engine/Shaders/Private/CopyUIntBuffer.usf" 2332
"../../../Engine/Shaders/Private/RadixSortShaders.usf" 2333
"../../../Engine/Shaders/Private/RecomputeTangentsPerVertexPass.usf" 2334
"../../../Engine/Shaders/Private/RecomputeTangentsCommon.ush" 2335
"../../../Engine/Shaders/Private/RecomputeTangentsPerTrianglePass.usf" 2336
"../../../Engine/Shaders/Private/GpuSkinCacheComputeShader.usf" 2337
"../../../Engine/Shaders/Private/HeightFieldAtlasManagement.usf" 2338
"../../../Engine/Shaders/Private/Landscape/LandscapeEditLayersUtils.usf" 2339
"../../../Engine/Shaders/Private/Landscape/LandscapeCommon.ush" 2340
"../../../Engine/Shaders/Private/Landscape/LandscapeEditLayersWeightmaps.usf" 2341
"../../../Engine/Shaders/Private/Landscape/LandscapeEditLayersHeightmaps.usf" 2342
"../../../Engine/Shaders/Private/Landscape/LandscapeLayersWeightmapsPS.usf" 2343
"../../../Engine/Shaders/Private/Landscape/LandscapeLayersHeightmapsPS.usf" 2344
"../../../Engine/Shaders/Private/LandscapeLayersCS.usf" 2345
"../../../Engine/Shaders/Private/LandscapeLayersPS.usf" 2346
"../../../Engine/Shaders/Private/LandscapeLayersVS.usf" 2347
"../../../Engine/Shaders/Private/LandscapePhysicalMaterial.usf" 2348
"../../../Engine/Shaders/Private/LandscapeGrassWeight.usf" 2349
"../../../Engine/Shaders/Private/Landscape/LandscapeCulling.usf" 2350
"../../../Engine/Shaders/Private/Nanite/NaniteHZBCull.ush" 2351
"../../../Engine/Shaders/Private/HZB.ush" 2352
"../../../Engine/Shaders/Private/Landscape/LandscapeMergeTexturesPS.usf" 2353
"../../../Engine/Shaders/Private/WideCustomResolveShaders.usf" 2354
"../../../Engine/Shaders/Private/WideCustomResolve_Wide.ush" 2355
"../../../Engine/Shaders/Private/WideCustomResolve_Wider.ush" 2356
"../../../Engine/Shaders/Private/WideCustomResolve_Widest.ush" 2357
"../../../Engine/Shaders/Private/WaterInfoTextureBlur.usf" 2358
"../../../Engine/Shaders/Private/WaterInfoTextureMerge.usf" 2359
"../../../Engine/Shaders/Private/PageTableUpdate.usf" 2360
"../../../Engine/Shaders/Private/VirtualTextureCompress.usf" 2361
"../../../Engine/Shaders/Private/ASTCCompressionCommon.ush" 2362
"../../../Engine/Shaders/Private/IntegerSequenceEncoding.ush" 2363
"../../../Engine/Shaders/Private/ETCCompressionCommon.ush" 2364
"../../../Engine/Shaders/Private/VirtualTextureMaterial.usf" 2365
"../../../Engine/Shaders/Private/PixelShaderOutputCommon.ush" 2366
"../../../Engine/Shaders/Private/ShaderOutputCommon.ush" 2367
"../../../Engine/Shaders/Private/VolumetricRenderTarget.usf" 2368
"../../../Engine/Shaders/Private/HeightFogCommon.ush" 2369
"../../../Engine/Shaders/Private/LocalFogVolumes/LocalFogVolumeCommon.ush" 2370
"../../../Engine/Shaders/Private/ReflectionEnvironmentShared.ush" 2371
"../../../Engine/Shaders/Private/VolumetricFogVoxelization.usf" 2372
"../../../Engine/Shaders/Private/VolumetricCloudMaterialPixelCommon.ush" 2373
"../../../Engine/Shaders/Private/VolumetricFogLightFunction.usf" 2374
"../../../Engine/Shaders/Private/LightFunctionCommon.ush" 2375
"../../../Engine/Shaders/Private/VolumetricFog.usf" 2376
"../../../Engine/Shaders/Private/DeferredLightingCommon.ush" 2377
"../../../Engine/Shaders/Private/DynamicLightingCommon.ush" 2378
"../../../Engine/Shaders/Private/CapsuleLightIntegrate.ush" 2379
"../../../Engine/Shaders/Private/CapsuleLightSampling.ush" 2380
"../../../Engine/Shaders/Private/RectLightIntegrate.ush" 2381
"../../../Engine/Shaders/Private/ScreenSpaceShadowRayCast.ush" 2382
"../../../Engine/Shaders/Private/LightFunctionAtlas/LightFunctionAtlasCommon.usf" 2383
"../../../Engine/Shaders/Private/HeterogeneousVolumes/HeterogeneousVolumesAdaptiveVolumetricShadowMapSampling.ush" 2384
"../../../Engine/Shaders/Private/HeterogeneousVolumes/HeterogeneousVolumesAdaptiveVolumetricShadowMapUtils.ush" 2385
"../../../Engine/Shaders/Private/HeterogeneousVolumes/HeterogeneousVolumesRayMarchingUtils.ush" 2386
"../../../Engine/Shaders/Private/HeterogeneousVolumes/HeterogeneousVolumesRayMarchingTypes.ush" 2387
"../../../Engine/Shaders/Private/PathTracing/Utilities/PathTracingRandomSequence.ush" 2388
"../../../Engine/Shaders/Private/HeterogeneousVolumes/HeterogeneousVolumesTracingUtils.ush" 2389
"../../../Engine/Shaders/Private/VelocityCommon.ush" 2390
"../../../Engine/Shaders/Private/HeterogeneousVolumes/HeterogeneousVolumesTransmittanceVolumeUtils.ush" 2391
"../../../Engine/Shaders/Private/ForwardShadowingCommon.ush" 2392
"../../../Engine/Shaders/Private/ShadowFilteringCommon.ush" 2393
"../../../Engine/Shaders/Private/PixelQuadMessagePassing.ush" 2394
"../../../Engine/Shaders/Private/VolumeLightingCommon.ush" 2395
"../../../Engine/Shaders/Private/ShadowProjectionCommon.ush" 2396
"../../../Engine/Shaders/Private/VolumeLightingCommonSampling.ush" 2397
"../../../Engine/Shaders/Private/Lumen/LumenTranslucencyVolumeShared.ush" 2398
"../../../Engine/Shaders/Private/Lumen/LumenRadianceCacheInterpolation.ush" 2399
"../../../Engine/Shaders/Private/HeterogeneousVolumes/HeterogeneousVolumesAdaptiveVolumetricShadowMapSampler.ush" 2400
"../../../Engine/Shaders/Private/LightGridCommon.ush" 2401
"../../../Engine/Shaders/Private/DistanceFieldAOShared.ush" 2402
"../../../Engine/Shaders/Private/IntersectionUtils.ush" 2403
"../../../Engine/Shaders/Private/VolumetricLightmapShared.ush" 2404
"../../../Engine/Shaders/Private/LightDataUniforms.ush" 2405
"../../../Engine/Shaders/Private/VirtualShadowMaps/VirtualShadowMapProjectionCommon.ush" 2406
"../../../Engine/Shaders/Private/VirtualShadowMaps/VirtualShadowMapPageAccessCommon.ush" 2407
"../../../Engine/Shaders/Shared/VirtualShadowMapDefinitions.h" 2408
"../../../Engine/Shaders/Shared/HLSLMathAliases.h" 2409
"../../../Engine/Shaders/Private/VirtualShadowMaps/VirtualShadowMapProjectionStructs.ush" 2410
"../../../Engine/Shaders/Private/VolumetricCloudCommon.ush" 2411
"../../../Engine/Shaders/Private/VolumetricCloud.usf" 2412
"../../../Engine/Shaders/Private/VisualizeVolumetricLightmap.usf" 2413
"../../../Engine/Shaders/Private/VirtualShadowMaps/VirtualShadowMapProjectionComposite.usf" 2414
"../../../Engine/Shaders/Private/LightShaderParameters.ush" 2415
"../../../Engine/Shaders/Private/VirtualShadowMaps/VirtualShadowMapMaskBitsCommon.ush" 2416
"../../../Engine/Shaders/Private/VirtualShadowMaps/VirtualShadowMapLightGrid.ush" 2417
"../../../Engine/Shaders/Private/VirtualShadowMaps/VirtualShadowMapProjection.usf" 2418
"../../../Engine/Shaders/Private/Visualization.ush" 2419
"../../../Engine/Shaders/Private/VirtualShadowMaps/VirtualShadowMapProjectionFilter.ush" 2420
"../../../Engine/Shaders/Private/VirtualShadowMaps/VirtualShadowMapProjectionDirectional.ush" 2421
"../../../Engine/Shaders/Private/VirtualShadowMaps/VirtualShadowMapSMRTCommon.ush" 2422
"../../../Engine/Shaders/Private/VirtualShadowMaps/VirtualShadowMapSMRTTemplate.ush" 2423
"../../../Engine/Shaders/Private/VirtualShadowMaps/VirtualShadowMapProjectionSpot.ush" 2424
"../../../Engine/Shaders/Private/VirtualShadowMaps/VirtualShadowMapTransmissionCommon.ush" 2425
"../../../Engine/Shaders/Private/VirtualShadowMaps/VirtualShadowMapScreenRayTrace.ush" 2426
"../../../Engine/Shaders/Private/VirtualShadowMaps/VirtualShadowMapStats.ush" 2427
"../../../Engine/Shaders/Private/HairStrands/HairStrandsVoxelPageCommon.ush" 2428
"../../../Engine/Shaders/Private/HairStrands/HairStrandsVoxelPageTraversal.ush" 2429
"../../../Engine/Shaders/Private/VirtualShadowMaps/VirtualShadowMapCacheGPUInvalidation.usf" 2430
"../../../Engine/Shaders/Private/VirtualShadowMaps/VirtualShadowMapPageCacheCommon.ush" 2431
"../../../Engine/Shaders/Private/VirtualShadowMaps/VirtualShadowMapCacheInvalidation.ush" 2432
"../../../Engine/Shaders/Private/VirtualShadowMaps/VirtualShadowMapPageOverlap.ush" 2433
"../../../Engine/Shaders/Private/ScreenSpaceDenoise/SSDDefinitions.ush" 2434
"../../../Engine/Shaders/Private/InstanceCulling/InstanceCullingLoadBalancer.ush" 2435
"../../../Engine/Shaders/Private/VirtualShadowMaps/VirtualShadowMapCacheLoadBalancer.usf" 2436
"../../../Engine/Shaders/Private/VirtualShadowMaps/VirtualShadowMapCopyStats.usf" 2437
"../../../Engine/Shaders/Private/VirtualShadowMaps/VirtualShadowMapDebug.usf" 2438
"../../../Engine/Shaders/Private/VirtualShadowMaps/Desaturate.usf" 2439
"../../../Engine/Shaders/Private/VirtualShadowMaps/VirtualShadowMapPhysicalPageManagement.usf" 2440
"../../../Engine/Shaders/Private/ReductionCommon.ush" 2441
"../../../Engine/Shaders/Private/GPUMessaging.ush" 2442
"../../../Engine/Shaders/Private/VirtualShadowMaps/VirtualShadowMapPerPageDispatch.ush" 2443
"../../../Engine/Shaders/Private/VirtualShadowMaps/VirtualShadowMapCompactViews.usf" 2444
"../../../Engine/Shaders/Shared/SceneCullingDefinitions.h" 2445
"../../../Engine/Shaders/Private/VirtualShadowMaps/VirtualShadowMapBuildPerPageDrawCommands.usf" 2446
"../../../Engine/Shaders/Private/Nanite/NaniteCullingCommon.ush" 2447
"../../../Engine/Shaders/Private/Nanite/NaniteCulling.ush" 2448
"../../../Engine/Shaders/Private/Nanite/NaniteHierarchyTraversalCommon.ush" 2449
"../../../Engine/Shaders/Private/InstanceCulling/InstanceCullingCommon.ush" 2450
"../../../Engine/Shaders/Shared/InstanceCullingDefinitions.h" 2451
"../../../Engine/Shaders/Private/VirtualShadowMaps/VirtualShadowMapPrintStats.usf" 2452
"../../../Engine/Shaders/Private/VirtualShadowMaps/VirtualShadowMapPageManagement.usf" 2453
"../../../Engine/Shaders/Private/VirtualShadowMaps/VirtualShadowMapPageMarking.usf" 2454
"../../../Engine/Shaders/Shared/SingleLayerWaterDefinitions.h" 2455
"../../../Engine/Shaders/Private/HairStrands/HairStrandsTileCommon.ush" 2456
"../../../Engine/Shaders/Private/Froxel/Froxel.ush" 2457
"../../../Engine/Shaders/Shared/FroxelDefinitions.h" 2458
"../../../Engine/Shaders/Private/DiaphragmDOF/DOFCommon.ush" 2459
"../../../Engine/Shaders/Private/VariableRateShading/VRSShadingRatePreview.usf" 2460
"../../../Engine/Shaders/Private/VariableRateShading/VRSShadingRateCommon.ush" 2461
"../../../Engine/Shaders/Private/VariableRateShading/VRSShadingRateCombine.usf" 2462
"../../../Engine/Shaders/Private/VariableRateShading/VRSShadingRateFoveated.usf" 2463
"../../../Engine/Shaders/Private/VariableRateShading/VRSShadingRateReproject.usf" 2464
"../../../Engine/Shaders/Private/VariableRateShading/VRSShadingRateCalculate.usf" 2465
"../../../Engine/Shaders/Private/TranslucencyUpsampling.usf" 2466
"../../../Engine/Shaders/Private/ComposeSeparateTranslucency.usf" 2467
"../../../Engine/Shaders/Private/SeparateTranslucency.ush" 2468
"../../../Engine/Shaders/Private/TranslucentLightInjectionShaders.usf" 2469
"../../../Engine/Shaders/Private/TranslucentShadowDepthShaders.usf" 2470
"../../../Engine/Shaders/Private/ShadowDepthCommon.ush" 2471
"../../../Engine/Shaders/Private/RayTracing/RayTracingTest.usf" 2472
"../../../Engine/Shaders/Private/PostprocessSubsurfaceTile.usf" 2473
"../../../Engine/Shaders/Private/PostProcessSubsurfaceCommon.ush" 2474
"../../../Engine/Shaders/Private/Substrate/SubstrateVisualize.usf" 2475
"../../../Engine/Shaders/Private/Substrate/SubstrateTile.ush" 2476
"../../../Engine/Shaders/Shared/SubstrateVisualizeDefinitions.h" 2477
"../../../Engine/Shaders/Private/Substrate/SubstrateVisualizeCommon.ush" 2478
"../../../Engine/Shaders/Private/SkyLightingDiffuseShared.ush" 2479
"../../../Engine/Shaders/Private/SkyLightingShared.ush" 2480
"../../../Engine/Shaders/Private/ClearCoatCommon.ush" 2481
"../../../Engine/Shaders/Private/ReflectionEnvironmentComposite.ush" 2482
"../../../Engine/Shaders/Private/Substrate/SubstrateLightingCommon.ush" 2483
"../../../Engine/Shaders/Private/Substrate/SubstrateRoughRefraction.usf" 2484
"../../../Engine/Shaders/Private/PathTracing/Material/PathTracingFresnel.ush" 2485
"../../../Engine/Shaders/Private/PathTracing/Material/PathTracingGlossy.ush" 2486
"../../../Engine/Shaders/Private/Substrate/SubstrateMaterialSampling.usf" 2487
"../../../Engine/Shaders/Private/Substrate/SubstrateMaterialSampling.ush" 2488
"../../../Engine/Shaders/Private/Lumen/LumenPosition.ush" 2489
"../../../Engine/Shaders/Private/Substrate/SubstrateTile.usf" 2490
"../../../Engine/Shaders/Private/Substrate/SubstrateMaterialClassification.usf" 2491
"../../../Engine/Shaders/Private/Substrate/SubstrateDBuffer.usf" 2492
"../../../Engine/Shaders/Private/StochasticLighting/StochasticLightingDenoising.usf" 2493
"../../../Engine/Shaders/Private/Lumen/LumenMaterial.ush" 2494
"../../../Engine/Shaders/Private/StochasticLighting/StochasticLightingCommon.ush" 2495
"../../../Engine/Shaders/Private/SplineMeshSceneTexture.usf" 2496
"../../../Engine/Shaders/Private/SparseVolumeTexture/VisualizeSparseVolumeTexture.usf" 2497
"../../../Engine/Shaders/Private/SkyAtmosphere.usf" 2498
"../../../Engine/Shaders/Private/Skinning/SkinnedMeshDebug.usf" 2499
"../../../Engine/Shaders/Private/Skinning/AnimBankEval.usf" 2500
"../../../Engine/Shaders/Private/SingleLayerWaterComposite.usf" 2501
"../../../Engine/Shaders/Private/Froxel/FroxelBuild.ush" 2502
"../../../Engine/Shaders/Private/SingleLayerWaterRefractionCulling.usf" 2503
"../../../Engine/Shaders/Private/ScreenSpaceShadows.usf" 2504
"../../../Engine/Shaders/Private/bend_sss_gpu.ush" 2505
"../../../Engine/Shaders/Private/ShadowFactorsUpsampleCommon.ush" 2506
"../../../Engine/Shaders/Private/FirstPersonSelfShadow.usf" 2507
"../../../Engine/Shaders/Private/HZBTracing.ush" 2508
"../../../Engine/Shaders/Private/ShadowProjectionVertexShader.usf" 2509
"../../../Engine/Shaders/Private/ShadowProjectionPixelShader.usf" 2510
"../../../Engine/Shaders/Private/MobileLightingCommon.ush" 2511
"../../../Engine/Shaders/Private/PlanarReflectionShared.ush" 2512
"../../../Engine/Shaders/Private/MobileSSR.ush" 2513
"../../../Engine/Shaders/Private/SSRT/SSRTRayCast.ush" 2514
"../../../Engine/Shaders/Private/ShadowPercentageCloserFiltering.ush" 2515
"../../../Engine/Shaders/Private/TransmissionThickness.ush" 2516
"../../../Engine/Shaders/Private/CopyShadowMaps.usf" 2517
"../../../Engine/Shaders/Private/ShadowDepthPixelShader.usf" 2518
"../../../Engine/Shaders/Private/ShadowDepthVertexShader.usf" 2519
"../../../Engine/Shaders/Private/ShadingEnergyConservationTable.usf" 2520
"../../../Engine/Shaders/Shared/PathTracingDefinitions.h" 2521
"../../../Engine/Shaders/Private/ShadingFurnaceTest.usf" 2522
"../../../Engine/Shaders/Private/Substrate/SubstrateDeferredLighting.ush" 2523
"../../../Engine/Shaders/Private/ShaderPrintDraw.usf" 2524
"../../../Engine/Shaders/Private/ShaderPrintDrawPrimitive.usf" 2525
"../../../Engine/Shaders/Private/DefaultSSRTiles.usf" 2526
"../../../Engine/Shaders/Private/ScreenSpaceReflectionTileCommons.ush" 2527
"../../../Engine/Shaders/Private/SSRT/SSRTDiffuseIndirect.usf" 2528
"../../../Engine/Shaders/Private/SSRT/SSRTTileClassificationBuffer.ush" 2529
"../../../Engine/Shaders/Private/SSRT/SSRTReflections.usf" 2530
"../../../Engine/Shaders/Private/ScreenSpaceDenoise/SSDPublic.ush" 2531
"../../../Engine/Shaders/Private/SSRT/SSRTTileClassification.usf" 2532
"../../../Engine/Shaders/Private/SSRT/SSRTPrevFrameReduction.usf" 2533
"../../../Engine/Shaders/Private/ScreenSpaceDenoise/SSDComposeHarmonics.usf" 2534
"../../../Engine/Shaders/Private/ScreenSpaceDenoise/SSDPublicHarmonics.ush" 2535
"../../../Engine/Shaders/Private/ScreenSpaceDenoise/SSDSignalFramework.ush" 2536
"../../../Engine/Shaders/Private/ScreenSpaceDenoise/SSDCommon.ush" 2537
"../../../Engine/Shaders/Private/SphericalGaussian.ush" 2538
"../../../Engine/Shaders/Public/WaveBroadcastIntrinsics.ush" 2539
"../../../Engine/Shaders/Private/ScreenSpaceDenoise/SSDMetadata.ush" 2540
"../../../Engine/Shaders/Private/ScreenSpaceDenoise/SSDSignalCore.ush" 2541
"../../../Engine/Shaders/Private/ScreenSpaceDenoise/DenoisingCommon.ush" 2542
"../../../Engine/Shaders/Private/ScreenSpaceDenoise/SSDSignalArray.ush" 2543
"../../../Engine/Shaders/Private/ScreenSpaceDenoise/SSDSignalBufferEncoding.ush" 2544
"../../../Engine/Shaders/Private/ScreenSpaceDenoise/SSDPublicBufferEncoding.ush" 2545
"../../../Engine/Shaders/Private/Lumen/LumenBufferEncoding.ush" 2546
"../../../Engine/Shaders/Private/ScreenSpaceDenoise/SSDTemporalAccumulation.usf" 2547
"../../../Engine/Shaders/Private/ScreenSpaceDenoise/SSDSpatialKernel.ush" 2548
"../../../Engine/Shaders/Private/ScreenSpaceDenoise/SSDSignalAccumulatorArray.ush" 2549
"../../../Engine/Shaders/Private/ScreenSpaceDenoise/SSDSignalAccumulator.ush" 2550
"../../../Engine/Shaders/Private/ScreenSpaceDenoise/SSDSignalCompression.ush" 2551
"../../../Engine/Shaders/Private/ScreenSpaceDenoise/SSDSpatialAccumulation.usf" 2552
"../../../Engine/Shaders/Private/ScreenSpaceDenoise/SSDInjest.usf" 2553
"../../../Engine/Shaders/Private/ScreenSpaceDenoise/SSDCompressMetadata.usf" 2554
"../../../Engine/Shaders/Private/DownsampleDepthPixelShader.usf" 2555
"../../../Engine/Shaders/Private/ScreenPass.usf" 2556
"../../../Engine/Shaders/Private/HZB.usf" 2557
"../../../Engine/Shaders/Private/OcclusionFeedbackShaders.usf" 2558
"../../../Engine/Shaders/Private/HZBOcclusion.usf" 2559
"../../../Engine/Shaders/Private/OcclusionQueryPixelShader.usf" 2560
"../../../Engine/Shaders/Private/OcclusionQueryVertexShader.usf" 2561
"../../../Engine/Shaders/Private/HitProxyCopy.usf" 2562
"../../../Engine/Shaders/Private/HitProxyPixelShader.usf" 2563
"../../../Engine/Shaders/Private/HitProxyVertexShader.usf" 2564
"../../../Engine/Shaders/Private/SceneCulling/SceneCullingDebugRender.usf" 2565
"../../../Engine/Shaders/Private/SceneCulling/SceneCulling.ush" 2566
"../../../Engine/Shaders/Private/SceneCulling/SceneCullingBuildExplicitBounds.usf" 2567
"../../../Engine/Shaders/Private/SceneCapturePixelShader.usf" 2568
"../../../Engine/Shaders/Private/RendererUtils.usf" 2569
"../../../Engine/Shaders/Private/RTWriteMaskDecode.usf" 2570
"../../../Engine/Shaders/Private/ReflectionEnvironmentShaders.usf" 2571
"../../../Engine/Shaders/Private/RectLightAtlas.usf" 2572
"../../../Engine/Shaders/Private/RayTracing/TraceRayInlineStatistics.usf" 2573
"../../../Engine/Shaders/Private/RayTracing/CompositeSkyLightPS.usf" 2574
"../../../Engine/Shaders/Private/RayTracing/GenerateSkyLightVisibilityRaysCS.usf" 2575
"../../../Engine/Shaders/Private/RayTracing/RayTracingSkyLightCommon.ush" 2576
"../../../Engine/Shaders/Private/RayTracing/SkyLightVisibilityRaysData.ush" 2577
"../../../Engine/Shaders/Private/Raytracing/RaytracingSkylightRGS.usf" 2578
"../../../Engine/Shaders/Private/HairStrands/HairStrandsRaytracing.ush" 2579
"../../../Engine/Shaders/Private/Raytracing/RayTracingSkyLightEvaluation.ush" 2580
"../../../Engine/Shaders/Private/Raytracing/RayTracingDeferredShadingCommon.ush" 2581
"../../../Engine/Shaders/Private/RayTracing/RayTracingOcclusionRGS.usf" 2582
"../../../Engine/Shaders/Private/RayTracing/RayTracingDirectionalLight.ush" 2583
"../../../Engine/Shaders/Private/RayTracing/RayTracingRectLight.ush" 2584
"../../../Engine/Shaders/Private/RayTracing/RayTracingSphereLight.ush" 2585
"../../../Engine/Shaders/Private/RayTracing/RayTracingCapsuleLight.ush" 2586
"../../../Engine/Shaders/Private/Raytracing/RayTracingFeedback.usf" 2587
"../../../Engine/Shaders/Shared/RayTracingDebugTypes.h" 2588
"../../../Engine/Shaders/Private/RayTracing/RayTracingPrimaryRays.usf" 2589
"../../../Engine/Shaders/Private/RayTracing/RayTracingLightingCommon.ush" 2590
"../../../Engine/Shaders/Private/RayTracing/RayTracingLightCullingCommon.ush" 2591
"../../../Engine/Shaders/Private/RayTracing/RayTracingMaterialDefaultHitShaders.usf" 2592
"../../../Engine/Shaders/Private/RayTracing/RayTracingMaterialHitShaders.usf" 2593
"../../../Engine/Shaders/Private/RayTracing/RayTracingShaderUtils.ush" 2594
"../../../Engine/Shaders/Private/RayTracing/RayTracingCalcInterpolants.ush" 2595
"../../../Engine/Shaders/Private/LightmapCommon.ush" 2596
"../../../Engine/Shaders/Private/Lumen/LumenHardwareRayTracingPayloadCommon.ush" 2597
"../../../Engine/Shaders/Shared/LumenDefinitions.h" 2598
"../../../Engine/Shaders/Private/Substrate/SubstrateExport.ush" 2599
"../../../Engine/Shaders/Private/RayTracing/RayTracingLightingMS.usf" 2600
"../../../Engine/Shaders/Private/Lumen/LumenDiffuseColorBoost.ush" 2601
"../../../Engine/Shaders/Private/RayTracing/RayTracingLightFunctionCommon.ush" 2602
"../../../Engine/Shaders/Private/RayTracing/RayTracingBuildLightGrid.usf" 2603
"../../../Engine/Shaders/Private/Raytracing/RayTracingInstanceBufferUtil.usf" 2604
"../../../Engine/Shaders/Private/RayTracing/RayTracingDynamicMesh.usf" 2605
"../../../Engine/Shaders/Private/RayTracing/RayTracingDefaultDecalHitShader.usf" 2606
"../../../Engine/Shaders/Private/RayTracing/RayTracingDecalMaterialShader.usf" 2607
"../../../Engine/Shaders/Private/PathTracing/PathTracingShaderUtils.ush" 2608
"../../../Engine/Shaders/Private/PathTracing/PathTracingCommon.ush" 2609
"../../../Engine/Shaders/Private/PathTracing/Material/PathTracingMaterialCommon.ush" 2610
"../../../Engine/Shaders/Private/PathTracing/Utilities/PathTracingRIS.ush" 2611
"../../../Engine/Shaders/Private/RayTracing/RayTracingBuildDecalGrid.usf" 2612
"../../../Engine/Shaders/Private/RayTracing/RayTracingDebugHitStatsUtils.usf" 2613
"../../../Engine/Shaders/Private/RayTracing/RayTracingDebugInstanceOverlap.usf" 2614
"../../../Engine/Shaders/Private/RayTracing/RayTracingDebugPicking.usf" 2615
"../../../Engine/Shaders/Private/RayTracing/RayTracingDebugUtils.ush" 2616
"../../../Engine/Shaders/Private/RayTracing/RayTracingDebugTraversal.usf" 2617
"../../../Engine/Shaders/Private/RayTracing/RayTracingDeferredMaterials.ush" 2618
"../../../Engine/Shaders/Shared/ThirdParty/AMD/ags_shader_intrinsics_dx12.h" 2619
"../../../Engine/Shaders/Shared/RayTracingDebugDefinitions.h" 2620
"../../../Engine/Shaders/Private/RayTracing/RayTracingDebugHitStatsCHS.usf" 2621
"../../../Engine/Shaders/Private/RayTracing/RayTracingDebugHitStats.usf" 2622
"../../../Engine/Shaders/Private/RayTracing/RayTracingDebugMS.usf" 2623
"../../../Engine/Shaders/Private/RayTracing/RayTracingDebugCHS.usf" 2624
"../../../Engine/Shaders/Private/RayTracing/RayTracingDebug.usf" 2625
"../../../Engine/Shaders/Private/RayTracing/RayTracingBuiltInShaders.usf" 2626
"../../../Engine/Shaders/Private/RayTracing/RayTracingBarycentrics.usf" 2627
"../../../Engine/Shaders/Private/RayTracing/RayTracingAmbientOcclusionRGS.usf" 2628
"../../../Engine/Shaders/Private/VisualizeShadingModels.usf" 2629
"../../../Engine/Shaders/Private/MotionBlur/VisualizeMotionVectors.usf" 2630
"../../../Engine/Shaders/Private/TemporalSuperResolution/TSRVisualize.usf" 2631
"../../../Engine/Shaders/Private/TemporalSuperResolution/TSRColorSpace.ush" 2632
"../../../Engine/Shaders/Private/TemporalSuperResolution/TSRCommon.ush" 2633
"../../../Engine/Shaders/Public/DualPixelVectorization.ush" 2634
"../../../Engine/Shaders/Private/TemporalSuperResolution/TSRReprojectionField.ush" 2635
"../../../Engine/Shaders/Private/TemporalSuperResolution/TSRResolveHistory.usf" 2636
"../../../Engine/Shaders/Private/TemporalSuperResolution/TSRConvolutionNetwork.ush" 2637
"../../../Engine/Shaders/Private/TemporalSuperResolution/TSRKernels.ush" 2638
"../../../Engine/Shaders/Public/LaneVectorization.ush" 2639
"../../../Engine/Shaders/Private/TemporalSuperResolution/TSRUpdateHistory.usf" 2640
"../../../Engine/Shaders/Private/TemporalSuperResolution/TSRSpatialAntiAliasing.ush" 2641
"../../../Engine/Shaders/Private/TemporalSuperResolution/TSRSpatialAntiAliasing.usf" 2642
"../../../Engine/Shaders/Private/TemporalSuperResolution/TSRRejectShading.usf" 2643
"../../../Engine/Shaders/Private/TemporalSuperResolution/TSRShadingAnalysis.ush" 2644
"../../../Engine/Shaders/Private/TemporalSuperResolution/TSRConvolutionNetworkPass.ush" 2645
"../../../Engine/Shaders/Private/TemporalSuperResolution/TSRDecimateHistory.usf" 2646
"../../../Engine/Shaders/Private/TemporalSuperResolution/TSRDepthVelocityAnalysis.ush" 2647
"../../../Engine/Shaders/Private/TemporalSuperResolution/TSRClosestOccluder.ush" 2648
"../../../Engine/Shaders/Private/TemporalSuperResolution/TSRWeightRelaxation.usf" 2649
"../../../Engine/Shaders/Private/TemporalSuperResolution/TSRThinGeometryCommon.ush" 2650
"../../../Engine/Shaders/Private/TemporalSuperResolution/TSRDetectThinGeometry.usf" 2651
"../../../Engine/Shaders/Private/TemporalSuperResolution/TSRDilateVelocity.usf" 2652
"../../../Engine/Shaders/Private/MotionBlur/MotionBlurVelocityFlatten.ush" 2653
"../../../Engine/Shaders/Private/MotionBlur/MotionBlurCommon.ush" 2654
"../../../Engine/Shaders/Private/TemporalSuperResolution/TSRClearPrevTextures.usf" 2655
"../../../Engine/Shaders/Private/TemporalSuperResolution/TSRMeasureCoverage.usf" 2656
"../../../Engine/Shaders/Private/TemporalSuperResolution/TSRMeasureFlickeringLuma.usf" 2657
"../../../Engine/Shaders/Private/TemporalAA.usf" 2658
"../../../Engine/Shaders/Private/FilterPixelShader.usf" 2659
"../../../Engine/Shaders/Private/FilterVertexShader.usf" 2660
"../../../Engine/Shaders/Private/VisualizeVirtualTexture.usf" 2661
"../../../Engine/Shaders/Private/PostProcessVisualizeBuffer.usf" 2662
"../../../Engine/Shaders/Private/PostProcessVisualizeLocalExposure.usf" 2663
"../../../Engine/Shaders/Private/PostProcessHistogramCommon.ush" 2664
"../../../Engine/Shaders/Private/TonemapCommon.ush" 2665
"../../../Engine/Shaders/Private/ACES/ACESCommon.ush" 2666
"../../../Engine/Shaders/Private/ACES/ACESOutputTransform.ush" 2667
"../../../Engine/Shaders/Private/ACES/ACESUtilities.ush" 2668
"../../../Engine/Shaders/Private/ACES/ACESTonescale.ush" 2669
"../../../Engine/Shaders/Private/ACES/ACESDisplayEncoding.ush" 2670
"../../../Engine/Shaders/Private/ACES/ACES_v1.3.ush" 2671
"../../../Engine/Shaders/Private/PostProcessVisualizeLevelInstance.usf" 2672
"../../../Engine/Shaders/Private/PostProcessVisualizeHDR.usf" 2673
"../../../Engine/Shaders/Private/ShaderComplexityApplyPixelShader.usf" 2674
"../../../Engine/Shaders/Private/QuadOverdraw.ush" 2675
"../../../Engine/Shaders/Private/PostProcessUpscale.usf" 2676
"../../../Engine/Shaders/Private/PostProcessTonemap.usf" 2677
"../../../Engine/Shaders/Private/PostProcessing/FilmGrainPackConstants.usf" 2678
"../../../Engine/Shaders/Private/PostProcessing/FilmGrainReduce.usf" 2679
"../../../Engine/Shaders/Private/PostProcessTestImage.usf" 2680
"../../../Engine/Shaders/Private/PostProcessSubsurface.usf" 2681
"../../../Engine/Shaders/Private/SeparableSSS.ush" 2682
"../../../Engine/Shaders/Private/SubsurfaceBurleyNormalized.ush" 2683
"../../../Engine/Shaders/Private/PostProcessSelectionOutline.usf" 2684
"../../../Engine/Shaders/Private/MotionBlur/MotionBlurVisualize.usf" 2685
"../../../Engine/Shaders/Private/MotionBlur/MotionBlurApply.usf" 2686
"../../../Engine/Shaders/Private/MotionBlur/MotionBlurFilterTileClassify.usf" 2687
"../../../Engine/Shaders/Private/MotionBlur/MotionBlurTileScatter.usf" 2688
"../../../Engine/Shaders/Private/MotionBlur/MotionBlurTileGather.usf" 2689
"../../../Engine/Shaders/Private/MotionBlur/MotionBlurVelocityFlatten.usf" 2690
"../../../Engine/Shaders/Private/PostProcessMobile.usf" 2691
"../../../Engine/Shaders/Private/PostProcessMitchellNetravali.usf" 2692
"../../../Engine/Shaders/Private/PostProcessMaterialShaders.usf" 2693
"../../../Engine/Shaders/Private/NeuralPostProcessCommon.usf" 2694
"../../../Engine/Shaders/Private/PostProcessLocalExposure.usf" 2695
"../../../Engine/Shaders/Private/PostProcessLensFlares.usf" 2696
"../../../Engine/Shaders/Private/PostProcessGBufferHints.usf" 2697
"../../../Engine/Shaders/Private/PostProcessHMD.usf" 2698
"../../../Engine/Shaders/Private/Histogram.usf" 2699
"../../../Engine/Shaders/Private/PostProcessHistogramReduce.usf" 2700
"../../../Engine/Shaders/Private/PostProcessHistogram.usf" 2701
"../../../Engine/Shaders/Private/Bloom/BloomFinalizeApplyConstants.usf" 2702
"../../../Engine/Shaders/Private/Bloom/BloomCommon.ush" 2703
"../../../Engine/Shaders/Private/Bloom/BloomResizeKernel.usf" 2704
"../../../Engine/Shaders/Private/Bloom/BloomDownsampleKernel.usf" 2705
"../../../Engine/Shaders/Private/Bloom/BloomClampKernel.usf" 2706
"../../../Engine/Shaders/Private/Bloom/BloomPackKernelConstants.usf" 2707
"../../../Engine/Shaders/Private/Bloom/BloomSumScatterDispersionEnergy.usf" 2708
"../../../Engine/Shaders/Private/Bloom/BloomReduceKernelSurvey.usf" 2709
"../../../Engine/Shaders/Private/Bloom/BloomSurveyKernelCenterEnergy.usf" 2710
"../../../Engine/Shaders/Private/Bloom/BloomSurveyMaxScatterDispersion.usf" 2711
"../../../Engine/Shaders/Private/Bloom/BloomFindKernelCenter.usf" 2712
"../../../Engine/Shaders/Private/PostProcessEyeAdaptation.usf" 2713
"../../../Engine/Shaders/Private/TranslucencyVolumeCommon.ush" 2714
"../../../Engine/Shaders/Private/PostProcessEyeAdaptationUtils.usf" 2715
"../../../Engine/Shaders/Private/PostProcessDownsample.usf" 2716
"../../../Engine/Shaders/Private/PostProcessDOF.usf" 2717
"../../../Engine/Shaders/Private/PostProcessDeviceEncodingOnly.usf" 2718
"../../../Engine/Shaders/Private/PostProcessCompositePrimitives.usf" 2719
"../../../Engine/Shaders/Private/PostProcessCombineLUTs.usf" 2720
"../../../Engine/Shaders/Private/PostProcessVisualizeDOF.usf" 2721
"../../../Engine/Shaders/Private/PostProcessBloom.usf" 2722
"../../../Engine/Shaders/Private/PostProcessAmbientOcclusionMobile.usf" 2723
"../../../Engine/Shaders/Private/PostProcessAmbientOcclusionCommon.ush" 2724
"../../../Engine/Shaders/Private/FXAAShader.usf" 2725
"../../../Engine/Shaders/Private/Fxaa3_11.ush" 2726
"../../../Engine/Shaders/Private/PaniniProjection.usf" 2727
"../../../Engine/Shaders/Private/DiaphragmDOF/DOFRecombine.usf" 2728
"../../../Engine/Shaders/Private/DiaphragmDOF/DOFHybridScatterPixelShader.usf" 2729
"../../../Engine/Shaders/Private/DiaphragmDOF/DOFHybridScatterCommon.ush" 2730
"../../../Engine/Shaders/Private/DiaphragmDOF/DOFVignetteCommon.ush" 2731
"../../../Engine/Shaders/Private/DiaphragmDOF/DOFHybridScatterVertexShader.usf" 2732
"../../../Engine/Shaders/Private/DiaphragmDOF/DOFPostfiltering.usf" 2733
"../../../Engine/Shaders/Private/DiaphragmDOF/DOFGatherTileSuggest.ush" 2734
"../../../Engine/Shaders/Private/DiaphragmDOF/DOFCocTileCommon.ush" 2735
"../../../Engine/Shaders/Private/DiaphragmDOF/DOFGatherPass.usf" 2736
"../../../Engine/Shaders/Private/DiaphragmDOF/DOFGatherCommon.ush" 2737
"../../../Engine/Shaders/Private/DiaphragmDOF/DOFGatherAccumulator.ush" 2738
"../../../Engine/Shaders/Private/DiaphragmDOF/DOFGatherKernel.ush" 2739
"../../../Engine/Shaders/Private/DiaphragmDOF/DOFBokehLUT.usf" 2740
"../../../Engine/Shaders/Private/DiaphragmDOF/DOFHybridScatterCompilation.usf" 2741
"../../../Engine/Shaders/Private/DiaphragmDOF/DOFReduce.usf" 2742
"../../../Engine/Shaders/Private/DiaphragmDOF/DOFDownsample.ush" 2743
"../../../Engine/Shaders/Private/DiaphragmDOF/DOFHybridScatterCompilation.ush" 2744
"../../../Engine/Shaders/Private/DiaphragmDOF/DOFDownsample.usf" 2745
"../../../Engine/Shaders/Private/DiaphragmDOF/DOFCocTileDilate.usf" 2746
"../../../Engine/Shaders/Private/DiaphragmDOF/DOFCocTileFlatten.usf" 2747
"../../../Engine/Shaders/Private/DiaphragmDOF/DOFSetup.usf" 2748
"../../../Engine/Shaders/Private/Tools/DebugAlphaChannel.usf" 2749
"../../../Engine/Shaders/Private/PostProcessAlphaInvert.usf" 2750
"../../../Engine/Shaders/Private/PlanarReflectionShaders.usf" 2751
"../../../Engine/Shaders/Private/PhysicsFieldVisualizer.usf" 2752
"../../../Engine/Shaders/Private/PathTracing/PathTracingSpatialTemporalDenoising.usf" 2753
"../../../Engine/Shaders/Private/ColorDifference.ush" 2754
"../../../Engine/Shaders/Private/PathTracing/PathTracingCompositingPixelShader.usf" 2755
"../../../Engine/Shaders/Private/PathTracing/PathTracingAdaptiveUtils.ush" 2756
"../../../Engine/Shaders/Private/PathTracing/PathTracingDefaultHitShader.usf" 2757
"../../../Engine/Shaders/Private/PathTracing/PathTracingGPULightmassMaterialHitShader.usf" 2758
"../../../Engine/Shaders/Private/PathTracing/PathTracingMaterialHitShader.usf" 2759
"../../../Engine/Shaders/Private/PathTracing/Material/PathTracingSubstrateCommon.ush" 2760
"../../../Engine/Shaders/Private/PathTracing/PathTracingLightingMissShader.usf" 2761
"../../../Engine/Shaders/Private/PathTracing/PathTracingMissShader.usf" 2762
"../../../Engine/Shaders/Private/PathTracing/PathTracingAdaptiveStart.usf" 2763
"../../../Engine/Shaders/Private/PathTracing/PathTracingBuildAdaptiveError.usf" 2764
"../../../Engine/Shaders/Private/PathTracing/PathTracingVolumetricCloudMaterialShader.usf" 2765
"../../../Engine/Shaders/Private/PathTracing/Volume/PathTracingCloudsMaterialCommon.ush" 2766
"../../../Engine/Shaders/Private/PathTracing/Volume/PathTracingVolumeCommon.ush" 2767
"../../../Engine/Shaders/Private/PathTracing/Volume/PathTracingCloudsCommon.ush" 2768
"../../../Engine/Shaders/Private/PathTracing/Volume/PathTracingFog.ush" 2769
"../../../Engine/Shaders/Private/PathTracing/Volume/PathTracingAtmosphere.ush" 2770
"../../../Engine/Shaders/Private/PathTracing/Volume/PathTracingAtmosphereCommon.ush" 2771
"../../../Engine/Shaders/Private/PathTracing/Volume/PathTracingVolumeSampling.ush" 2772
"../../../Engine/Shaders/Private/PathTracing/PathTracingBuildCloudAccelerationMap.usf" 2773
"../../../Engine/Shaders/Private/PathTracing/PathTracingBuildAtmosphereLUT.usf" 2774
"../../../Engine/Shaders/Private/PathTracing/PathTracingSwizzleScanlines.usf" 2775
"../../../Engine/Shaders/Private/PathTracing/PathTracingInitExtinctionCoefficient.usf" 2776
"../../../Engine/Shaders/Private/PathTracing/PathTracingCopyDepth.usf" 2777
"../../../Engine/Shaders/Private/PathTracing/PathTracingDebug.usf" 2778
"../../../Engine/Shaders/Private/RayTracing/RayTracingDecalGrid.ush" 2779
"../../../Engine/Shaders/Private/PathTracing/Material/PathTracingMaterialSampling.ush" 2780
"../../../Engine/Shaders/Private/PathTracing/Material/PathTracingLambert.ush" 2781
"../../../Engine/Shaders/Private/PathTracing/Material/PathTracingSubstrate.ush" 2782
"../../../Engine/Shaders/Private/PathTracing/Material/PathTracingSubstrateFoliage.ush" 2783
"../../../Engine/Shaders/Private/PathTracing/Material/PathTracingSubstrateSolidGlass.ush" 2784
"../../../Engine/Shaders/Private/PathTracing/Material/PathTracingSubstrateThinGlass.ush" 2785
"../../../Engine/Shaders/Private/PathTracing/Material/PathTracingSolidGlass.ush" 2786
"../../../Engine/Shaders/Private/PathTracing/Material/PathTracingEnergyConservation.ush" 2787
"../../../Engine/Shaders/Private/PathTracing/Material/PathTracingThinGlass.ush" 2788
"../../../Engine/Shaders/Private/PathTracing/Material/PathTracingDefaultLit.ush" 2789
"../../../Engine/Shaders/Private/PathTracing/Material/PathTracingClearCoat.ush" 2790
"../../../Engine/Shaders/Private/PathTracing/Material/PathTracingTwoSidedFoliage.ush" 2791
"../../../Engine/Shaders/Private/PathTracing/Material/PathTracingCloth.ush" 2792
"../../../Engine/Shaders/Private/PathTracing/Material/PathTracingSubsurfaceProfile.ush" 2793
"../../../Engine/Shaders/Private/PathTracing/Material/PathTracingEye.ush" 2794
"../../../Engine/Shaders/Private/PathTracing/Material/PathTracingHair.ush" 2795
"../../../Engine/Shaders/Private/PathTracing/Material/PathTracingMedium.ush" 2796
"../../../Engine/Shaders/Private/PathTracing/Light/PathTracingLightSampling.ush" 2797
"../../../Engine/Shaders/Private/PathTracing/Light/PathTracingLightCommon.ush" 2798
"../../../Engine/Shaders/Private/PathTracing/Light/PathTracingDirectionalLight.ush" 2799
"../../../Engine/Shaders/Private/PathTracing/Light/PathTracingPointLight.ush" 2800
"../../../Engine/Shaders/Private/PathTracing/Light/PathTracingCapsuleLight.ush" 2801
"../../../Engine/Shaders/Private/PathTracing/Light/PathTracingRectLight.ush" 2802
"../../../Engine/Shaders/Private/PathTracing/Light/PathTracingSkyLight.ush" 2803
"../../../Engine/Shaders/Private/PathTracing/Light/PathTracingLightGrid.ush" 2804
"../../../Engine/Shaders/Private/PathTracing/PathTracing.usf" 2805
"../../../Engine/Shaders/Private/PathTracing/PathTracingCore.ush" 2806
"../../../Engine/Shaders/Private/HeterogeneousVolumes/HeterogeneousVolumesVoxelGridTypes.ush" 2807
"../../../Engine/Shaders/Private/PathTracing/Volume/PathTracingVolume.ush" 2808
"../../../Engine/Shaders/Private/PathTracing/Volume/PathTracingClouds.ush" 2809
"../../../Engine/Shaders/Private/PathTracing/Volume/PathTracingHeterogeneousVolumes.ush" 2810
"../../../Engine/Shaders/Private/HeterogeneousVolumes/HeterogeneousVolumesVoxelGridTraversal.ush" 2811
"../../../Engine/Shaders/Private/HeterogeneousVolumes/HeterogeneousVolumesVoxelGridUtils.ush" 2812
"../../../Engine/Shaders/Private/HeterogeneousVolumes/HeterogeneousVolumesFrustumVoxelGridUtils.ush" 2813
"../../../Engine/Shaders/Private/PathTracing/PathTracingBuildLightGrid.usf" 2814
"../../../Engine/Shaders/Private/PathTracing/PathTracingSkylightMISCompensation.usf" 2815
"../../../Engine/Shaders/Private/PathTracing/PathTracingSkylightPrepare.usf" 2816
"../../../Engine/Shaders/Private/OIT/OITSorting.usf" 2817
"../../../Engine/Shaders/Private/OITCombine.usf" 2818
"../../../Engine/Shaders/Private/OITCommon.ush" 2819
"../../../Engine/Shaders/Private/Nanite/Voxel/RasterizeBricks.usf" 2820
"../../../Engine/Shaders/Private/Nanite/Voxel/Brick.ush" 2821
"../../../Engine/Shaders/Private/Nanite/Voxel/Voxel.ush" 2822
"../../../Engine/Shaders/Private/Nanite/Voxel/ScatterBricks.usf" 2823
"../../../Engine/Shaders/Private/Nanite/Voxel/TileBricks.usf" 2824
"../../../Engine/Shaders/Private/Nanite/Voxel/AutoVoxel.usf" 2825
"../../../Engine/Shaders/Private/Nanite/NaniteDebugViews.usf" 2826
"../../../Engine/Shaders/Private/Nanite/NaniteEditorCommon.ush" 2827
"../../../Engine/Shaders/Private/BinarySearch.ush" 2828
"../../../Engine/Shaders/Private/Nanite/NaniteDepthDecode.usf" 2829
"../../../Engine/Shaders/Private/HTileEncoding.ush" 2830
"../../../Engine/Shaders/Private/Nanite/NaniteVisualize.usf" 2831
"../../../Engine/Shaders/Private/Nanite/NaniteStreamOut.usf" 2832
"../../../Engine/Shaders/Private/Nanite/NaniteHierarchyTraversal.ush" 2833
"../../../Engine/Shaders/Private/Nanite/NaniteSkinningUpdateViewData.usf" 2834
"../../../Engine/Shaders/Private/Skinning/TransformProviders.usf" 2835
"../../../Engine/Shaders/Private/Nanite/NaniteShadeBinning.usf" 2836
"../../../Engine/Shaders/Private/Nanite/NaniteShadeCommon.ush" 2837
"../../../Engine/Shaders/Private/Nanite/NaniteFastClear.usf" 2838
"../../../Engine/Shaders/Private/Nanite/NaniteExportGBuffer.usf" 2839
"../../../Engine/Shaders/Private/Nanite/NaniteClusterCulling.usf" 2840
"../../../Engine/Shaders/Private/Nanite/NanitePrintStats.usf" 2841
"../../../Engine/Shaders/Private/Nanite/NaniteRasterizer.usf" 2842
"../../../Engine/Shaders/Private/Nanite/NaniteRasterizationCommon.ush" 2843
"../../../Engine/Shaders/Private/Nanite/NaniteRasterizer.ush" 2844
"../../../Engine/Shaders/Private/Nanite/NaniteWritePixel.ush" 2845
"../../../Engine/Shaders/Private/Nanite/NaniteTessellation.ush" 2846
"../../../Engine/Shaders/Private/WorkDistribution.ush" 2847
"../../../Engine/Shaders/Private/Nanite/NaniteDice.ush" 2848
"../../../Engine/Shaders/Private/ShaderBundleWorkGraphCommon.ush" 2849
"../../../Engine/Shaders/Public/RootConstants.ush" 2850
"../../../Engine/Shaders/Public/Platform/D3D/D3DRootConstants.ush" 2851
"../../../Engine/Shaders/Private/Nanite/NaniteSplit.usf" 2852
"../../../Engine/Shaders/Private/Nanite/NaniteRasterBinning.usf" 2853
"../../../Engine/Shaders/Private/Nanite/NaniteInstanceCulling.usf" 2854
"../../../Engine/Shaders/Private/Nanite/NaniteImposter.ush" 2855
"../../../Engine/Shaders/Private/Nanite/NaniteInstanceHierarchyCulling.usf" 2856
"../../../Engine/Shaders/Private/WorkGroupLoadBalancer.ush" 2857
"../../../Engine/Shaders/Private/Nanite/NanitePrimitiveFilter.usf" 2858
"../../../Engine/Shaders/Private/Nanite/NaniteRasterClear.usf" 2859
"../../../Engine/Shaders/Private/Nanite/NaniteDepthExport.usf" 2860
"../../../Engine/Shaders/Private/Nanite/NaniteEmitShadow.usf" 2861
"../../../Engine/Shaders/Private/MobileDeferredUtils.usf" 2862
"../../../Engine/Shaders/Private/MobileLocalLightsBuffer.usf" 2863
"../../../Engine/Shaders/Private/MobileFog.usf" 2864
"../../../Engine/Shaders/Private/DistortApplyScreenPS.usf" 2865
"../../../Engine/Shaders/Private/MobileDeferredShading.usf" 2866
"../../../Engine/Shaders/Private/MobileBasePassPixelShader.usf" 2867
"../../../Engine/Shaders/Private/MobileBasePassCommon.ush" 2868
"../../../Engine/Shaders/Private/BasePassCommon.ush" 2869
"../../../Engine/Shaders/Private/ShadingModelsMaterial.ush" 2870
"../../../Engine/Shaders/Private/ThinTranslucentCommon.ush" 2871
"../../../Engine/Shaders/Private/SingleLayerWaterShading.ush" 2872
"../../../Engine/Shaders/Private/DistortionCommon.ush" 2873
"../../../Engine/Shaders/Private/Substrate/SubstrateMobileForwardLighting.ush" 2874
"../../../Engine/Shaders/Private/MobileBasePassVertexShader.usf" 2875
"../../../Engine/Shaders/Private/MeshEdges.usf" 2876
"../../../Engine/Shaders/Private/MegaLights/MegaLightsVSMTracing.usf" 2877
"../../../Engine/Shaders/Private/MegaLights/MegaLights.ush" 2878
"../../../Engine/Shaders/Shared/MegaLightsDefinitions.h" 2879
"../../../Engine/Shaders/Private/HairStrands/HairStrandsVisibilityUtils.ush" 2880
"../../../Engine/Shaders/Private/MegaLights/MegaLightsRayTracing.ush" 2881
"../../../Engine/Shaders/Private/MegaLights/MegaLightsRayTracing.usf" 2882
"../../../Engine/Shaders/Private/DistanceField/GlobalDistanceFieldUtils.ush" 2883
"../../../Engine/Shaders/Private/Lumen/LumenScreenTracing.ush" 2884
"../../../Engine/Shaders/Private/MegaLights/MegaLightsVolumeRayTracing.usf" 2885
"../../../Engine/Shaders/Private/MegaLights/MegaLightsVolume.ush" 2886
"../../../Engine/Shaders/Private/MegaLights/MegaLightsVolumeHardwareRayTracing.usf" 2887
"../../../Engine/Shaders/Private/Lumen/LumenHardwareRayTracingCommon.ush" 2888
"../../../Engine/Shaders/Private/RayTracing/RayTracingReflectionEnvironment.ush" 2889
"../../../Engine/Shaders/Private/Lumen/LumenHardwareRayTracingPlatformCommon.ush" 2890
"../../../Engine/Shaders/Private/Lumen/LumenReflectionsCombine.ush" 2891
"../../../Engine/Shaders/Private/Lumen/LumenTracingCommon.ush" 2892
"../../../Engine/Shaders/Private/Lumen/SurfaceCache/LumenSurfaceCacheSampling.ush" 2893
"../../../Engine/Shaders/Private/Lumen/SurfaceCache/LumenSurfaceCache.ush" 2894
"../../../Engine/Shaders/Private/Lumen/LumenCardCommon.ush" 2895
"../../../Engine/Shaders/Private/Lumen/LumenCardTileShadowDownsampleFactor.ush" 2896
"../../../Engine/Shaders/Private/MegaLights/MegaLightsHardwareRayTracing.usf" 2897
"../../../Engine/Shaders/Private/MegaLights/MegaLights.usf" 2898
"../../../Engine/Shaders/Private/MegaLights/MegaLightsShading.ush" 2899
"../../../Engine/Shaders/Private/MegaLights/MegaLightsFilterVisibleLightHash.usf" 2900
"../../../Engine/Shaders/Private/MegaLights/MegaLightsDenoiserSpatial.usf" 2901
"../../../Engine/Shaders/Private/Lumen/LumenReflectionDenoiserCommon.ush" 2902
"../../../Engine/Shaders/Private/MegaLights/MegaLightsDenoiserTemporal.usf" 2903
"../../../Engine/Shaders/Private/MegaLights/MegaLightsShading.usf" 2904
"../../../Engine/Shaders/Private/StochasticLighting/StochasticLightingUpsample.ush" 2905
"../../../Engine/Shaders/Private/MegaLights/MegaLightsVisibleLightHash.usf" 2906
"../../../Engine/Shaders/Private/MegaLights/MegaLightsVolumeShading.usf" 2907
"../../../Engine/Shaders/Private/MegaLights/MegaLightsSampling.usf" 2908
"../../../Engine/Shaders/Private/MegaLights/MegaLightsSampling.ush" 2909
"../../../Engine/Shaders/Private/MegaLights/MegaLightsVolumeSampling.usf" 2910
"../../../Engine/Shaders/Private/MaterialCache/MaterialCacheABufferPages.usf" 2911
"../../../Engine/Shaders/Private/MaterialCache/MaterialCacheShade.usf" 2912
"../../../Engine/Shaders/Private/MaterialCache/MaterialCacheUnwrapNaniteShade.usf" 2913
"../../../Engine/Shaders/Private/MaterialCache/MaterialCacheUnwrapPixelShader.usf" 2914
"../../../Engine/Shaders/Private/MaterialCache/MaterialCacheUnwrapVertexShader.usf" 2915
"../../../Engine/Shaders/Private/Lumen/LumenVisualizeRadianceCache.usf" 2916
"../../../Engine/Shaders/Private/Lumen/LumenRadianceCacheCommon.ush" 2917
"../../../Engine/Shaders/Private/Lumen/LumenVisualizeHardwareRayTracing.usf" 2918
"../../../Engine/Shaders/Private/Lumen/LumenVisualize.ush" 2919
"../../../Engine/Shaders/Private/Lumen/LumenHairTracing.ush" 2920
"../../../Engine/Shaders/Private/Lumen/LumenVisualize.usf" 2921
"../../../Engine/Shaders/Private/Lumen/LumenSoftwareRayTracing.ush" 2922
"../../../Engine/Shaders/Private/DistanceField/GlobalDistanceFieldObjectGrid.ush" 2923
"../../../Engine/Shaders/Private/DistanceFieldLightingShared.ush" 2924
"../../../Engine/Shaders/Private/Lumen/LumenVisualizeTraces.ush" 2925
"../../../Engine/Shaders/Private/Lumen/LumenTranslucencyVolumeLighting.usf" 2926
"../../../Engine/Shaders/Private/Lumen/LumenRadianceCacheMarkCommon.ush" 2927
"../../../Engine/Shaders/Private/Lumen/LumenTranslucencyVolumeLightingShared.ush" 2928
"../../../Engine/Shaders/Private/Lumen/LumenScreenProbeCommon.ush" 2929
"../../../Engine/Shaders/Private/RayTracing/RayGenUtils.ush" 2930
"../../../Engine/Shaders/Private/Lumen/LumenRadianceCacheTracingCommon.ush" 2931
"../../../Engine/Shaders/Private/Lumen/LumenTranslucencyVolumeHardwareRayTracing.usf" 2932
"../../../Engine/Shaders/Private/Lumen/LumenTranslucencyRadianceCacheMarkShaders.usf" 2933
"../../../Engine/Shaders/Private/Lumen/SurfaceCache/LumenSurfaceCache.usf" 2934
"../../../Engine/Shaders/Private/Lumen/LumenShortRangeAOHardwareRayTracing.usf" 2935
"../../../Engine/Shaders/Private/Lumen/LumenScreenSpaceBentNormal.ush" 2936
"../../../Engine/Shaders/Private/Lumen/LumenScreenSpaceBentNormal.usf" 2937
"../../../Engine/Shaders/Private/Lumen/LumenScreenProbeTracing.usf" 2938
"../../../Engine/Shaders/Private/Lumen/LumenScreenProbeTracingCommon.ush" 2939
"../../../Engine/Shaders/Private/Lumen/LumenFloatQuantization.ush" 2940
"../../../Engine/Shaders/Private/Lumen/LumenScreenProbeImportanceSampling.usf" 2941
"../../../Engine/Shaders/Private/Lumen/LumenScreenProbeImportanceSamplingShared.ush" 2942
"../../../Engine/Shaders/Private/Lumen/LumenScreenProbeHardwareRayTracing.usf" 2943
"../../../Engine/Shaders/Private/Lumen/LumenScreenProbeDebug.usf" 2944
"../../../Engine/Shaders/Private/Lumen/LumenScreenProbeGather.usf" 2945
"../../../Engine/Shaders/Private/Lumen/LumenScreenProbeGatherTemporal.usf" 2946
"../../../Engine/Shaders/Private/Lumen/LumenScreenProbeFiltering.usf" 2947
"../../../Engine/Shaders/Private/Lumen/LumenSceneLighting.usf" 2948
"../../../Engine/Shaders/Private/Lumen/LumenCardTile.ush" 2949
"../../../Engine/Shaders/Private/Lumen/LumenSceneLighting.ush" 2950
"../../../Engine/Shaders/Private/Lumen/Radiosity/LumenRadiosity.ush" 2951
"../../../Engine/Shaders/Private/Lumen/LumenSceneLightingDebug.usf" 2952
"../../../Engine/Shaders/Private/Lumen/LumenScene.usf" 2953
"../../../Engine/Shaders/Private/Lumen/LumenSceneDirectLightingHardwareRayTracing.usf" 2954
"../../../Engine/Shaders/Private/Lumen/LumenSceneDirectLightingStochastic.ush" 2955
"../../../Engine/Shaders/Private/Lumen/LumenReflectionCommon.ush" 2956
"../../../Engine/Shaders/Private/Lumen/LumenSceneDirectLighting.ush" 2957
"../../../Engine/Shaders/Private/Lumen/LumenSceneDebugHardwareRayTracing.usf" 2958
"../../../Engine/Shaders/Private/Lumen/LumenSceneDirectLightingStochastic.usf" 2959
"../../../Engine/Shaders/Private/Lumen/LumenSceneDirectLightingSoftwareRayTracing.usf" 2960
"../../../Engine/Shaders/Private/DistanceFieldShadowingShared.ush" 2961
"../../../Engine/Shaders/Private/Lumen/LumenSceneDirectLightingPerLightShadowCommon.ush" 2962
"../../../Engine/Shaders/Private/Lumen/LumenSceneDirectLightingShadowMask.usf" 2963
"../../../Engine/Shaders/Private/Lumen/LumenSceneDirectLighting.usf" 2964
"../../../Engine/Shaders/Private/Lumen/LumenSceneDirectLightingCulling.usf" 2965
"../../../Engine/Shaders/Private/Lumen/LumenCardComputeShader.usf" 2966
"../../../Engine/Shaders/Private/Lumen/LumenCardBasePass.ush" 2967
"../../../Engine/Shaders/Private/Lumen/LumenCardPixelShader.usf" 2968
"../../../Engine/Shaders/Private/Lumen/LumenCardVertexShader.usf" 2969
"../../../Engine/Shaders/Private/Lumen/LumenReSTIRGather.usf" 2970
"../../../Engine/Shaders/Private/Lumen/LumenReflectionTracing.usf" 2971
"../../../Engine/Shaders/Private/Lumen/LumenReflectionDenoiserSpatial.usf" 2972
"../../../Engine/Shaders/Private/Lumen/LumenReflectionDenoiserClear.usf" 2973
"../../../Engine/Shaders/Private/Lumen/LumenReflectionDenoiserTemporal.usf" 2974
"../../../Engine/Shaders/Private/Lumen/LumenReflectionResolve.usf" 2975
"../../../Engine/Shaders/Private/Lumen/LumenReflections.usf" 2976
"../../../Engine/Shaders/Private/Lumen/RayTracedTranslucency.usf" 2977
"../../../Engine/Shaders/Private/Lumen/LumenReflectionHardwareRayTracing.usf" 2978
"../../../Engine/Shaders/Private/Lumen/Radiosity/LumenVisualizeRadiosityProbes.usf" 2979
"../../../Engine/Shaders/Private/Lumen/Radiosity/LumenRadiosity.usf" 2980
"../../../Engine/Shaders/Private/Lumen/Radiosity/LumenRadiosityHardwareRayTracing.usf" 2981
"../../../Engine/Shaders/Private/Lumen/Radiosity/LumenRadiosityCulling.usf" 2982
"../../../Engine/Shaders/Private/Lumen/LumenRadianceCacheHardwareRayTracing.usf" 2983
"../../../Engine/Shaders/Private/Lumen/LumenRadianceCache.usf" 2984
"../../../Engine/Shaders/Private/Lumen/LumenRadianceCacheUpdate.ush" 2985
"../../../Engine/Shaders/Private/Lumen/LumenRadianceCacheDebug.usf" 2986
"../../../Engine/Shaders/Private/Lumen/LumenRadianceCacheUpdate.usf" 2987
"../../../Engine/Shaders/Private/Lumen/LumenMeshSDFCulling.usf" 2988
"../../../Engine/Shaders/Private/HybridIndirectLighting.ush" 2989
"../../../Engine/Shaders/Private/MeshDistanceFieldCommon.ush" 2990
"../../../Engine/Shaders/Private/Lumen/LumenIrradianceFieldGather.usf" 2991
"../../../Engine/Shaders/Private/Lumen/LumenHardwareRayTracingMaterials.usf" 2992
"../../../Engine/Shaders/Private/Lumen/LumenFrontLayerTranslucency.usf" 2993
"../../../Engine/Shaders/Private/LocalFogVolumes/LocalFogVolumeSplat.usf" 2994
"../../../Engine/Shaders/Private/LocalFogVolumes/LocalFogVolumeTiledCulling.usf" 2995
"../../../Engine/Shaders/Private/LightShaftShader.usf" 2996
"../../../Engine/Shaders/Private/StationaryLightOverlapShaders.usf" 2997
"../../../Engine/Shaders/Private/DeferredLightPixelShaders.usf" 2998
"../../../Engine/Shaders/Private/DeferredLightVertexShaders.usf" 2999
"../../../Engine/Shaders/Private/LightMapDensityShader.usf" 3000
"../../../Engine/Shaders/Private/LightGridInjection.usf" 3001
"../../../Engine/Shaders/Shared/LightGridDefinitions.h" 3002
"../../../Engine/Shaders/Private/LightFunctionPixelShader.usf" 3003
"../../../Engine/Shaders/Private/LightFunctionVertexShader.usf" 3004
"../../../Engine/Shaders/Private/LightFunctionAtlas/LightFunctionAtlasRender.usf" 3005
"../../../Engine/Shaders/Private/InstanceCulling/InstanceCullingOcclusionQuery.usf" 3006
"../../../Engine/Shaders/Private/InstanceCulling/InstanceCullingSetup.ush" 3007
"../../../Engine/Shaders/Private/InstanceCulling/BuildInstanceDrawCommands.usf" 3008
"../../../Engine/Shaders/Private/InstanceCulling/InstanceCompactionCommon.ush" 3009
"../../../Engine/Shaders/Private/SceneDataMobileWriter.ush" 3010
"../../../Engine/Shaders/Private/InstanceCulling/CompactVisibleInstances.usf" 3011
"../../../Engine/Shaders/Private/ReflectionEnvironmentPixelShader.usf" 3012
"../../../Engine/Shaders/Private/AmbientCubemapComposite.usf" 3013
"../../../Engine/Shaders/Private/DiffuseIndirectComposite.usf" 3014
"../../../Engine/Shaders/Private/IESAtlas.usf" 3015
"../../../Engine/Shaders/Private/HeterogeneousVolumes/HeterogeneousVolumesVoxelGridShadows.usf" 3016
"../../../Engine/Shaders/Private/HeterogeneousVolumes/HeterogeneousVolumesStochasticFiltering.ush" 3017
"../../../Engine/Shaders/Private/HeterogeneousVolumes/HeterogeneousVolumesVoxelGridRenderingUtils.ush" 3018
"../../../Engine/Shaders/Private/HeterogeneousVolumes/HeterogeneousVolumesLightingUtils.ush" 3019
"../../../Engine/Shaders/Private/HeterogeneousVolumes/HeterogeneousVolumesVoxelGridRendering.usf" 3020
"../../../Engine/Shaders/Private/HeterogeneousVolumes/HeterogeneousVolumesVoxelGridPipeline.usf" 3021
"../../../Engine/Shaders/Private/HeterogeneousVolumes/HeterogeneousVolumesMaterialBakingPipeline.usf" 3022
"../../../Engine/Shaders/Private/HeterogeneousVolumes/HeterogeneousVolumesLiveShadingUtils.ush" 3023
"../../../Engine/Shaders/Private/HeterogeneousVolumes/HeterogeneousVolumesFrustumVoxelGrid.usf" 3024
"../../../Engine/Shaders/Private/HeterogeneousVolumes/HeterogeneousVolumesSparseVoxelPipeline.usf" 3025
"../../../Engine/Shaders/Private/HeterogeneousVolumes/HeterogeneousVolumesSparseVoxelUtils.ush" 3026
"../../../Engine/Shaders/Private/HeterogeneousVolumes/HeterogeneousVolumesSparseVoxelUniformBufferUtils.ush" 3027
"../../../Engine/Shaders/Private/HeterogeneousVolumes/HeterogeneousVolumesPreshadingPipeline.usf" 3028
"../../../Engine/Shaders/Private/HeterogeneousVolumes/HeterogeneousVolumesLiveShadingShadows.usf" 3029
"../../../Engine/Shaders/Private/HeterogeneousVolumes/HeterogeneousVolumesLiveShadingGlobalPipeline.usf" 3030
"../../../Engine/Shaders/Private/HeterogeneousVolumes/HeterogeneousVolumesLiveShadingPipeline.usf" 3031
"../../../Engine/Shaders/Private/HeterogeneousVolumes/HeterogeneousVolumesHardwareRayTracing.usf" 3032
"../../../Engine/Shaders/Private/HeterogeneousVolumes/HeterogeneousVolumesAmbientOcclusionPipeline.usf" 3033
"../../../Engine/Shaders/Private/HeterogeneousVolumes/HeterogeneousVolumesComposite.usf" 3034
"../../../Engine/Shaders/Private/HdrCustomResolveShaders.usf" 3035
"../../../Engine/Shaders/Private/HairStrands/RenderCurveRaster.usf" 3036
"../../../Engine/Shaders/Private/HairStrands/HairStrandsVoxelRasterCompute.usf" 3037
"../../../Engine/Shaders/Private/HairStrands/HairStrandsHitProxy.usf" 3038
"../../../Engine/Shaders/Private/HairStrands/HairStrandsVisibilityRasterComputeNaive.usf" 3039
"../../../Engine/Shaders/Private/HairStrands/HairStrandsVisibilityRasterHW.usf" 3040
"../../../Engine/Shaders/Private/HairStrands/HairStrandsVisibilityRasterCompute.usf" 3041
"../../../Engine/Shaders/Private/HairStrands/HairStrandsVisibilityRasterClassification.usf" 3042
"../../../Engine/Shaders/Private/HairStrands/HairStrandsCoverage.usf" 3043
"../../../Engine/Shaders/Private/HairStrands/HairStrandsVisibilityDepthPS.usf" 3044
"../../../Engine/Shaders/Private/HairStrands/HairStrandsVisibilityTransmittanceDepthPS.usf" 3045
"../../../Engine/Shaders/Private/HairStrands/HairStrandsVisibilityFillOpaqueDepthPS.usf" 3046
"../../../Engine/Shaders/Private/HairStrands/HairStrandsVisibilityCompactionComputeRaster.usf" 3047
"../../../Engine/Shaders/Private/HairStrands/HairStrandsVisibilityCompaction.usf" 3048
"../../../Engine/Shaders/Private/HairStrands/HairStrandsVisibilityCopyIndirectArg.usf" 3049
"../../../Engine/Shaders/Private/HairStrands/HairStrandsVisibilityClearPS.usf" 3050
"../../../Engine/Shaders/Private/HairStrands/HairStrandsVisibilityPS.usf" 3051
"../../../Engine/Shaders/Private/HairStrands/HairStrandsVisibilityVS.usf" 3052
"../../../Engine/Shaders/Private/HairStrands/HairStrandsVelocity.usf" 3053
"../../../Engine/Shaders/Private/HairStrands/HairStrandsVisibilityComputeSampleCoverage.usf" 3054
"../../../Engine/Shaders/Private/HairStrands/HairStrandsMaterialPS.usf" 3055
"../../../Engine/Shaders/Private/HairStrands/HairStrandsMaterialCommon.ush" 3056
"../../../Engine/Shaders/Private/HairStrands/HairStrandsMaterialVS.usf" 3057
"../../../Engine/Shaders/Private/HairStrands/HairStrandsLightSample.usf" 3058
"../../../Engine/Shaders/Private/HairStrands/HairStrandsDeepShadowMask.usf" 3059
"../../../Engine/Shaders/Private/HairStrands/HairStrandsDeepTransmittanceMask.usf" 3060
"../../../Engine/Shaders/Private/HairStrands/HairStrandsVisibilityTile.usf" 3061
"../../../Engine/Shaders/Private/HairStrands/HairStrandsDeepShadowPS.usf" 3062
"../../../Engine/Shaders/Private/HairStrands/HairStrandsDeepShadowVS.usf" 3063
"../../../Engine/Shaders/Private/HairStrands/HairStrandsAABB.usf" 3064
"../../../Engine/Shaders/Private/HairStrands/HairStrandsLUT.usf" 3065
"../../../Engine/Shaders/Private/HairStrands/HairStrandsForwardRaster.usf" 3066
"../../../Engine/Shaders/Private/HairStrands/HairStrandsForwardCulling.usf" 3067
"../../../Engine/Shaders/Private/HairStrands/HairStrandsEnvironmentLighting.usf" 3068
"../../../Engine/Shaders/Private/HairStrands/HairStrandsEnvironmentAO.usf" 3069
"../../../Engine/Shaders/Private/HairStrands/HairStrandsDeepShadowAllocation.usf" 3070
"../../../Engine/Shaders/Private/HairStrands/HairStrandsVoxelDebug.usf" 3071
"../../../Engine/Shaders/Private/HairStrands/HairStrandsComposition.usf" 3072
"../../../Engine/Shaders/Private/HairStrands/HairStrandsGBufferCommon.ush" 3073
"../../../Engine/Shaders/Private/GPUScene/GPUSceneDataManagement.usf" 3074
"../../../Engine/Shaders/Private/GPUSceneDebugRender.usf" 3075
"../../../Engine/Shaders/Private/GPUFeedbackCompaction.usf" 3076
"../../../Engine/Shaders/Private/GPUFastFourierTransform.usf" 3077
"../../../Engine/Shaders/Private/GPUFastFourierTransform2DCore.ush" 3078
"../../../Engine/Shaders/Private/GPUFastFourierTransformCore.ush" 3079
"../../../Engine/Shaders/Private/GPUBenchmark.usf" 3080
"../../../Engine/Shaders/Private/DistanceField/GlobalDistanceFieldDebug.usf" 3081
"../../../Engine/Shaders/Private/DistanceField/GlobalDistanceFieldUpdate.ush" 3082
"../../../Engine/Shaders/Private/DistanceField/GlobalDistanceFieldMip.usf" 3083
"../../../Engine/Shaders/Private/DistanceField/GlobalDistanceField.usf" 3084
"../../../Engine/Shaders/Private/DistanceField/GlobalDistanceFieldCompositeObjects.usf" 3085
"../../../Engine/Shaders/Private/DistanceField/GlobalDistanceFieldHeightfields.usf" 3086
"../../../Engine/Shaders/Private/HeightfieldLightingShared.ush" 3087
"../../../Engine/Shaders/Private/GenerateConservativeDepth.usf" 3088
"../../../Engine/Shaders/Private/HeightFogPixelShader.usf" 3089
"../../../Engine/Shaders/Private/HeightFogVertexShader.usf" 3090
"../../../Engine/Shaders/Private/DistortFiltering.usf" 3091
"../../../Engine/Shaders/Private/DistortAccumulatePS.usf" 3092
"../../../Engine/Shaders/Private/DistortAccumulateVS.usf" 3093
"../../../Engine/Shaders/Private/DistanceFieldVisualization.usf" 3094
"../../../Engine/Shaders/Private/DistanceFieldStreaming.usf" 3095
"../../../Engine/Shaders/Private/DistanceFieldShadowing.usf" 3096
"../../../Engine/Shaders/Private/DistanceFieldScreenGridLighting.usf" 3097
"../../../Engine/Shaders/Private/DistanceFieldObjectCulling.usf" 3098
"../../../Engine/Shaders/Private/DistanceFieldLightingPost.usf" 3099
"../../../Engine/Shaders/Private/DitheredTransitionStencil.usf" 3100
"../../../Engine/Shaders/Private/CopyDepthTexture.usf" 3101
"../../../Engine/Shaders/Private/CopyDepthTextureCS.usf" 3102
"../../../Engine/Shaders/Private/DeferredDecal.usf" 3103
"../../../Engine/Shaders/Private/DecalCommon.ush" 3104
"../../../Engine/Shaders/Private/DebugViewModeVertexShader.usf" 3105
"../../../Engine/Shaders/Private/DebugViewModeCommon.ush" 3106
"../../../Engine/Shaders/Private/DebugViewModePixelShader.usf" 3107
"../../../Engine/Shaders/Private/DebugProbes.usf" 3108
"../../../Engine/Shaders/Private/MeshDecals.usf" 3109
"../../../Engine/Shaders/Private/PostProcessAmbientOcclusion.usf" 3110
"../../../Engine/Shaders/Private/ClusteredDeferredShadingPixelShader.usf" 3111
"../../../Engine/Shaders/Private/ClusteredDeferredShadingVertexShader.usf" 3112
"../../../Engine/Shaders/Private/CapsuleShadowShaders.usf" 3113
"../../../Engine/Shaders/Private/BasePassPixelShader.usf" 3114
"../../../Engine/Shaders/Private/ForwardLightingCommon.ush" 3115
"../../../Engine/Shaders/Private/Substrate/SubstrateForwardLighting.ush" 3116
"../../../Engine/Shaders/Private/ComputeShaderOutputCommon.ush" 3117
"../../../Engine/Shaders/Private/BasePassVertexShader.usf" 3118
"../../../Engine/Shaders/Private/BasePassVertexCommon.ush" 3119
"../../../Engine/Shaders/Private/SimpleElementVolumeTexturePreviewPixelShader.usf" 3120
"../../../Engine/Shaders/Private/SimpleElementTexture2DPreviewPixelShader.usf" 3121
"../../../Engine/Shaders/Private/meshpaintdilatepixelshader.usf" 3122
"../../../Engine/Shaders/Private/meshpaintdilatevertexshader.usf" 3123
"../../../Engine/Shaders/Private/MeshPaintPixelShader.usf" 3124
"../../../Engine/Shaders/Private/MeshPaintVertexShader.usf" 3125
"../../../Engine/Shaders/Private/SlateElementPixelShader.usf" 3126
"../../../Engine/Shaders/Private/SlateShaderCommon.ush" 3127
"../../../Engine/Shaders/Private/SlateMaskingShader.usf" 3128
"../../../Engine/Shaders/Private/SlateVertexShader.usf" 3129
"../../../Engine/Shaders/Private/CompositeUIPixelShader.usf" 3130
"../../../Engine/Shaders/Private/ColorDeficiency.ush" 3131
"../../../Engine/Shaders/Private/SlatePostProcessColorDeficiencyPixelShader.usf" 3132
"../../../Engine/Shaders/Private/SlatePostProcessPixelShader.usf" 3133
"../../../Engine/Shaders/Private/Tools/VisualizeTexture.usf" 3134
"../../../Engine/Shaders/Private/UpdateDescriptorHandle.usf" 3135
"../../../Engine/Shaders/Private/ByteBuffer.usf" 3136
"../../../Engine/Shaders/Private/ShaderBundleWorkGraphDispatch.usf" 3137
"../../../Engine/Shaders/Private/ShaderBundleDispatch.usf" 3138
"../../../Engine/Shaders/Private/ResolveVertexShader.usf" 3139
"../../../Engine/Shaders/Private/ResolvePixelShader.usf" 3140
"../../../Engine/Shaders/Private/Tools/SetupIndirectArgs.usf" 3141
"../../../Engine/Shaders/Private/ClearReplacementShaders.usf" 3142
"../../../Engine/Shaders/Private/Tools/DrawTexture.usf" 3143
"../../../Engine/Shaders/Private/RayTracing/RayTracingValidation.usf" 3144
"../../../Engine/Shaders/Private/RenderGraphUtilities.usf" 3145
"../../../Engine/Shaders/Private/OneColorShader.usf" 3146
"../../../Engine/Shaders/Private/OculusShaders.usf" 3147
"../../../Engine/Shaders/Private/MediaShaders.usf" 3148
"../../../Engine/Shaders/Private/GPUMessaging.usf" 3149
"../../../Engine/Shaders/Private/Tools/GPUDebugCrashUtils.usf" 3150
"../../../Engine/Shaders/Private/NullPixelShader.usf" 3151
"../../../Engine/Shaders/Private/ComputeGenerateMips.usf" 3152
"../../../Engine/Shaders/Private/Tools/DumpTexture.usf" 3153
"../../../Engine/Shaders/Private/CopyTextureShaders.usf" 3154
"../../../Engine/Shaders/Private/Tools/FullscreenVertexShader.usf" 3155
"../../../Engine/Shaders/Private/RayTracing/RayTracingDispatchDesc.usf" 3156
"../../../Engine/Shaders/Private/Bink.usf" 3157
"../../../Engine/Shaders/Private/VelocityShader.usf" 3158
"../../../Engine/Shaders/Private/DepthOnlyPixelShader.usf" 3159
"../../../Engine/Shaders/Private/PositionOnlyDepthVertexShader.usf" 3160
"../../../Engine/Shaders/Private/DepthOnlyVertexShader.usf" 3161
"../../../Engine/Shaders/Private/AnisotropyPassShader.usf" 3162
"/Engine/EngineResources/WhiteSquareTexture" 3163
"../../../Engine/Content/EngineResources/WhiteSquareTexture.uasset" 3164
"/Engine/EngineResources/GradientTexture0" 3165
"../../../Engine/Content/EngineResources/GradientTexture0.uasset" 3166
"/Engine/EngineResources/Black" 3167
"../../../Engine/Content/EngineResources/Black.uasset" 3168
"/Engine/EditorResources/S_Actor" 3169
"../../../Engine/Content/EditorResources/S_Actor.uasset" 3170
"/Engine/EngineFonts/RobotoDistanceField" 3171
"../../../Engine/Content/EngineFonts/RobotoDistanceField.uasset" 3172
"/Engine/EngineMaterials/DefaultTextMaterialOpaque" 3173
"../../../Engine/Content/EngineMaterials/DefaultTextMaterialOpaque.uasset" 3174
"/Engine/Functions/Engine_MaterialFunctions01/Shading/PowerToRoughness" 3175
"../../../Engine/Content/Functions/Engine_MaterialFunctions01/Shading/PowerToRoughness.uasset" 3176
"/Engine/Functions/Engine_MaterialFunctions01/Shading/ConvertFromDiffSpec" 3177
"../../../Engine/Content/Functions/Engine_MaterialFunctions01/Shading/ConvertFromDiffSpec.uasset" 3178
"/Engine/EngineMaterials/WorldGridMaterial" 3179
"../../../Engine/Content/EngineMaterials/WorldGridMaterial.uasset" 3180
"../../../Engine/Content/Functions/Engine_MaterialFunctions01/Opacity/CameraDepthFade.uasset" 3181
"../../../Engine/Content/EngineMaterials/T_Default_Material_Grid_M.uasset" 3182
"../../../Engine/Content/EngineMaterials/T_Default_Material_Grid_N.uasset" 3183
"/Engine/EngineMaterials/DefaultDeferredDecalMaterial" 3184
"../../../Engine/Content/EngineMaterials/DefaultDeferredDecalMaterial.uasset" 3185
"../../../Engine/Content/EngineMaterials/DefaultDiffuse.uasset" 3186
"/Engine/EngineMaterials/DefaultLightFunctionMaterial" 3187
"../../../Engine/Content/EngineMaterials/DefaultLightFunctionMaterial.uasset" 3188
"/Engine/EngineMaterials/DefaultPostProcessMaterial" 3189
"../../../Engine/Content/EngineMaterials/DefaultPostProcessMaterial.uasset" 3190
"../../../Engine/Content/Functions/Engine_MaterialFunctions02/Utility/BreakOutFloat2Components.uasset" 3191
"/Engine/EditorResources/S_Trigger" 3192
"../../../Engine/Content/EditorResources/S_Trigger.uasset" 3193
"/Engine/EditorResources/S_BoxReflectionCapture" 3194
"../../../Engine/Content/EditorResources/S_BoxReflectionCapture.uasset" 3195
"/Engine/EngineResources/DefaultTexture" 3196
"../../../Engine/Content/EngineResources/DefaultTexture.uasset" 3197
"/Engine/EditorResources/S_TriggerBox" 3198
"../../../Engine/Content/EditorResources/S_TriggerBox.uasset" 3199
"/Engine/EditorResources/S_TriggerCapsule" 3200
"../../../Engine/Content/EditorResources/S_TriggerCapsule.uasset" 3201
"/Engine/EditorResources/S_TriggerSphere" 3202
"../../../Engine/Content/EditorResources/S_TriggerSphere.uasset" 3203
"/Engine/EngineDamageTypes/DmgTypeBP_Environmental" 3204
"../../../Engine/Content/EngineDamageTypes/DmgTypeBP_Environmental.uasset" 3205
"/Engine/EngineMeshes/Sphere" 3206
"../../../Engine/Content/EngineMeshes/Sphere.uasset" 3207
"/Engine/EngineResources/DefaultTextureCube" 3208
"../../../Engine/Content/EngineResources/DefaultTextureCube.uasset" 3209
"/Engine/EngineResources/DefaultVolumeTexture" 3210
"../../../Engine/Content/EngineResources/DefaultVolumeTexture.uasset" 3211
"../../../Engine/Content/EngineResources/DefaultVolumeTexture2D.uasset" 3212
"/Engine/VREditor/TransformGizmo/SM_Sequencer_Node" 3213
"../../../Engine/Content/VREditor/TransformGizmo/SM_Sequencer_Node.uasset" 3214
"../../../Engine/Content/VREditor/TransformGizmo/Main.uasset" 3215
"../../../Engine/Content/VREditor/TransformGizmo/Xray.uasset" 3216
"/Engine/EditorResources/S_Solver" 3217
"../../../Engine/Content/EditorResources/S_Solver.uasset" 3218
"/Engine/EngineDebugMaterials/VolumeToRender" 3219
"../../../Engine/Content/EngineDebugMaterials/VolumeToRender.uasset" 3220
"/Engine/EngineDebugMaterials/M_VolumeRenderSphereTracePP" 3221
"../../../Engine/Content/EngineDebugMaterials/M_VolumeRenderSphereTracePP.uasset" 3222
"../../../Engine/Content/Functions/Engine_MaterialFunctions02/Utility/CameraDirectionVector.uasset" 3223
"/Engine/EditorMeshes/Camera/SM_CraneRig_Base" 3224
"../../../Engine/Content/EditorMeshes/Camera/SM_CraneRig_Base.uasset" 3225
"../../../Engine/Content/EditorMaterials/Camera/MI_CineMat_Rig.uasset" 3226
"../../../Engine/Content/EditorMaterials/Camera/CineMat.uasset" 3227
"/Engine/EditorMeshes/Camera/SM_CraneRig_Arm" 3228
"../../../Engine/Content/EditorMeshes/Camera/SM_CraneRig_Arm.uasset" 3229
"/Engine/EditorMeshes/Camera/SM_CraneRig_Mount" 3230
"../../../Engine/Content/EditorMeshes/Camera/SM_CraneRig_Mount.uasset" 3231
"/Engine/EditorMeshes/Camera/SM_CraneRig_Body" 3232
"../../../Engine/Content/EditorMeshes/Camera/SM_CraneRig_Body.uasset" 3233
"/Engine/EditorMeshes/Camera/SM_RailRig_Track" 3234
"../../../Engine/Content/EditorMeshes/Camera/SM_RailRig_Track.uasset" 3235
"/Engine/EditorMeshes/Camera/SM_RailRig_Mount" 3236
"../../../Engine/Content/EditorMeshes/Camera/SM_RailRig_Mount.uasset" 3237
"/Engine/EditorLandscapeResources/SplineEditorMesh" 3238
"../../../Engine/Content/EditorLandscapeResources/SplineEditorMesh.uasset" 3239
"../../../Engine/Content/EditorLandscapeResources/SplineEditorMeshMat.uasset" 3240
"/Engine/BasicShapes/Cube" 3241
"../../../Engine/Content/BasicShapes/Cube.uasset" 3242
"/CameraCalibrationCore/Materials/M_DefaultOddSquare" 3243
"../../Plugins/VirtualProduction/CameraCalibrationCore/Content/Materials/M_DefaultOddSquare.uasset" 3244
"/CameraCalibrationCore/Materials/M_DefaultEvenSquare" 3245
"../../Plugins/VirtualProduction/CameraCalibrationCore/Content/Materials/M_DefaultEvenSquare.uasset" 3246
"/HairStrands/Materials/HairDebugMaterial" 3247
"../../Plugins/Runtime/HairStrands/Content/Materials/HairDebugMaterial.uasset" 3248
"../../../Engine/Content/Functions/Engine_MaterialFunctions02/Utility/MakeFloat2.uasset" 3249
"../../../Engine/Content/Functions/Engine_MaterialFunctions02/Utility/MakeFloat3.uasset" 3250
"../../../Engine/Content/EngineMaterials/HairColorMap.uasset" 3251
"../../../Engine/Content/EngineMaterials/HairDebugColor.uasset" 3252
"../../Plugins/Runtime/HairStrands/Content/Materials/HairGroupColors.uasset" 3253
"/HairStrands/Materials/HairDefaultMaterial" 3254
"../../Plugins/Runtime/HairStrands/Content/Materials/HairDefaultMaterial.uasset" 3255
"/HairStrands/Materials/HairCardsDefaultMaterial" 3256
"../../Plugins/Runtime/HairStrands/Content/Materials/HairCardsDefaultMaterial.uasset" 3257
"/HairStrands/Materials/HairMeshesDefaultMaterial" 3258
"../../Plugins/Runtime/HairStrands/Content/Materials/HairMeshesDefaultMaterial.uasset" 3259
"/Engine/EngineMaterials/Widget3DPassThrough_Translucent" 3260
"../../../Engine/Content/EngineMaterials/Widget3DPassThrough_Translucent.uasset" 3261
"../../../Engine/Content/EngineMaterials/Widget3DPassThrough.uasset" 3262
"/Engine/EngineMaterials/Widget3DPassThrough_Translucent_OneSided" 3263
"../../../Engine/Content/EngineMaterials/Widget3DPassThrough_Translucent_OneSided.uasset" 3264
"/Engine/EngineMaterials/Widget3DPassThrough_Opaque" 3265
"../../../Engine/Content/EngineMaterials/Widget3DPassThrough_Opaque.uasset" 3266
"/Engine/EngineMaterials/Widget3DPassThrough_Opaque_OneSided" 3267
"../../../Engine/Content/EngineMaterials/Widget3DPassThrough_Opaque_OneSided.uasset" 3268
"/Engine/EngineMaterials/Widget3DPassThrough_Masked" 3269
"../../../Engine/Content/EngineMaterials/Widget3DPassThrough_Masked.uasset" 3270
"/Engine/EngineMaterials/Widget3DPassThrough_Masked_OneSided" 3271
"../../../Engine/Content/EngineMaterials/Widget3DPassThrough_Masked_OneSided.uasset" 3272
"/Engine/VREditor/ViewportInteractionAssetContainerData" 3273
"../../../Engine/Content/VREditor/ViewportInteractionAssetContainerData.uasset" 3274
"../../../Engine/Content/VREditor/SnapGrid/SnapGridMaterial.uasset" 3275
"../../../Engine/Content/VREditor/TransformGizmo/TransformGizmoMaterial_Inst.uasset" 3276
"../../../Engine/Content/VREditor/TransformGizmo/TranslucentTransformGizmoMaterial_Inst.uasset" 3277
"../../../Engine/Content/VREditor/SnapGrid/SnapGridPlaneMesh.uasset" 3278
"../../../Engine/Content/VREditor/Sounds/UI/Drop_Item_From_ContentBrowser.uasset" 3279
"../../../Engine/Content/VREditor/Sounds/UI/Gizmo_Handle_Clicked.uasset" 3280
"../../../Engine/Content/VREditor/Sounds/UI/Object_PickUp.uasset" 3281
"../../../Engine/Content/VREditor/Sounds/UI/Object_Snaps_To_Another_Actor.uasset" 3282
"../../../Engine/Content/VREditor/Sounds/UI/Object_Snaps_To_Grid.uasset" 3283
"../../../Engine/Content/VREditor/Sounds/UI/Scaling_Down.uasset" 3284
"../../../Engine/Content/VREditor/Sounds/UI/Scaling_Up.uasset" 3285
"../../../Engine/Content/VREditor/Sounds/UI/Selection_Changes.uasset" 3286
"../../../Engine/Content/VREditor/TransformGizmo/PlaneTranslationHandle.uasset" 3287
"../../../Engine/Content/VREditor/TransformGizmo/RotationHandleFull.uasset" 3288
"../../../Engine/Content/VREditor/TransformGizmo/RotationHandleIndicator.uasset" 3289
"../../../Engine/Content/VREditor/TransformGizmo/RotationHandleQuarter.uasset" 3290
"../../../Engine/Content/VREditor/TransformGizmo/StartRotationHandleIndicator.uasset" 3291
"../../../Engine/Content/VREditor/TransformGizmo/TransformGizmoFreeRotation.uasset" 3292
"../../../Engine/Content/VREditor/TransformGizmo/TranslateArrowHandle.uasset" 3293
"../../../Engine/Content/VREditor/TransformGizmo/UniformScaleHandle.uasset" 3294
"../../../Engine/Content/Functions/Engine_MaterialFunctions02/Math/Transform3x3Matrix.uasset" 3295
"../../../Engine/Content/Functions/Engine_MaterialFunctions02/SplitComponents.uasset" 3296
"../../../Engine/Content/VREditor/TransformGizmo/TransformGizmoMaterial.uasset" 3297
"../../../Engine/Content/VREditor/TransformGizmo/TranslucentTransformGizmoMaterial.uasset" 3298
"../../../Engine/Content/Functions/Engine_MaterialFunctions02/Utility/BreakOutFloat3Components.uasset" 3299
"../../../Engine/Content/VREditor/LaserPointer/VR_LaserPower_01.uasset" 3300
"/Engine/VREditor/TransformGizmo/BoundingBoxCorner" 3301
"../../../Engine/Content/VREditor/TransformGizmo/BoundingBoxCorner.uasset" 3302
"/Engine/VREditor/TransformGizmo/BoundingBoxEdge" 3303
"../../../Engine/Content/VREditor/TransformGizmo/BoundingBoxEdge.uasset" 3304
"/Engine/ArtTools/RenderToTexture/Meshes/S_1_Unit_Plane" 3305
"../../../Engine/Content/ArtTools/RenderToTexture/Meshes/S_1_Unit_Plane.uasset" 3306
"/Engine/EngineDebugMaterials/M_SimpleUnlitTranslucent" 3307
"../../../Engine/Content/EngineDebugMaterials/M_SimpleUnlitTranslucent.uasset" 3308
"/Engine/EngineFonts/Roboto" 3309
"../../../Engine/Content/EngineFonts/Roboto.uasset" 3310
"../../../Engine/Content/EngineFonts/Faces/DroidSansFallback.uasset" 3311
"../../../Engine/Content/EngineFonts/Faces/RobotoBold.uasset" 3312
"../../../Engine/Content/EngineFonts/Faces/RobotoBoldItalic.uasset" 3313
"../../../Engine/Content/EngineFonts/Faces/RobotoItalic.uasset" 3314
"../../../Engine/Content/EngineFonts/Faces/RobotoLight.uasset" 3315
"../../../Engine/Content/EngineFonts/Faces/RobotoRegular.uasset" 3316
"/Engine/EditorMaterials/ParticleSystems/PSysThumbnail_NoImage" 3317
"../../../Engine/Content/EditorMaterials/ParticleSystems/PSysThumbnail_NoImage.uasset" 3318
"/Engine/EditorMaterials/ParticleSystems/PSysThumbnail_OOD" 3319
"../../../Engine/Content/EditorMaterials/ParticleSystems/PSysThumbnail_OOD.uasset" 3320
"/Engine/EngineResources/LandscapeVisibilityLayerInfo" 3321
"../../../Engine/Content/EngineResources/LandscapeVisibilityLayerInfo.uasset" 3322
"/ACLPlugin/ACLAnimBoneCompressionSettings" 3323
"../../Plugins/Animation/ACLPlugin/Content/ACLAnimBoneCompressionSettings.uasset" 3324
"/Engine/Animation/DefaultRecorderBoneCompression" 3325
"../../../Engine/Content/Animation/DefaultRecorderBoneCompression.uasset" 3326
"/ACLPlugin/ACLAnimCurveCompressionSettings" 3327
"../../Plugins/Animation/ACLPlugin/Content/ACLAnimCurveCompressionSettings.uasset" 3328
"/Engine/Animation/DefaultVariableFrameStrippingSettings" 3329
"../../../Engine/Content/Animation/DefaultVariableFrameStrippingSettings.uasset" 3330
"/ControlRig/Controls/ControlRigXRayMaterial" 3331
"../../Plugins/Animation/ControlRig/Content/Controls/ControlRigXRayMaterial.uasset" 3332
"/ControlRig/Controls/DefaultGizmoLibraryNormalized" 3333
"../../Plugins/Animation/ControlRig/Content/Controls/DefaultGizmoLibraryNormalized.uasset" 3334
"/Paper2D/MaskedUnlitSpriteMaterial" 3335
"../../Plugins/2D/Paper2D/Content/MaskedUnlitSpriteMaterial.uasset" 3336
"../../Plugins/2D/Paper2D/Content/DefaultSpriteMaterial.uasset" 3337
"../../Plugins/2D/Paper2D/Content/PlaceholderTextures/DummySpriteTexture.uasset" 3338
"/Paper2D/OpaqueUnlitSpriteMaterial" 3339
"../../Plugins/2D/Paper2D/Content/OpaqueUnlitSpriteMaterial.uasset" 3340
"/Paper2D/DefaultPaperTerrainMaterial" 3341
"../../Plugins/2D/Paper2D/Content/DefaultPaperTerrainMaterial.uasset" 3342
"../../Plugins/2D/Paper2D/Content/DummySprite.uasset" 3343
"/ControlRig/M_Manip" 3344
"../../Plugins/Animation/ControlRig/Content/M_Manip.uasset" 3345
"../../../Engine/Content/Functions/Engine_MaterialFunctions02/WorldPositionOffset/CameraOffset.uasset" 3346
"/AudioWidgets/Resources/ScrubHandleDown_Clamped" 3347
"../../Plugins/Runtime/AudioWidgets/Content/Resources/ScrubHandleDown_Clamped.uasset" 3348
"/SpeedTreeImporter/SpeedTree9/SpeedTreeMaster" 3349
"../../Plugins/Editor/SpeedTreeImporter/Content/SpeedTree9/SpeedTreeMaster.uasset" 3350
"../../../Engine/Content/Functions/Engine_MaterialFunctions02/ObjectLocalBounds.uasset" 3351
"../../../Engine/Content/Functions/Engine_MaterialFunctions02/SafeNormalize.uasset" 3352
"../../../Engine/Content/Functions/Engine_MaterialFunctions02/Utility/VectorLength.uasset" 3353
"../../../Engine/Content/Functions/Engine_MaterialFunctions02/UVs/BoundingBoxBased_0-1_UVW.uasset" 3354
"../../../Engine/Content/Functions/Engine_MaterialFunctions02/WorldPositionOffset/ObjectScale.uasset" 3355
"../../Plugins/Editor/SpeedTreeImporter/Content/SpeedTree9/SpeedTreeBranchMotion.uasset" 3356
"../../Plugins/Editor/SpeedTreeImporter/Content/SpeedTree9/SpeedTreeCameraFacing.uasset" 3357
"../../Plugins/Editor/SpeedTreeImporter/Content/SpeedTree9/SpeedTreeWind.uasset" 3358
"../../Plugins/Editor/SpeedTreeImporter/Content/SpeedTree9/SpeedTreeWindMotion.uasset" 3359
"../../Plugins/Editor/SpeedTreeImporter/Content/SpeedTree9/UnpackDirection.uasset" 3360
"../../Plugins/Editor/SpeedTreeImporter/Content/SpeedTree9/UnpackInteger3.uasset" 3361
"../../Plugins/Editor/SpeedTreeImporter/Content/SpeedTree9/Empty.uasset" 3362
"../../Plugins/Editor/SpeedTreeImporter/Content/SpeedTree9/EmptyNormal.uasset" 3363
"../../Plugins/Editor/SpeedTreeImporter/Content/SpeedTree9/game_wind_noise.uasset" 3364
"/SpeedTreeImporter/SpeedTree9/SpeedTreeBillboardMaster" 3365
"../../Plugins/Editor/SpeedTreeImporter/Content/SpeedTree9/SpeedTreeBillboardMaster.uasset" 3366
"../../Plugins/Editor/SpeedTreeImporter/Content/SpeedTree9/SpeedTreeBillboard.uasset" 3367
"/MediaPlate/SM_MediaPlateScreen" 3368
"../../Plugins/Media/MediaPlate/Content/SM_MediaPlateScreen.uasset" 3369
"/Engine/BasicShapes/BasicShapeMaterial" 3370
"../../../Engine/Content/BasicShapes/BasicShapeMaterial.uasset" 3371
"/Engine/EditorMaterials/Dataflow/DataflowVertexMaterial" 3372
"../../../Engine/Content/EditorMaterials/Dataflow/DataflowVertexMaterial.uasset" 3373
"/Engine/EditorMaterials/Dataflow/DataflowTwoSidedVertexMaterial" 3374
"../../../Engine/Content/EditorMaterials/Dataflow/DataflowTwoSidedVertexMaterial.uasset" 3375
"/Engine/EditorLandscapeResources/LayerVisMaterial" 3376
"../../../Engine/Content/EditorLandscapeResources/LayerVisMaterial.uasset" 3377
"../../../Engine/Content/EditorLandscapeResources/WhiteSquareTexture.uasset" 3378
"/Engine/EditorLandscapeResources/SelectBrushMaterial_Selected" 3379
"../../../Engine/Content/EditorLandscapeResources/SelectBrushMaterial_Selected.uasset" 3380
"../../../Engine/Content/EditorLandscapeResources/SelectBrushMaterial.uasset" 3381
"../../../Engine/Content/Functions/Engine_MaterialFunctions03/Math/WithinRangeFloat2.uasset" 3382
"../../../Engine/Content/EditorLandscapeResources/DefaultAlphaTexture.uasset" 3383
"/Engine/EditorLandscapeResources/SelectBrushMaterial_SelectedRegion" 3384
"../../../Engine/Content/EditorLandscapeResources/SelectBrushMaterial_SelectedRegion.uasset" 3385
"/Engine/EditorLandscapeResources/MaskBrushMaterial_MaskedRegion" 3386
"../../../Engine/Content/EditorLandscapeResources/MaskBrushMaterial_MaskedRegion.uasset" 3387
"../../../Engine/Content/EditorLandscapeResources/MaskBrushMaterial.uasset" 3388
"/Engine/EditorLandscapeResources/ColorMaskBrushMaterial_MaskedRegion" 3389
"../../../Engine/Content/EditorLandscapeResources/ColorMaskBrushMaterial_MaskedRegion.uasset" 3390
"../../../Engine/Content/EditorLandscapeResources/ColorMaskBrushMaterial.uasset" 3391
"/Engine/EditorLandscapeResources/LandscapeDirtyMaterial" 3392
"../../../Engine/Content/EditorLandscapeResources/LandscapeDirtyMaterial.uasset" 3393
"/Engine/EditorLandscapeResources/LandscapeLayerUsageMaterial" 3394
"../../../Engine/Content/EditorLandscapeResources/LandscapeLayerUsageMaterial.uasset" 3395
"../../../Engine/Content/Functions/Engine_MaterialFunctions01/Debug/DebugIntValues.uasset" 3396
"../../../Engine/Content/Functions/Engine_MaterialFunctions01/Texturing/ScaleUVsByCenter.uasset" 3397
"../../../Engine/Content/Functions/Engine_MaterialFunctions02/WorldPositionOffset/LocalPosition.uasset" 3398
"../../../Engine/Content/Functions/Engine_MaterialFunctions01/Texturing/TextureCropping.uasset" 3399
"../../../Engine/Content/Functions/Engine_MaterialFunctions02/ExampleContent/DebugNumberStrip.uasset" 3400
"C:/Users/Will/AppData/Local/UnrealEngine/Editor/UInteractiveToolsPresetCollectionAsset_DefaultCollection.json" 3401
"/Engine/EngineMaterials/NaniteHiddenSectionMaterial" 3402
"../../../Engine/Content/EngineMaterials/NaniteHiddenSectionMaterial.uasset" 3403
"/Engine/EngineMaterials/RemoveSurfaceMaterial" 3404
"../../../Engine/Content/EngineMaterials/RemoveSurfaceMaterial.uasset" 3405
"/Engine/EngineDebugMaterials/DebugMeshMaterial" 3406
"../../../Engine/Content/EngineDebugMaterials/DebugMeshMaterial.uasset" 3407
"/Engine/EngineMaterials/EmissiveMeshMaterial" 3408
"../../../Engine/Content/EngineMaterials/EmissiveMeshMaterial.uasset" 3409
"../../../Engine/Content/EngineMaterials/DefaultWhiteGrid_Low.uasset" 3410
"/Engine/EngineMaterials/M_InvalidLightmapSettings" 3411
"../../../Engine/Content/EngineMaterials/M_InvalidLightmapSettings.uasset" 3412
"../../../Engine/Content/EngineMaterials/InvalidLightmapSettings.uasset" 3413
"/Engine/EngineMaterials/GizmoMaterial" 3414
"../../../Engine/Content/EngineMaterials/GizmoMaterial.uasset" 3415
"/Engine/EngineMaterials/PhAT_JointLimitMaterial" 3416
"../../../Engine/Content/EngineMaterials/PhAT_JointLimitMaterial.uasset" 3417
"/Engine/EngineMaterials/FlattenMaterial" 3418
"../../../Engine/Content/EngineMaterials/FlattenMaterial.uasset" 3419
"../../../Engine/Content/EngineMaterials/BaseFlattenDiffuseMap.uasset" 3420
"../../../Engine/Content/EngineMaterials/BaseFlattenEmissiveMap.uasset" 3421
"../../../Engine/Content/EngineMaterials/BaseFlattenGrayscaleMap.uasset" 3422
"../../../Engine/Content/EngineMaterials/BaseFlattenLinearColor.uasset" 3423
"../../../Engine/Content/EngineMaterials/BaseFlattenNormalMap.uasset" 3424
"../../../Engine/Content/Functions/Engine_MaterialFunctions02/PivotPainter2/Black_1x1_EXR_Texture.uasset" 3425
"/Engine/EngineMaterials/FlattenMaterial_VT" 3426
"../../../Engine/Content/EngineMaterials/FlattenMaterial_VT.uasset" 3427
"../../../Engine/Content/EngineMaterials/BaseFlattenDiffuseMap_VT.uasset" 3428
"../../../Engine/Content/EngineMaterials/BaseFlattenEmissiveMap_VT.uasset" 3429
"../../../Engine/Content/EngineMaterials/BaseFlattenGrayscaleMap_VT.uasset" 3430
"../../../Engine/Content/EngineMaterials/BaseFlattenLinearColor_VT.uasset" 3431
"../../../Engine/Content/EngineMaterials/BaseFlattenNormalMap_VT.uasset" 3432
"../../../Engine/Content/EngineMaterials/Black_1x1_EXR_Texture_VT.uasset" 3433
"/Engine/EngineMaterials/FlattenMaterial_WS_Normal_VT" 3434
"../../../Engine/Content/EngineMaterials/FlattenMaterial_WS_Normal_VT.uasset" 3435
"/Engine/EngineMaterials/Good64x64TilingNoiseHighFreq" 3436
"../../../Engine/Content/EngineMaterials/Good64x64TilingNoiseHighFreq.uasset" 3437
"/Engine/EngineMaterials/DefaultBokeh" 3438
"../../../Engine/Content/EngineMaterials/DefaultBokeh.uasset" 3439
"/Engine/EngineMaterials/MiniFont" 3440
"../../../Engine/Content/EngineMaterials/MiniFont.uasset" 3441
"/Engine/EngineMaterials/WeightMapPlaceholderTexture" 3442
"../../../Engine/Content/EngineMaterials/WeightMapPlaceholderTexture.uasset" 3443
"/Engine/EngineMaterials/WeightMapArrayPlaceholderTexture" 3444
"../../../Engine/Content/EngineMaterials/WeightMapArrayPlaceholderTexture.uasset" 3445
"/Engine/EngineMaterials/DefaultWhiteGrid" 3446
"../../../Engine/Content/EngineMaterials/DefaultWhiteGrid.uasset" 3447
"/Engine/EngineMaterials/PreintegratedSkinBRDF" 3448
"../../../Engine/Content/EngineMaterials/PreintegratedSkinBRDF.uasset" 3449
"/Engine/EngineMaterials/LTC/GGX_LTCAmp" 3450
"../../../Engine/Content/EngineMaterials/LTC/GGX_LTCAmp.uasset" 3451
"/Engine/EngineMaterials/LTC/GGX_LTCMat" 3452
"../../../Engine/Content/EngineMaterials/LTC/GGX_LTCMat.uasset" 3453
"/Engine/EngineMaterials/EnergyConservation/GGX_ReflectionEnergy" 3454
"../../../Engine/Content/EngineMaterials/EnergyConservation/GGX_ReflectionEnergy.uasset" 3455
"/Engine/EngineMaterials/EnergyConservation/GGX_TransmissionEnergyArray" 3456
"../../../Engine/Content/EngineMaterials/EnergyConservation/GGX_TransmissionEnergyArray.uasset" 3457
"/Engine/EngineMaterials/EnergyConservation/SheenLegacy_Energy" 3458
"../../../Engine/Content/EngineMaterials/EnergyConservation/SheenLegacy_Energy.uasset" 3459
"/Engine/EngineMaterials/DefaultPhysicalMaterial" 3460
"../../../Engine/Content/EngineMaterials/DefaultPhysicalMaterial.uasset" 3461
"/Engine/EngineMaterials/DefaultDestructiblePhysicalMaterial" 3462
"../../../Engine/Content/EngineMaterials/DefaultDestructiblePhysicalMaterial.uasset" 3463
"C:/Users/Will/AppData/Local/UnrealEngine/Editor/ProjectEditorRecords.json" 3464
"/Niagara/ParameterDefinitions/SpriteRenderer" 3465
"../../Plugins/FX/Niagara/Content/ParameterDefinitions/SpriteRenderer.uasset" 3466
"/Niagara/ParameterDefinitions/RibbonRenderer" 3467
"../../Plugins/FX/Niagara/Content/ParameterDefinitions/RibbonRenderer.uasset" 3468
"/Niagara/ParameterDefinitions/MeshRenderer" 3469
"../../Plugins/FX/Niagara/Content/ParameterDefinitions/MeshRenderer.uasset" 3470
"/Niagara/ParameterDefinitions/LightRenderer" 3471
"../../Plugins/FX/Niagara/Content/ParameterDefinitions/LightRenderer.uasset" 3472
"/Niagara/ParameterDefinitions/DecalRenderer" 3473
"../../Plugins/FX/Niagara/Content/ParameterDefinitions/DecalRenderer.uasset" 3474
"/Niagara/ParameterDefinitions/CoreParameters" 3475
"../../Plugins/FX/Niagara/Content/ParameterDefinitions/CoreParameters.uasset" 3476
"/DeformerGraph/Deformers/DG_LinearBlendSkin_Morph_Cloth" 3477
"../../Plugins/Animation/DeformerGraph/Content/Deformers/DG_LinearBlendSkin_Morph_Cloth.uasset" 3478
"../../Plugins/Animation/DeformerGraph/Content/DeformerFunctions/DG_Function_LinearBlendSkin_Morph_Cloth.uasset" 3479
"/DeformerGraph/Deformers/DG_LinearBlendSkin_Morph_Cloth_RecomputeNormals" 3480
"../../Plugins/Animation/DeformerGraph/Content/Deformers/DG_LinearBlendSkin_Morph_Cloth_RecomputeNormals.uasset" 3481
"../../Plugins/Animation/DeformerGraph/Content/DeformerFunctions/DG_Function_ComputeNormalsTangents.uasset" 3482
"../../Plugins/Animation/DeformerGraph/Content/DeformerFunctions/DG_Function_LinearBlendSkin_Morph_Cloth_PositionOnly.uasset" 3483
"/Engine/BasicShapes/Sphere" 3484
"../../../Engine/Content/BasicShapes/Sphere.uasset" 3485
"../../../Engine/Content/EngineMaterials/DefaultMaterial.uasset" 3486
"/Engine/BasicShapes/Cylinder" 3487
"../../../Engine/Content/BasicShapes/Cylinder.uasset" 3488
"/Engine/BasicShapes/Cone" 3489
"../../../Engine/Content/BasicShapes/Cone.uasset" 3490
"/Engine/BasicShapes/Plane" 3491
"../../../Engine/Content/BasicShapes/Plane.uasset" 3492
"/Engine/EngineFonts/DroidSansMono" 3493
"../../../Engine/Content/EngineFonts/DroidSansMono.uasset" 3494
"../../../Engine/Content/EngineFonts/Faces/DroidSansMono.uasset" 3495
"../../../Engine/Documentation/Source/Shared/Types/ABrush/ABrush.INT.udn" 3496
"../../../Engine/Content/Internationalization/icudt64l/brkitr/en_US.res" 3497
"../../../Engine/Content/Internationalization/icudt64l/brkitr/en.res" 3498
"../../../Engine/Content/Internationalization/icudt64l/brkitr/root.res" 3499
"../../../Engine/Content/Internationalization/icudt64l/brkitr/char.brk" 3500
"../../../Engine/Content/Internationalization/icudt64l/brkitr/word.brk" 3501
"/Engine/EditorResources/SequenceRecorder/Countdown" 3502
"../../../Engine/Content/EditorResources/SequenceRecorder/Countdown.uasset" 3503
"/Engine/EditorResources/SequenceRecorder/RecordingIndicator" 3504
"../../../Engine/Content/EditorResources/SequenceRecorder/RecordingIndicator.uasset" 3505
"/Engine/EditorMaterials/PhAT_UnselectedMaterial" 3506
"../../../Engine/Content/EditorMaterials/PhAT_UnselectedMaterial.uasset" 3507
"/Engine/EditorMaterials/PhAT_NoCollisionMaterial" 3508
"../../../Engine/Content/EditorMaterials/PhAT_NoCollisionMaterial.uasset" 3509
"/Engine/EditorResources/S_Terrain" 3510
"../../../Engine/Content/EditorResources/S_Terrain.uasset" 3511
"../../../Engine/Plugins/FX/Niagara/Shaders/Private/NiagaraDataInterfaceTexture2DArrayTemplate.ush" 3512
"../../../Engine/Plugins/FX/Niagara/Shaders/Private/NiagaraDataInterfaceActorComponentTemplate.ush" 3513
"../../../Engine/Plugins/FX/Niagara/Shaders/Private/NiagaraDataInterfaceArrayTemplate.ush" 3514
"../../../Engine/Plugins/FX/Niagara/Shaders/Private/NiagaraDataInterfaceArrayRWTemplate.ush" 3515
"../../../Engine/Plugins/FX/Niagara/Shaders/Private/NiagaraDataInterfaceAsyncGpuTrace.ush" 3516
"../../../Engine/Plugins/FX/Niagara/Shaders/Private/NiagaraDataInterfaceAsyncGpuTraceTemplate.ush" 3517
"../../../Engine/Plugins/FX/Niagara/Shaders/Private/NiagaraDataInterfaceCamera.ush" 3518
"../../../Engine/Plugins/Experimental/ChaosNiagara/Shaders/NiagaraDataInterfaceChaosDestruction.ush" 3519
"../../../Engine/Plugins/FX/Niagara/Shaders/Private/NiagaraDataInterfaceCollisionQuery.ush" 3520
"../../../Engine/Plugins/FX/Niagara/Shaders/Private/NiagaraDataInterfaceCollisionQueryTemplate.ush" 3521
"../../../Engine/Plugins/FX/Niagara/Shaders/Private/NiagaraDataInterfaceCurveTemplate.ush" 3522
"../../../Engine/Plugins/FX/Niagara/Shaders/Private/NiagaraDataInterfaceCubeTextureTemplate.ush" 3523
"../../../Engine/Plugins/FX/Niagara/Shaders/Private/DataChannel/NiagaraDataInterfaceDataChannelCommon.ush" 3524
"../../../Engine/Plugins/FX/Niagara/Shaders/Private/DataChannel/NiagaraDataInterfaceDataChannelTemplateCommon.ush" 3525
"../../../Engine/Plugins/FX/Niagara/Shaders/Private/DataChannel/NiagaraDataInterfaceDataChannelTemplateReadCommon.ush" 3526
"../../../Engine/Plugins/FX/Niagara/Shaders/Private/DataChannel/NiagaraDataInterfaceDataChannelTemplate_Read.ush" 3527
"../../../Engine/Plugins/FX/Niagara/Shaders/Private/DataChannel/NiagaraDataInterfaceDataChannelTemplate_Consume.ush" 3528
"../../../Engine/Plugins/FX/Niagara/Shaders/Private/DataChannel/NiagaraDataInterfaceDataChannelTemplateWriteCommon.ush" 3529
"../../../Engine/Plugins/FX/Niagara/Shaders/Private/DataChannel/NiagaraDataInterfaceDataChannelTemplate_Append.ush" 3530
"../../../Engine/Plugins/FX/Niagara/Shaders/Private/NiagaraDataInterfaceDataTableTemplate.ush" 3531
"../../../Engine/Plugins/FX/Niagara/Shaders/Private/NiagaraDataInterfaceDebugDraw.ush" 3532
"../../../Engine/Plugins/FX/Niagara/Shaders/Private/NiagaraDataInterfaceDebugDrawTemplate.ush" 3533
"../../../Engine/Plugins/FX/Niagara/Shaders/Private/NiagaraDataInterfaceDynamicMeshTemplate.ush" 3534
"../../../Engine/Plugins/FX/Niagara/Shaders/Private/NiagaraDataInterfaceEmitterPropertiesTemplate.ush" 3535
"../../../Engine/Plugins/FX/Niagara/Shaders/Private/NiagaraDataInterfaceExportTemplate.ush" 3536
"../../../Engine/Plugins/FX/Niagara/Shaders/Private/NiagaraDataInterfaceGBufferTemplate.ush" 3537
"../../../Engine/Plugins/Experimental/ChaosNiagara/Shaders/NiagaraDataInterfaceGeometryCollection.ush" 3538
"../../../Engine/Plugins/FX/Niagara/Shaders/Private/NiagaraTransformUtils.ush" 3539
"../../../Engine/Plugins/Runtime/HairStrands/Shaders/Private/NiagaraStrandsExternalForce.ush" 3540
"../../../Engine/Plugins/Runtime/HairStrands/Shaders/Private/NiagaraHookeSpringMaterial.ush" 3541
"../../../Engine/Plugins/Runtime/HairStrands/Shaders/Private/NiagaraAngularSpringMaterial.ush" 3542
"../../../Engine/Plugins/Runtime/HairStrands/Shaders/Private/NiagaraConstantVolumeMaterial.ush" 3543
"../../../Engine/Plugins/Runtime/HairStrands/Shaders/Private/NiagaraCosseratRodMaterial.ush" 3544
"../../../Engine/Plugins/Runtime/HairStrands/Shaders/Private/NiagaraStaticCollisionConstraint.ush" 3545
"../../../Engine/Plugins/Runtime/HairStrands/Shaders/Private/NiagaraDataInterfaceHairStrands.ush" 3546
"../../../Engine/Plugins/Runtime/HairStrands/Shaders/Private/NiagaraDataInterfaceHairStrandsTemplate.ush" 3547
"../../../Engine/Plugins/FX/Niagara/Shaders/Private/NiagaraDataInterfaceIntRenderTarget2D.ush" 3548
"../../../Engine/Plugins/FX/Niagara/Shaders/Private/NiagaraDataInterfaceLandscape.ush" 3549
"../../../Engine/Plugins/FX/Niagara/Shaders/Private/NiagaraDataInterfaceMemoryBufferTemplate.ush" 3550
"../../../Engine/Plugins/FX/Niagara/Shaders/Private/NiagaraDataInterfaceMeshRendererInfoTemplate.ush" 3551
"../../../Engine/Plugins/FX/Niagara/Shaders/Private/NiagaraDataInterfaceOcclusion.ush" 3552
"../../../Engine/Plugins/FX/Niagara/Shaders/Private/NiagaraDataInterfacePhysicsAsset.ush" 3553
"../../../Engine/Plugins/Experimental/ChaosNiagara/Shaders/NiagaraDataInterfacePhysicsField.ush" 3554
"../../../Engine/Plugins/FX/Niagara/Shaders/Private/NiagaraDataInterfacePlatformSetTemplate.ush" 3555
"../../../Engine/Plugins/Runtime/HairStrands/Shaders/Private/NiagaraDataInterfaceVelocityGrid.ush" 3556
"../../../Engine/Plugins/Runtime/HairStrands/Shaders/Private/NiagaraDataInterfaceVelocityGridTemplate.ush" 3557
"../../../Engine/Plugins/Runtime/HairStrands/Shaders/Private/NiagaraDataInterfacePressureGrid.ush" 3558
"../../../Engine/Plugins/Runtime/HairStrands/Shaders/Private/NiagaraDataInterfacePressureGridTemplate.ush" 3559
"../../../Engine/Plugins/FX/Niagara/Shaders/Private/NiagaraDataInterfaceRenderTarget2DTemplate.ush" 3560
"../../../Engine/Plugins/FX/Niagara/Shaders/Private/NiagaraDataInterfaceRenderTarget2DArrayTemplate.ush" 3561
"../../../Engine/Plugins/FX/Niagara/Shaders/Private/NiagaraDataInterfaceRenderTargetCubeTemplate.ush" 3562
"../../../Engine/Plugins/FX/Niagara/Shaders/Private/NiagaraDataInterfaceRenderTargetVolumeTemplate.ush" 3563
"../../../Engine/Plugins/FX/Niagara/Shaders/Private/NiagaraDataInterfaceRigidMeshCollisionQuery.ush" 3564
"../../../Engine/Plugins/FX/Niagara/Shaders/Private/NiagaraDistanceFieldQueries.ush" 3565
"../../../Engine/Plugins/FX/Niagara/Shaders/Private/NiagaraDataInterfaceSceneCapture2DTemplate.ush" 3566
"../../../Engine/Plugins/FX/Niagara/Shaders/Private/NiagaraDataInterfaceSimCacheReaderTemplate.ush" 3567
"../../../Engine/Plugins/FX/Niagara/Shaders/Private/NiagaraDataInterfaceSimpleCounterTemplate.ush" 3568
"../../../Engine/Plugins/FX/Niagara/Shaders/Private/NiagaraDataInterfaceSkeletalMesh.ush" 3569
"../../../Engine/Plugins/FX/Niagara/Shaders/Private/NiagaraBaryCentricUtils.ush" 3570
"../../../Engine/Plugins/FX/Niagara/Shaders/Private/NiagaraDataInterfaceSkeletalMeshTemplate.ush" 3571
"../../../Engine/Plugins/FX/Niagara/Shaders/Private/NiagaraDataInterfaceSocketReaderTemplate.ush" 3572
"../../../Engine/Plugins/FX/Niagara/Shaders/Private/NiagaraDataInterfaceSparseVolumeTextureTemplate.ush" 3573
"../../../Engine/Plugins/FX/Niagara/Shaders/Private/NiagaraDataInterfaceSplineTemplate.ush" 3574
"../../../Engine/Plugins/FX/Niagara/Shaders/Private/NiagaraDataInterfaceSpriteRendererInfoTemplate.ush" 3575
"../../../Engine/Plugins/FX/Niagara/Shaders/Private/NiagaraDataInterfaceStaticMeshTemplate.ush" 3576
"../../../Engine/Plugins/FX/Niagara/Shaders/Private/NiagaraDataInterfaceTextureTemplate.ush" 3577
"../../../Engine/Plugins/FX/Niagara/Shaders/Private/NiagaraDataInterfaceVirtualTexture.ush" 3578
"../../../Engine/Plugins/FX/Niagara/Shaders/Private/NiagaraDataInterfaceVirtualTextureTemplate.ush" 3579
"../../../Engine/Plugins/FX/Niagara/Shaders/Private/NiagaraDataInterfaceVolumeCache.ush" 3580
"../../../Engine/Plugins/FX/Niagara/Shaders/Private/NiagaraDataInterfaceVolumeTextureTemplate.ush" 3581
"../../../Engine/Shaders/Public/Platform/Vulkan/VulkanCommon.ush" 3582
"../../../Engine/Shaders/Public/Platform/Vulkan/VulkanSubpassSupport.ush" 3583
"../../../Engine/Shaders/Public/Platform/GL/GLCommon.ush" 3584
"../../../Engine/Shaders/Public/Platform/GL/GLSubpassSupport.ush" 3585
"C:/Users/Will/Desktop/Work/CHICO/EldritchBotanist/The_Eldritch_Botanist/EldritchBotanistGame/Content/_Images/UI_Images/ArrowG.uasset" 3586
"C:/Users/Will/Desktop/Work/CHICO/EldritchBotanist/The_Eldritch_Botanist/EldritchBotanistGame/Content/_Images/UI_Images/bookinternal.uasset" 3587
"C:/Users/Will/Desktop/Work/CHICO/EldritchBotanist/The_Eldritch_Botanist/EldritchBotanistGame/Content/_Images/UI_Images/ArrowG_R.uasset" 3588
"C:/Users/Will/Desktop/Work/CHICO/EldritchBotanist/The_Eldritch_Botanist/EldritchBotanistGame/Content/_Blueprints/UI/DayUI/Tables/WBP_CraftingTable.uasset" 3589
"C:/Users/Will/Desktop/Work/CHICO/EldritchBotanist/The_Eldritch_Botanist/EldritchBotanistGame/Content/_Blueprints/UI/DayUI/Tables/WBP_PartsBox.uasset" 3590
"C:/Users/Will/Desktop/Work/CHICO/EldritchBotanist/The_Eldritch_Botanist/EldritchBotanistGame/Content/_Blueprints/UI/DayUI/Tables/WBP_CraftingTableItem.uasset" 3591
"C:/Users/Will/Desktop/Work/CHICO/EldritchBotanist/The_Eldritch_Botanist/EldritchBotanistGame/Content/_Blueprints/UI/DayUI/WBP_Compendium.uasset" 3592
"C:/Users/Will/Desktop/Work/CHICO/EldritchBotanist/The_Eldritch_Botanist/EldritchBotanistGame/Content/_Images/UI_Images/plantbox.uasset" 3593
"../../../Engine/Content/EngineResources/AICON-Red.uasset" 3594
"C:/Users/Will/Desktop/Work/CHICO/EldritchBotanist/The_Eldritch_Botanist/EldritchBotanistGame/Content/_Blueprints/UI/DayUI/Tables/WBP_SplicinTable.uasset" 3595
"C:/Users/Will/Desktop/Work/CHICO/EldritchBotanist/The_Eldritch_Botanist/EldritchBotanistGame/Content/_Blueprints/Character/RenderTargets/RT_View.uasset" 3596
"C:/Users/Will/Desktop/Work/CHICO/EldritchBotanist/The_Eldritch_Botanist/EldritchBotanistGame/Content/_Images/UI_Images/Box_Handle.uasset" 3597
"C:/Users/Will/Desktop/Work/CHICO/EldritchBotanist/The_Eldritch_Botanist/EldritchBotanistGame/Content/_Blueprints/Character/RenderTargets/M_RenderView.uasset" 3598
"C:/Users/Will/Desktop/Work/CHICO/EldritchBotanist/The_Eldritch_Botanist/EldritchBotanistGame/Content/_Blueprints/UI/DayUI/Tables/E_Table.uasset" 3599
"C:/Users/Will/Desktop/Work/CHICO/EldritchBotanist/The_Eldritch_Botanist/EldritchBotanistGame/Content/_Blueprints/UI/DayUI/Tables/WBP_3DOverlay.uasset" 3600
"C:/Users/Will/Desktop/Work/CHICO/EldritchBotanist/The_Eldritch_Botanist/EldritchBotanistGame/Content/_Blueprints/UI/DayUI/Tables/WBP_Seedbox.uasset" 3601
"C:/Users/Will/Desktop/Work/CHICO/EldritchBotanist/The_Eldritch_Botanist/EldritchBotanistGame/Content/_Images/UI_Images/GreenhousePlanter.uasset" 3602
"C:/Users/Will/Desktop/Work/CHICO/EldritchBotanist/The_Eldritch_Botanist/EldritchBotanistGame/Content/_Blueprints/UI/DayUI/Tables/WBP_InspectionTable.uasset" 3603
"C:/Users/Will/Desktop/Work/CHICO/EldritchBotanist/The_Eldritch_Botanist/EldritchBotanistGame/Content/_Images/UI_Images/ArrowY.uasset" 3604
"../../../Engine/Content/EngineMaterials/BlendFunc_DefBlend.uasset" 3605
"C:/Users/Will/Desktop/Work/CHICO/EldritchBotanist/The_Eldritch_Botanist/EldritchBotanistGame/Content/_Images/UI_Images/Hand.uasset" 3606
"C:/Users/Will/Desktop/Work/CHICO/EldritchBotanist/The_Eldritch_Botanist/EldritchBotanistGame/Content/_Blueprints/UI/DayUI/Tables/WBP_CreatedPopup.uasset" 3607
"../../../Engine/Content/EngineResources/AICON-Green.uasset" 3608
"C:/Users/Will/Desktop/Work/CHICO/EldritchBotanist/The_Eldritch_Botanist/EldritchBotanistGame/Content/_Blueprints/UI/DayUI/Tables/WBP_NextLastButtons.uasset" 3609
"C:/Users/Will/Desktop/Work/CHICO/EldritchBotanist/The_Eldritch_Botanist/EldritchBotanistGame/Content/_Images/LvlThumbs/AForestedPath_thumb.uasset" 3610
"C:/Users/Will/Desktop/Work/CHICO/EldritchBotanist/The_Eldritch_Botanist/EldritchBotanistGame/Content/_Images/LvlThumbs/Backyard_thumb.uasset" 3611
"C:/Users/Will/Desktop/Work/CHICO/EldritchBotanist/The_Eldritch_Botanist/EldritchBotanistGame/Content/_Blueprints/UI/DayUI/Greenhouse/UMG_GreenhouseItemDay.uasset" 3612
"C:/Users/Will/Desktop/Work/CHICO/EldritchBotanist/The_Eldritch_Botanist/EldritchBotanistGame/Content/_Blueprints/UI/DayUI/Greenhouse/UMG_Greenhouse_Day.uasset" 3613
"C:/Users/Will/Desktop/Work/CHICO/EldritchBotanist/The_Eldritch_Botanist/EldritchBotanistGame/Content/_Images/UI_Images/ArrowY_R.uasset" 3614
"C:/Users/Will/Desktop/Work/CHICO/EldritchBotanist/The_Eldritch_Botanist/EldritchBotanistGame/Content/_Images/UI_Images/SpliceTable.uasset" 3615
"C:/Users/Will/Desktop/Work/CHICO/EldritchBotanist/The_Eldritch_Botanist/EldritchBotanistGame/Content/_Images/UI_Images/InspectionTable.uasset" 3616
"C:/Users/Will/Desktop/Work/CHICO/EldritchBotanist/The_Eldritch_Botanist/EldritchBotanistGame/Content/_Images/UI_Images/paper.uasset" 3617
"/Game/_Images/UI_Images/ArrowG" 3618
"/Game/_Images/UI_Images/ArrowG_R" 3619
"/Game/_Images/UI_Images/bookinternal" 3620
"/Game/_Blueprints/UI/DayUI/WBP_Compendium" 3621
"../../../Engine/Content/EditorBlueprintResources/StandardMacros.uasset" 3622
"../../../../../../Users/Will/Desktop/Work/CHICO/EldritchBotanist/The_Eldritch_Botanist/EldritchBotanistGame/Content/_Fonts/DT_TextStyles.uasset" 3623
"../../../../../../Users/Will/Desktop/Work/CHICO/EldritchBotanist/The_Eldritch_Botanist/EldritchBotanistGame/Content/_Fonts/Wildyrus-Font_Font.uasset" 3624
"../../../../../../Users/Will/Desktop/Work/CHICO/EldritchBotanist/The_Eldritch_Botanist/EldritchBotanistGame/Content/_Audio/Click_Basic.uasset" 3625
"../../../../../../Users/Will/Desktop/Work/CHICO/EldritchBotanist/The_Eldritch_Botanist/EldritchBotanistGame/Content/_Blueprints/UI/DayUI/WBP_DayCycleUI.uasset" 3626
"../../../../../../Users/Will/Desktop/Work/CHICO/EldritchBotanist/The_Eldritch_Botanist/EldritchBotanistGame/Content/_Images/ResourceIcons/BlueHeart_Icon_2x.uasset" 3627
"../../../../../../Users/Will/Desktop/Work/CHICO/EldritchBotanist/The_Eldritch_Botanist/EldritchBotanistGame/Content/_Images/ResourceIcons/DemonClaw_Icon_2x.uasset" 3628
"../../../../../../Users/Will/Desktop/Work/CHICO/EldritchBotanist/The_Eldritch_Botanist/EldritchBotanistGame/Content/_Images/ResourceIcons/goateye_icon_2x.uasset" 3629
"../../../../../../Users/Will/Desktop/Work/CHICO/EldritchBotanist/The_Eldritch_Botanist/EldritchBotanistGame/Content/_Images/ResourceIcons/seed_arid.uasset" 3630
"../../../../../../Users/Will/Desktop/Work/CHICO/EldritchBotanist/The_Eldritch_Botanist/EldritchBotanistGame/Content/_Images/ResourceIcons/seed_forest.uasset" 3631
"../../../../../../Users/Will/Desktop/Work/CHICO/EldritchBotanist/The_Eldritch_Botanist/EldritchBotanistGame/Content/_Images/ResourceIcons/seed_haunted.uasset" 3632
"../../../../../../Users/Will/Desktop/Work/CHICO/EldritchBotanist/The_Eldritch_Botanist/EldritchBotanistGame/Content/_Images/ResourceIcons/seed_sunny.uasset" 3633
"../../../../../../Users/Will/Desktop/Work/CHICO/EldritchBotanist/The_Eldritch_Botanist/EldritchBotanistGame/Content/_Images/ResourceIcons/seed_swamp.uasset" 3634
"../../../../../../Users/Will/Desktop/Work/CHICO/EldritchBotanist/The_Eldritch_Botanist/EldritchBotanistGame/Content/_Images/ResourceIcons/SnakeEye_Icon_2x.uasset" 3635
"../../../../../../Users/Will/Desktop/Work/CHICO/EldritchBotanist/The_Eldritch_Botanist/EldritchBotanistGame/Content/_Images/ResourceIcons/Tentacle_icon.uasset" 3636
"../../../../../../Users/Will/Desktop/Work/CHICO/EldritchBotanist/The_Eldritch_Botanist/EldritchBotanistGame/Content/_Fonts/Wildyrus-Font.uasset" 3637
"../../../../../../Users/Will/Desktop/Work/CHICO/EldritchBotanist/The_Eldritch_Botanist/EldritchBotanistGame/Content/_Blueprints/Character/Spawners/BP_PlantCam.uasset" 3638
"../../../../../../Users/Will/Desktop/Work/CHICO/EldritchBotanist/The_Eldritch_Botanist/EldritchBotanistGame/Content/_Blueprints/InstanceAndSave/BP_TEBGameInstance.uasset" 3639
"../../../../../../Users/Will/Desktop/Work/CHICO/EldritchBotanist/The_Eldritch_Botanist/EldritchBotanistGame/Content/_Blueprints/UI/TutorialUI/BP_TutorialManager.uasset" 3640
"../../../Engine/Content/EngineFonts/RobotoTiny.uasset" 3641
"../../../../../../Users/Will/Desktop/Work/CHICO/EldritchBotanist/The_Eldritch_Botanist/EldritchBotanistGame/Content/_Blueprints/UI/MenusUI/WBP_PauseMenu.uasset" 3642
"../../../../../../Users/Will/Desktop/Work/CHICO/EldritchBotanist/The_Eldritch_Botanist/EldritchBotanistGame/Content/_Blueprints/Data/e_ResourceID.uasset" 3643
"../../../../../../Users/Will/Desktop/Work/CHICO/EldritchBotanist/The_Eldritch_Botanist/EldritchBotanistGame/Content/_Blueprints/UI/MenusUI/WBP_LevelSelect.uasset" 3644
"../../../../../../Users/Will/Desktop/Work/CHICO/EldritchBotanist/The_Eldritch_Botanist/EldritchBotanistGame/Content/_Blueprints/UI/TutorialUI/WBP_HighlightAnchor.uasset" 3645
"../../../../../../Users/Will/Desktop/Work/CHICO/EldritchBotanist/The_Eldritch_Botanist/EldritchBotanistGame/Content/_Images/UI_Images/CompendiumPodium.uasset" 3646
"../../../../../../Users/Will/Desktop/Work/CHICO/EldritchBotanist/The_Eldritch_Botanist/EldritchBotanistGame/Content/_Images/UI_Images/Gear_Icon.uasset" 3647
"../../../../../../Users/Will/Desktop/Work/CHICO/EldritchBotanist/The_Eldritch_Botanist/EldritchBotanistGame/Content/_Images/UI_Images/NightIcon.uasset" 3648
"../../../../../../Users/Will/Desktop/Work/CHICO/EldritchBotanist/The_Eldritch_Botanist/EldritchBotanistGame/Content/_Blueprints/Character/Plants/BP_PlantBase.uasset" 3649
"../../../../../../Users/Will/Desktop/Work/CHICO/EldritchBotanist/The_Eldritch_Botanist/EldritchBotanistGame/Content/_Blueprints/Inventory/BP_PlantDataStore.uasset" 3650
"../../../Engine/Content/MapTemplates/T_ScreenDirt02_w.uasset" 3651
"../../../../../../Users/Will/Desktop/Work/CHICO/EldritchBotanist/The_Eldritch_Botanist/EldritchBotanistGame/Content/_Blueprints/Data/E_PlantID.uasset" 3652
"../../../../../../Users/Will/Desktop/Work/CHICO/EldritchBotanist/The_Eldritch_Botanist/EldritchBotanistGame/Content/_Blueprints/InstanceAndSave/BP_SaveGame.uasset" 3653
"../../../../../../Users/Will/Desktop/Work/CHICO/EldritchBotanist/The_Eldritch_Botanist/EldritchBotanistGame/Content/_Blueprints/Data/DT_StatsByPlayerLevel.uasset" 3654
"../../../../../../Users/Will/Desktop/Work/CHICO/EldritchBotanist/The_Eldritch_Botanist/EldritchBotanistGame/Content/_Blueprints/Data/E_Discovery.uasset" 3655
"../../../../../../Users/Will/Desktop/Work/CHICO/EldritchBotanist/The_Eldritch_Botanist/EldritchBotanistGame/Content/_Blueprints/Data/E_Levels.uasset" 3656
"../../../../../../Users/Will/Desktop/Work/CHICO/EldritchBotanist/The_Eldritch_Botanist/EldritchBotanistGame/Content/_Blueprints/Data/STR_InventorySlot.uasset" 3657
"../../../../../../Users/Will/Desktop/Work/CHICO/EldritchBotanist/The_Eldritch_Botanist/EldritchBotanistGame/Content/_Blueprints/Data/STR_StatItem.uasset" 3658
"../../../../../../Users/Will/Desktop/Work/CHICO/EldritchBotanist/The_Eldritch_Botanist/EldritchBotanistGame/Content/_Blueprints/UI/TutorialUI/WBP_TutorialPopup.uasset" 3659
"../../../../../../Users/Will/Desktop/Work/CHICO/EldritchBotanist/The_Eldritch_Botanist/EldritchBotanistGame/Content/_Blueprints/UI/TutorialUI/STR_TutorialStep.uasset" 3660
"../../../Engine/Content/EngineFonts/Faces/RobotoTiny.uasset" 3661
"../../../../../../Users/Will/Desktop/Work/CHICO/EldritchBotanist/The_Eldritch_Botanist/EldritchBotanistGame/Content/_Blueprints/UI/MenusUI/WBP_OptionsMenu.uasset" 3662
"../../../../../../Users/Will/Desktop/Work/CHICO/EldritchBotanist/The_Eldritch_Botanist/EldritchBotanistGame/Content/_Images/UI_Images/DropShadow.uasset" 3663
"../../../../../../Users/Will/Desktop/Work/CHICO/EldritchBotanist/The_Eldritch_Botanist/EldritchBotanistGame/Content/_Images/UI_Images/PlantsPatternButton.uasset" 3664
"../../../../../../Users/Will/Desktop/Work/CHICO/EldritchBotanist/The_Eldritch_Botanist/EldritchBotanistGame/Content/_Images/UI_Images/PopupBG.uasset" 3665
"../../../../../../Users/Will/Desktop/Work/CHICO/EldritchBotanist/The_Eldritch_Botanist/EldritchBotanistGame/Content/Input/Touch/BPI_TouchInterface.uasset" 3666
"../../../../../../Users/Will/Desktop/Work/CHICO/EldritchBotanist/The_Eldritch_Botanist/EldritchBotanistGame/Content/_Blueprints/Data/DT_ItemRegistry.uasset" 3667
"../../../../../../Users/Will/Desktop/Work/CHICO/EldritchBotanist/The_Eldritch_Botanist/EldritchBotanistGame/Content/_Blueprints/Data/STR_UnitData.uasset" 3668
"../../../../../../Users/Will/Desktop/Work/CHICO/EldritchBotanist/The_Eldritch_Botanist/EldritchBotanistGame/Content/_Images/PlantIcons/beef.uasset" 3669
"../../../../../../Users/Will/Desktop/Work/CHICO/EldritchBotanist/The_Eldritch_Botanist/EldritchBotanistGame/Content/_Images/PlantIcons/bloodcap.uasset" 3670
"../../../../../../Users/Will/Desktop/Work/CHICO/EldritchBotanist/The_Eldritch_Botanist/EldritchBotanistGame/Content/_Images/PlantIcons/cactus.uasset" 3671
"../../../../../../Users/Will/Desktop/Work/CHICO/EldritchBotanist/The_Eldritch_Botanist/EldritchBotanistGame/Content/_Images/PlantIcons/evileye.uasset" 3672
"../../../../../../Users/Will/Desktop/Work/CHICO/EldritchBotanist/The_Eldritch_Botanist/EldritchBotanistGame/Content/_Images/PlantIcons/singingbells.uasset" 3673
"../../../../../../Users/Will/Desktop/Work/CHICO/EldritchBotanist/The_Eldritch_Botanist/EldritchBotanistGame/Content/_Images/PlantIcons/spitter.uasset" 3674
"../../../../../../Users/Will/Desktop/Work/CHICO/EldritchBotanist/The_Eldritch_Botanist/EldritchBotanistGame/Content/_Images/PlantIcons/tentacles.uasset" 3675
"../../../../../../Users/Will/Desktop/Work/CHICO/EldritchBotanist/The_Eldritch_Botanist/EldritchBotanistGame/Content/_Images/LvlThumbs/Snowplains_thumb.uasset" 3676
"../../../../../../Users/Will/Desktop/Work/CHICO/EldritchBotanist/The_Eldritch_Botanist/EldritchBotanistGame/Content/_Images/LvlThumbs/Swamp_thumb.uasset" 3677
"../../../../../../Users/Will/Desktop/Work/CHICO/EldritchBotanist/The_Eldritch_Botanist/EldritchBotanistGame/Content/_Images/LvlThumbs/YonderGarden_thumb.uasset" 3678
"../../../../../../Users/Will/Desktop/Work/CHICO/EldritchBotanist/The_Eldritch_Botanist/EldritchBotanistGame/Content/_Blueprints/UI/TutorialUI/WBP_TutorialGlow.uasset" 3679
"../../../../../../Users/Will/Desktop/Work/CHICO/EldritchBotanist/The_Eldritch_Botanist/EldritchBotanistGame/Content/_Blueprints/Character/BP_Projectile.uasset" 3680
"../../../../../../Users/Will/Desktop/Work/CHICO/EldritchBotanist/The_Eldritch_Botanist/EldritchBotanistGame/Content/_Blueprints/Character/Enemies/BP_EnemyBase.uasset" 3681
"../../../../../../Users/Will/Desktop/Work/CHICO/EldritchBotanist/The_Eldritch_Botanist/EldritchBotanistGame/Content/_Blueprints/Character/HealthAndDamage/BP_DmgIndicator.uasset" 3682
"../../../../../../Users/Will/Desktop/Work/CHICO/EldritchBotanist/The_Eldritch_Botanist/EldritchBotanistGame/Content/_Blueprints/Character/HealthAndDamage/WC_HealthBar.uasset" 3683
"../../../../../../Users/Will/Desktop/Work/CHICO/EldritchBotanist/The_Eldritch_Botanist/EldritchBotanistGame/Content/_Blueprints/Character/Plants/BPC_EffectInRange.uasset" 3684
"../../../../../../Users/Will/Desktop/Work/CHICO/EldritchBotanist/The_Eldritch_Botanist/EldritchBotanistGame/Content/_Blueprints/UI/WBP_Healthbar.uasset" 3685
"../../../../../../Users/Will/Desktop/Work/CHICO/EldritchBotanist/The_Eldritch_Botanist/EldritchBotanistGame/Content/Characters/Mannequins/Meshes/SKM_Quinn_Simple.uasset" 3686
"../../../../../../Users/Will/Desktop/Work/CHICO/EldritchBotanist/The_Eldritch_Botanist/EldritchBotanistGame/Content/_Blueprints/UI/NightUI/UMG_GreenhouseItemNight.uasset" 3687
"../../../../../../Users/Will/Desktop/Work/CHICO/EldritchBotanist/The_Eldritch_Botanist/EldritchBotanistGame/Content/_Blueprints/UI/WBP_SpawnButton.uasset" 3688
"../../../../../../Users/Will/Desktop/Work/CHICO/EldritchBotanist/The_Eldritch_Botanist/EldritchBotanistGame/Content/_Images/UI_Images/oldlady_top.uasset" 3689
"../../../../../../Users/Will/Desktop/Work/CHICO/EldritchBotanist/The_Eldritch_Botanist/EldritchBotanistGame/Content/_Blueprints/UI/TutorialUI/WBP_NightTutorialPopup.uasset" 3690
"../../../../../../Users/Will/Desktop/Work/CHICO/EldritchBotanist/The_Eldritch_Botanist/EldritchBotanistGame/Content/_Blueprints/Character/Plants/BP_PlantBeef.uasset" 3691
"../../../../../../Users/Will/Desktop/Work/CHICO/EldritchBotanist/The_Eldritch_Botanist/EldritchBotanistGame/Content/_Blueprints/Character/Plants/BP_PlantBeef_Potted.uasset" 3692
"../../../../../../Users/Will/Desktop/Work/CHICO/EldritchBotanist/The_Eldritch_Botanist/EldritchBotanistGame/Content/_Blueprints/Character/Plants/BP_PlantCactus.uasset" 3693
"../../../../../../Users/Will/Desktop/Work/CHICO/EldritchBotanist/The_Eldritch_Botanist/EldritchBotanistGame/Content/_Blueprints/Character/Plants/BP_PlantCactus_Potted.uasset" 3694
"../../../../../../Users/Will/Desktop/Work/CHICO/EldritchBotanist/The_Eldritch_Botanist/EldritchBotanistGame/Content/_Blueprints/Character/Plants/BP_PlantEvilEye.uasset" 3695
"../../../../../../Users/Will/Desktop/Work/CHICO/EldritchBotanist/The_Eldritch_Botanist/EldritchBotanistGame/Content/_Blueprints/Character/Plants/BP_PlantEvilEye_Potted.uasset" 3696
"../../../../../../Users/Will/Desktop/Work/CHICO/EldritchBotanist/The_Eldritch_Botanist/EldritchBotanistGame/Content/_Blueprints/Character/Plants/BP_PlantSingingBells.uasset" 3697
"../../../../../../Users/Will/Desktop/Work/CHICO/EldritchBotanist/The_Eldritch_Botanist/EldritchBotanistGame/Content/_Blueprints/Character/Plants/BP_PlantSingingBells_Potted.uasset" 3698
"../../../../../../Users/Will/Desktop/Work/CHICO/EldritchBotanist/The_Eldritch_Botanist/EldritchBotanistGame/Content/_Blueprints/Character/Plants/BP_PlantSpitter.uasset" 3699
"../../../../../../Users/Will/Desktop/Work/CHICO/EldritchBotanist/The_Eldritch_Botanist/EldritchBotanistGame/Content/_Blueprints/Character/Plants/BP_PlantSpitter_Potted.uasset" 3700
"../../../../../../Users/Will/Desktop/Work/CHICO/EldritchBotanist/The_Eldritch_Botanist/EldritchBotanistGame/Content/_Blueprints/Character/Plants/BP_PlantStickyMushroom.uasset" 3701
"../../../../../../Users/Will/Desktop/Work/CHICO/EldritchBotanist/The_Eldritch_Botanist/EldritchBotanistGame/Content/_Blueprints/Character/Plants/BP_PlantStickyMushroom_Potted.uasset" 3702
"../../../../../../Users/Will/Desktop/Work/CHICO/EldritchBotanist/The_Eldritch_Botanist/EldritchBotanistGame/Content/_Blueprints/Character/Plants/BP_PlantTentacle.uasset" 3703
"../../../../../../Users/Will/Desktop/Work/CHICO/EldritchBotanist/The_Eldritch_Botanist/EldritchBotanistGame/Content/_Blueprints/Character/Plants/BP_PlantTentacle_Potted.uasset" 3704
"../../../../../../Users/Will/Desktop/Work/CHICO/EldritchBotanist/The_Eldritch_Botanist/EldritchBotanistGame/Content/_Images/ResourceIcons/blood_icon.uasset" 3705
"../../../../../../Users/Will/Desktop/Work/CHICO/EldritchBotanist/The_Eldritch_Botanist/EldritchBotanistGame/Content/_Blueprints/UI/TutorialUI/TutGlowMaterial/M_TutGlow_Inst.uasset" 3706
"../../../Engine/Content/MapTemplates/Materials/BasicAsset03.uasset" 3707
"../../../Engine/Content/VREditor/UI/FrameMaterial.uasset" 3708
"../../../../../../Users/Will/Desktop/Work/CHICO/EldritchBotanist/The_Eldritch_Botanist/EldritchBotanistGame/Content/_VFX/PulseGlow/VFX_ProjectileVFX.uasset" 3709
"../../../Engine/Content/EngineMeshes/MaterialSphere.uasset" 3710
"../../../../../../Users/Will/Desktop/Work/CHICO/EldritchBotanist/The_Eldritch_Botanist/EldritchBotanistGame/Content/_Blueprints/CameraHouse/BP_HomeBase.uasset" 3711
"../../../../../../Users/Will/Desktop/Work/CHICO/EldritchBotanist/The_Eldritch_Botanist/EldritchBotanistGame/Content/_Blueprints/Character/AI_EnemyBehavior/AIC_Enemy.uasset" 3712
"../../../Engine/Content/Tutorial/SubEditors/TutorialAssets/Character/TutorialTPP.uasset" 3713
"../../../../../../Users/Will/Desktop/Work/CHICO/EldritchBotanist/The_Eldritch_Botanist/EldritchBotanistGame/Content/_Blueprints/Character/Enemies/E_EnemyState.uasset" 3714
"../../../../../../Users/Will/Desktop/Work/CHICO/EldritchBotanist/The_Eldritch_Botanist/EldritchBotanistGame/Content/_Blueprints/Character/HealthAndDamage/BPI_DmgIndicator.uasset" 3715
"../../../../../../Users/Will/Desktop/Work/CHICO/EldritchBotanist/The_Eldritch_Botanist/EldritchBotanistGame/Content/_Blueprints/Character/HealthAndDamage/WBP_DamageIndicator.uasset" 3716
"../../../../../../Users/Will/Desktop/Work/CHICO/EldritchBotanist/The_Eldritch_Botanist/EldritchBotanistGame/Content/Characters/Mannequins/Materials/Quinn/MI_Quinn_01.uasset" 3717
"../../../../../../Users/Will/Desktop/Work/CHICO/EldritchBotanist/The_Eldritch_Botanist/EldritchBotanistGame/Content/Characters/Mannequins/Materials/Quinn/MI_Quinn_02.uasset" 3718
"../../../../../../Users/Will/Desktop/Work/CHICO/EldritchBotanist/The_Eldritch_Botanist/EldritchBotanistGame/Content/Characters/Mannequins/Meshes/SK_Mannequin.uasset" 3719
"../../../../../../Users/Will/Desktop/Work/CHICO/EldritchBotanist/The_Eldritch_Botanist/EldritchBotanistGame/Content/Characters/Mannequins/Rigs/PA_Mannequin.uasset" 3720
"../../../../../../Users/Will/Desktop/Work/CHICO/EldritchBotanist/The_Eldritch_Botanist/EldritchBotanistGame/Content/_Blueprints/Animations/Beef_Idle_Anim.uasset" 3721
"../../../../../../Users/Will/Desktop/Work/CHICO/EldritchBotanist/The_Eldritch_Botanist/EldritchBotanistGame/Content/_Materials/m_plants_Beef.uasset" 3722
"../../../../../../Users/Will/Desktop/Work/CHICO/EldritchBotanist/The_Eldritch_Botanist/EldritchBotanistGame/Content/_Materials/m_Toon_Outline.uasset" 3723
"../../../../../../Users/Will/Desktop/Work/CHICO/EldritchBotanist/The_Eldritch_Botanist/EldritchBotanistGame/Content/_Blueprints/Character/Plants/PlantModels/plant_mulch.uasset" 3724
"../../../../../../Users/Will/Desktop/Work/CHICO/EldritchBotanist/The_Eldritch_Botanist/EldritchBotanistGame/Content/_Blueprints/Rigs/BeefRig_.uasset" 3725
"../../../../../../Users/Will/Desktop/Work/CHICO/EldritchBotanist/The_Eldritch_Botanist/EldritchBotanistGame/Content/_Blueprints/Character/Plants/PlantModels/plant_tier1Pot1.uasset" 3726
"../../../../../../Users/Will/Desktop/Work/CHICO/EldritchBotanist/The_Eldritch_Botanist/EldritchBotanistGame/Content/_Blueprints/Animations/Cactus_Idle_Anim.uasset" 3727
"../../../../../../Users/Will/Desktop/Work/CHICO/EldritchBotanist/The_Eldritch_Botanist/EldritchBotanistGame/Content/_Materials/m_Cactus.uasset" 3728
"../../../../../../Users/Will/Desktop/Work/CHICO/EldritchBotanist/The_Eldritch_Botanist/EldritchBotanistGame/Content/_Blueprints/Rigs/CactusRig_.uasset" 3729
"../../../../../../Users/Will/Desktop/Work/CHICO/EldritchBotanist/The_Eldritch_Botanist/EldritchBotanistGame/Content/_Blueprints/Animations/EvilEye_Idle_Anim.uasset" 3730
"../../../../../../Users/Will/Desktop/Work/CHICO/EldritchBotanist/The_Eldritch_Botanist/EldritchBotanistGame/Content/_Materials/m_evilEye.uasset" 3731
"../../../../../../Users/Will/Desktop/Work/CHICO/EldritchBotanist/The_Eldritch_Botanist/EldritchBotanistGame/Content/_Blueprints/Rigs/EvilEyeRig_.uasset" 3732
"../../../../../../Users/Will/Desktop/Work/CHICO/EldritchBotanist/The_Eldritch_Botanist/EldritchBotanistGame/Content/_Blueprints/Animations/SingingBells_Idle_Anim.uasset" 3733
"../../../../../../Users/Will/Desktop/Work/CHICO/EldritchBotanist/The_Eldritch_Botanist/EldritchBotanistGame/Content/_Materials/m_singingBells.uasset" 3734
"../../../../../../Users/Will/Desktop/Work/CHICO/EldritchBotanist/The_Eldritch_Botanist/EldritchBotanistGame/Content/_Blueprints/Rigs/SingingBellsRig_.uasset" 3735
"../../../../../../Users/Will/Desktop/Work/CHICO/EldritchBotanist/The_Eldritch_Botanist/EldritchBotanistGame/Content/_Blueprints/Animations/Spitter_Idle_Anim.uasset" 3736
"../../../../../../Users/Will/Desktop/Work/CHICO/EldritchBotanist/The_Eldritch_Botanist/EldritchBotanistGame/Content/_Materials/m_SpitterPlant.uasset" 3737
"../../../../../../Users/Will/Desktop/Work/CHICO/EldritchBotanist/The_Eldritch_Botanist/EldritchBotanistGame/Content/_Blueprints/Rigs/SpitterRig_.uasset" 3738
"../../../../../../Users/Will/Desktop/Work/CHICO/EldritchBotanist/The_Eldritch_Botanist/EldritchBotanistGame/Content/_Blueprints/Animations/StickyMushroom_Idle_Anim.uasset" 3739
"../../../../../../Users/Will/Desktop/Work/CHICO/EldritchBotanist/The_Eldritch_Botanist/EldritchBotanistGame/Content/_Materials/m_plants_StickyMushroom.uasset" 3740
"../../../../../../Users/Will/Desktop/Work/CHICO/EldritchBotanist/The_Eldritch_Botanist/EldritchBotanistGame/Content/_Blueprints/Rigs/StickyMushroom_Idle.uasset" 3741
"../../../../../../Users/Will/Desktop/Work/CHICO/EldritchBotanist/The_Eldritch_Botanist/EldritchBotanistGame/Content/_Blueprints/Animations/Tentacle_Idle_Anim.uasset" 3742
"../../../../../../Users/Will/Desktop/Work/CHICO/EldritchBotanist/The_Eldritch_Botanist/EldritchBotanistGame/Content/_Materials/m_tentaclePlant.uasset" 3743
"../../../../../../Users/Will/Desktop/Work/CHICO/EldritchBotanist/The_Eldritch_Botanist/EldritchBotanistGame/Content/_Blueprints/Rigs/TentacleRig_.uasset" 3744
"../../../../../../Users/Will/Desktop/Work/CHICO/EldritchBotanist/The_Eldritch_Botanist/EldritchBotanistGame/Content/_Blueprints/UI/TutorialUI/TutGlowMaterial/M_TutGlow.uasset" 3745
"../../../Engine/Content/VREditor/UI/KeyMaterial.uasset" 3746
"../../Plugins/FX/Niagara/Content/DefaultAssets/DefaultSpriteMaterial.uasset" 3747
"../../Plugins/FX/Niagara/Content/DefaultAssets/Templates/CascadeConversion/CompletelyEmpty.uasset" 3748
"../../Plugins/FX/Niagara/Content/DynamicInputs/UniformRange/V2/RandomRangeFloat.uasset" 3749
"../../Plugins/FX/Niagara/Content/Modules/Emitter/EmitterState.uasset" 3750
"../../Plugins/FX/Niagara/Content/Modules/Emitter/SpawnRate.uasset" 3751
"../../Plugins/FX/Niagara/Content/Modules/Solvers/SolveForcesAndVelocity.uasset" 3752
"../../Plugins/FX/Niagara/Content/Modules/Spawn/Initialization/V2/InitializeParticle.uasset" 3753
"../../Plugins/FX/Niagara/Content/Modules/Spawn/Velocity/AddVelocity.uasset" 3754
"../../Plugins/FX/Niagara/Content/Modules/System/SystemState.uasset" 3755
"../../Plugins/FX/Niagara/Content/Modules/Update/Color/ScaleColor.uasset" 3756
"../../Plugins/FX/Niagara/Content/Modules/Update/Forces/Drag.uasset" 3757
"../../Plugins/FX/Niagara/Content/Modules/Update/Lifetime/ParticleState.uasset" 3758
"../../Plugins/FX/Niagara/Content/Enums/Angles/ENiagara_AngleInput.uasset" 3759
"../../Plugins/FX/Niagara/Content/Enums/ENiagara_ColorInitializationMode.uasset" 3760
"../../Plugins/FX/Niagara/Content/Enums/ENiagara_EmitterStateOptions.uasset" 3761
"../../Plugins/FX/Niagara/Content/Enums/ENiagara_InfiniteLoopDuration.uasset" 3762
"../../Plugins/FX/Niagara/Content/Enums/ENiagara_LifetimeMode.uasset" 3763
"../../Plugins/FX/Niagara/Content/Enums/ENiagara_MassInitializationMode.uasset" 3764
"../../Plugins/FX/Niagara/Content/Enums/ENiagara_PositionInitializationMode.uasset" 3765
"../../Plugins/FX/Niagara/Content/Enums/ENiagara_SizeScaleMode.uasset" 3766
"../../Plugins/FX/Niagara/Content/Enums/ENiagara_SpriteRotationMode.uasset" 3767
"../../Plugins/FX/Niagara/Content/Enums/ENiagara_UVFlippingMode.uasset" 3768
"../../Plugins/FX/Niagara/Content/Enums/ENiagaraChannelCorrelation.uasset" 3769
"../../Plugins/FX/Niagara/Content/Enums/ENiagaraEmitterLifeCycleMode.uasset" 3770
"../../Plugins/FX/Niagara/Content/Enums/ENiagaraEmitterScalabilityMode_Limited.uasset" 3771
"../../Plugins/FX/Niagara/Content/Enums/ENiagaraInactiveMode.uasset" 3772
"../../Plugins/FX/Niagara/Content/Enums/ENiagaraRandomnessEvaluation.uasset" 3773
"../../Plugins/FX/Niagara/Content/Enums/ENiagaraRandomnessMode.uasset" 3774
"../../Plugins/FX/Niagara/Content/Enums/ENiagaraScaleColorMode.uasset" 3775
"../../Plugins/FX/Niagara/Content/Enums/ENiagaraSystemInactiveMode.uasset" 3776
"../../Plugins/FX/Niagara/Content/Enums/Ribbons/ENiagara_UnsetDirectSet.uasset" 3777
"../../Plugins/FX/Niagara/Content/Enums/Ribbons/ENiagara_UnsetDirectSetRandom.uasset" 3778
"../../Plugins/FX/Niagara/Content/Enums/Transforms/ENiagara_RotationMode.uasset" 3779
"../../Plugins/FX/Niagara/Content/Enums/Utility/ENiagara_VelocityMode.uasset" 3780
"../../../../../../Users/Will/Desktop/Work/CHICO/EldritchBotanist/The_Eldritch_Botanist/EldritchBotanistGame/Content/_Blueprints/CameraHouse/BP_HousePrefab.uasset" 3781
"../../../../../../Users/Will/Desktop/Work/CHICO/EldritchBotanist/The_Eldritch_Botanist/EldritchBotanistGame/Content/_Blueprints/Character/Spawners/BP_EnemySpawner.uasset" 3782
"../../../../../../Users/Will/Desktop/Work/CHICO/EldritchBotanist/The_Eldritch_Botanist/EldritchBotanistGame/Content/_Blueprints/Data/DT_LevelData.uasset" 3783
"../../../../../../Users/Will/Desktop/Work/CHICO/EldritchBotanist/The_Eldritch_Botanist/EldritchBotanistGame/Content/_Blueprints/Character/Spawners/WBP_LevelStart.uasset" 3784
"../../../../../../Users/Will/Desktop/Work/CHICO/EldritchBotanist/The_Eldritch_Botanist/EldritchBotanistGame/Content/_Blueprints/Data/STR_LevelItem.uasset" 3785
"../../../../../../Users/Will/Desktop/Work/CHICO/EldritchBotanist/The_Eldritch_Botanist/EldritchBotanistGame/Content/_Blueprints/UI/MenusUI/WBP_LevelFinishUI.uasset" 3786
"../../../../../../Users/Will/Desktop/Work/CHICO/EldritchBotanist/The_Eldritch_Botanist/EldritchBotanistGame/Content/_Blueprints/UI/NightUI/UMG_Greenhouse_Night.uasset" 3787
"../../../../../../Users/Will/Desktop/Work/CHICO/EldritchBotanist/The_Eldritch_Botanist/EldritchBotanistGame/Content/_Blueprints/UI/NightUI/WBP_WaveTimer.uasset" 3788
"../../../../../../Users/Will/Desktop/Work/CHICO/EldritchBotanist/The_Eldritch_Botanist/EldritchBotanistGame/Content/_Blueprints/Character/AI_EnemyBehavior/BT_BaseEnemyBehavior.uasset" 3789
"../../../Engine/Content/Tutorial/SubEditors/TutorialAssets/Character/TutorialTPP_Mat.uasset" 3790
"../../../Engine/Content/Tutorial/SubEditors/TutorialAssets/Character/TutorialTPP_PhysicsAsset.uasset" 3791
"../../../Engine/Content/Tutorial/SubEditors/TutorialAssets/Character/TutorialTPP_Skeleton.uasset" 3792
"../../../../../../Users/Will/Desktop/Work/CHICO/EldritchBotanist/The_Eldritch_Botanist/EldritchBotanistGame/Content/Characters/Mannequins/Materials/M_Mannequin.uasset" 3793
"../../../../../../Users/Will/Desktop/Work/CHICO/EldritchBotanist/The_Eldritch_Botanist/EldritchBotanistGame/Content/Characters/Mannequins/Textures/Quinn/T_Quinn_01_D.uasset" 3794
"../../../../../../Users/Will/Desktop/Work/CHICO/EldritchBotanist/The_Eldritch_Botanist/EldritchBotanistGame/Content/Characters/Mannequins/Textures/Quinn/T_Quinn_01_MRA.uasset" 3795
"../../../../../../Users/Will/Desktop/Work/CHICO/EldritchBotanist/The_Eldritch_Botanist/EldritchBotanistGame/Content/Characters/Mannequins/Textures/Quinn/T_Quinn_01_N.uasset" 3796
"../../../../../../Users/Will/Desktop/Work/CHICO/EldritchBotanist/The_Eldritch_Botanist/EldritchBotanistGame/Content/Characters/Mannequins/Textures/Quinn/T_Quinn_02_D.uasset" 3797
"../../../../../../Users/Will/Desktop/Work/CHICO/EldritchBotanist/The_Eldritch_Botanist/EldritchBotanistGame/Content/Characters/Mannequins/Textures/Quinn/T_Quinn_02_MRA.uasset" 3798
"../../../../../../Users/Will/Desktop/Work/CHICO/EldritchBotanist/The_Eldritch_Botanist/EldritchBotanistGame/Content/Characters/Mannequins/Textures/Quinn/T_Quinn_02_N.uasset" 3799
"../../../../../../Users/Will/Desktop/Work/CHICO/EldritchBotanist/The_Eldritch_Botanist/EldritchBotanistGame/Content/_Blueprints/Rigs/BeefRig__Skeleton.uasset" 3800
"../../../../../../Users/Will/Desktop/Work/CHICO/EldritchBotanist/The_Eldritch_Botanist/EldritchBotanistGame/Content/_Materials/Textures/Plants/plant_BeefPainter_m_plants_Beef_BaseColor.uasset" 3801
"../../../../../../Users/Will/Desktop/Work/CHICO/EldritchBotanist/The_Eldritch_Botanist/EldritchBotanistGame/Content/_Materials/Textures/Plants/plant_BeefPainter_m_plants_Beef_Normal.uasset" 3802
"../../../../../../Users/Will/Desktop/Work/CHICO/EldritchBotanist/The_Eldritch_Botanist/EldritchBotanistGame/Content/_Materials/Textures/Plants/plant_BeefPainter_m_plants_Beef_OcclusionRoughnessMetallic.uasset" 3803
"../../../../../../Users/Will/Desktop/Work/CHICO/EldritchBotanist/The_Eldritch_Botanist/EldritchBotanistGame/Content/_Materials/m_mulch.uasset" 3804
"../../../../../../Users/Will/Desktop/Work/CHICO/EldritchBotanist/The_Eldritch_Botanist/EldritchBotanistGame/Content/_Materials/m_pots.uasset" 3805
"../../../../../../Users/Will/Desktop/Work/CHICO/EldritchBotanist/The_Eldritch_Botanist/EldritchBotanistGame/Content/_Blueprints/Rigs/CactusRig__Skeleton.uasset" 3806
"../../../../../../Users/Will/Desktop/Work/CHICO/EldritchBotanist/The_Eldritch_Botanist/EldritchBotanistGame/Content/_Materials/Textures/Plants/plant_cactus_m_Cactus_BaseColor.uasset" 3807
"../../../../../../Users/Will/Desktop/Work/CHICO/EldritchBotanist/The_Eldritch_Botanist/EldritchBotanistGame/Content/_Materials/Textures/Plants/plant_cactus_m_Cactus_Normal.uasset" 3808
"../../../../../../Users/Will/Desktop/Work/CHICO/EldritchBotanist/The_Eldritch_Botanist/EldritchBotanistGame/Content/_Materials/Textures/Plants/plant_cactus_m_Cactus_OcclusionRoughnessMetallic.uasset" 3809
"../../../../../../Users/Will/Desktop/Work/CHICO/EldritchBotanist/The_Eldritch_Botanist/EldritchBotanistGame/Content/_Blueprints/Rigs/EvilEyeRig__Skeleton.uasset" 3810
"../../../../../../Users/Will/Desktop/Work/CHICO/EldritchBotanist/The_Eldritch_Botanist/EldritchBotanistGame/Content/_Materials/Textures/Plants/plant_evilEye_m_evilEye_BaseColor.uasset" 3811
"../../../../../../Users/Will/Desktop/Work/CHICO/EldritchBotanist/The_Eldritch_Botanist/EldritchBotanistGame/Content/_Materials/Textures/Plants/plant_evilEye_m_evilEye_Normal.uasset" 3812
"../../../../../../Users/Will/Desktop/Work/CHICO/EldritchBotanist/The_Eldritch_Botanist/EldritchBotanistGame/Content/_Materials/Textures/Plants/plant_evilEye_m_evilEye_OcclusionRoughnessMetallic.uasset" 3813
"../../../../../../Users/Will/Desktop/Work/CHICO/EldritchBotanist/The_Eldritch_Botanist/EldritchBotanistGame/Content/_Blueprints/Rigs/SingingBellsRig__Skeleton.uasset" 3814
"../../../../../../Users/Will/Desktop/Work/CHICO/EldritchBotanist/The_Eldritch_Botanist/EldritchBotanistGame/Content/_Materials/Textures/Plants/plant_singingBellsPainter_m_singingBells_BaseColor.uasset" 3815
"../../../../../../Users/Will/Desktop/Work/CHICO/EldritchBotanist/The_Eldritch_Botanist/EldritchBotanistGame/Content/_Materials/Textures/Plants/plant_singingBellsPainter_m_singingBells_Normal.uasset" 3816
"../../../../../../Users/Will/Desktop/Work/CHICO/EldritchBotanist/The_Eldritch_Botanist/EldritchBotanistGame/Content/_Materials/Textures/Plants/plant_singingBellsPainter_m_singingBells_OcclusionRoughnessMetallic.uasset" 3817
"../../../../../../Users/Will/Desktop/Work/CHICO/EldritchBotanist/The_Eldritch_Botanist/EldritchBotanistGame/Content/_Blueprints/Rigs/SpitterRig__Skeleton.uasset" 3818
"../../../../../../Users/Will/Desktop/Work/CHICO/EldritchBotanist/The_Eldritch_Botanist/EldritchBotanistGame/Content/_Materials/Textures/Plants/plant_spitterPlant_m_Spitter_BaseColor.uasset" 3819
"../../../../../../Users/Will/Desktop/Work/CHICO/EldritchBotanist/The_Eldritch_Botanist/EldritchBotanistGame/Content/_Materials/Textures/Plants/plant_spitterPlant_m_Spitter_Normal.uasset" 3820
"../../../../../../Users/Will/Desktop/Work/CHICO/EldritchBotanist/The_Eldritch_Botanist/EldritchBotanistGame/Content/_Materials/Textures/Plants/plant_spitterPlant_m_Spitter_OcclusionRoughnessMetallic.uasset" 3821
"../../../../../../Users/Will/Desktop/Work/CHICO/EldritchBotanist/The_Eldritch_Botanist/EldritchBotanistGame/Content/_Blueprints/Rigs/StickyMushroom_Idle_Skeleton.uasset" 3822
"../../../../../../Users/Will/Desktop/Work/CHICO/EldritchBotanist/The_Eldritch_Botanist/EldritchBotanistGame/Content/_Materials/Textures/Plants/m_StickyMushroom_ORM.uasset" 3823
"../../../../../../Users/Will/Desktop/Work/CHICO/EldritchBotanist/The_Eldritch_Botanist/EldritchBotanistGame/Content/_Materials/Textures/Plants/plant_stickyMushroomPainter_m_plants_StickyMushroom_BaseColor.uasset" 3824
"../../../../../../Users/Will/Desktop/Work/CHICO/EldritchBotanist/The_Eldritch_Botanist/EldritchBotanistGame/Content/_Materials/Textures/Plants/plant_stickyMushroomPainter_m_plants_StickyMushroom_Normal.uasset" 3825
"../../../../../../Users/Will/Desktop/Work/CHICO/EldritchBotanist/The_Eldritch_Botanist/EldritchBotanistGame/Content/_Blueprints/Rigs/TentacleRig__Skeleton.uasset" 3826
"../../../../../../Users/Will/Desktop/Work/CHICO/EldritchBotanist/The_Eldritch_Botanist/EldritchBotanistGame/Content/_Materials/Textures/Plants/plant_tentaclePlant_m_tentaclePlant_BaseColor.uasset" 3827
"../../../../../../Users/Will/Desktop/Work/CHICO/EldritchBotanist/The_Eldritch_Botanist/EldritchBotanistGame/Content/_Materials/Textures/Plants/plant_tentaclePlant_m_tentaclePlant_Normal.uasset" 3828
"../../../../../../Users/Will/Desktop/Work/CHICO/EldritchBotanist/The_Eldritch_Botanist/EldritchBotanistGame/Content/_Materials/Textures/Plants/plant_tentaclePlant_m_tentaclePlant_OcclusionRoughnessMetallic.uasset" 3829
"../../../Engine/Content/Functions/Engine_MaterialFunctions01/Density/ExponentialDensity.uasset" 3830
"../../../Engine/Content/Functions/Engine_MaterialFunctions01/Gradient/GeneratedRoundRect.uasset" 3831
"../../../Engine/Content/Functions/Engine_MaterialFunctions01/Gradient/RadialGradientExponential.uasset" 3832
"../../../Engine/Content/Functions/Engine_MaterialFunctions02/Utility/VectorToRadialValue.uasset" 3833
"../../Plugins/FX/Niagara/Content/Functions/V2/CalculateRandomRangeFloat.uasset" 3834
"../../Plugins/FX/Niagara/Content/Functions/Emitter/EmitterChangeState.uasset" 3835
"../../Plugins/FX/Niagara/Content/Icons/Modules/T_Icon_Scalability_Emitter.uasset" 3836
"../../Plugins/FX/Niagara/Content/Icons/Modules/T_Icon_Scalability_System.uasset" 3837
"../../Plugins/FX/Niagara/Content/Functions/RandomRangeFloat.uasset" 3838
"../../Plugins/FX/Niagara/Content/Functions/DirectionAndLengthSafe.uasset" 3839
"../../Plugins/FX/Niagara/Content/Functions/Drag/DragVelocity.uasset" 3840
"../../Plugins/FX/Niagara/Content/Functions/Math/CentimeterMeterConversion.uasset" 3841
"../../Plugins/FX/Niagara/Content/Functions/Rotation/MultiplyVectorWithQuaternion.uasset" 3842
"../../Plugins/FX/Niagara/Content/Modules/Solvers/ApplyRotationVector.uasset" 3843
"../../Plugins/FX/Niagara/Content/Icons/Modules/T_Icon_Solver_LimitAccel.uasset" 3844
"../../Plugins/FX/Niagara/Content/Icons/Modules/T_Icon_Solver_LimitSpeed.uasset" 3845
"../../Plugins/FX/Niagara/Content/Icons/Modules/T_Icon_Solver_RotationalSolve.uasset" 3846
"../../Plugins/FX/Niagara/Content/Functions/LinearColor/HueShiftLinearColor.uasset" 3847
"../../Plugins/FX/Niagara/Content/Functions/Localspace/SimulationPosition.uasset" 3848
"../../Plugins/FX/Niagara/Content/Functions/Localspace/TransformVector.uasset" 3849
"../../Plugins/FX/Niagara/Content/Functions/V2/CalculateRandomBool.uasset" 3850
"../../Plugins/FX/Niagara/Content/Functions/V2/CalculateRandomRange.uasset" 3851
"../../Plugins/FX/Niagara/Content/Functions/V2/CalculateRandomRangeInteger.uasset" 3852
"../../Plugins/FX/Niagara/Content/Functions/Math/CalculateRandomPointInConeSphereIntersection.uasset" 3853
"../../Plugins/FX/Niagara/Content/Functions/Math/SaturateFloat.uasset" 3854
"../../Plugins/FX/Niagara/Content/Functions/Rotation/AngleUnitConverter.uasset" 3855
"../../Plugins/FX/Niagara/Content/Functions/Rotation/AxisAngleToQuaternion.uasset" 3856
"../../Plugins/FX/Niagara/Content/Functions/Rotation/FindQuatBetween.uasset" 3857
"../../Plugins/FX/Niagara/Content/Functions/Rotation/InvertQuaternion.uasset" 3858
"../../Plugins/FX/Niagara/Content/Functions/Rotation/MakeQuaternionFrom3BasisVectors.uasset" 3859
"../../Plugins/FX/Niagara/Content/Functions/Rotation/MultiplyQuaternion.uasset" 3860
"../../Plugins/FX/Niagara/Content/Functions/Rotation/TransformStack/TransformStack_Rotation.uasset" 3861
"../../Plugins/FX/Niagara/Content/Functions/Rotation/XYZRotationToQuaternion.uasset" 3862
"../../Plugins/FX/Niagara/Content/Functions/V2/CalculateRandomUnitVector.uasset" 3863
"../../Plugins/FX/Niagara/Content/Functions/V2/DistanceBasedFalloff.uasset" 3864
"../../Plugins/FX/Niagara/Content/Functions/System/SystemChangeState.uasset" 3865
"../../Plugins/FX/Niagara/Content/Icons/Modules/T_Icon_Particle_InfiniteLife.uasset" 3866
"../../../../../../Users/Will/Desktop/Work/CHICO/EldritchBotanist/The_Eldritch_Botanist/EldritchBotanistGame/Content/_Blueprints/CameraHouse/House_Model/Building_House.uasset" 3867
"../../../../../../Users/Will/Desktop/Work/CHICO/EldritchBotanist/The_Eldritch_Botanist/EldritchBotanistGame/Content/_Blueprints/Character/Enemies/BP_EnemyBrainlette.uasset" 3868
"../../../../../../Users/Will/Desktop/Work/CHICO/EldritchBotanist/The_Eldritch_Botanist/EldritchBotanistGame/Content/_Blueprints/Character/Enemies/BP_EnemyWurm.uasset" 3869
"../../../../../../Users/Will/Desktop/Work/CHICO/EldritchBotanist/The_Eldritch_Botanist/EldritchBotanistGame/Content/_VFX/PulseGlow/VFX_EnemySpawnGlow.uasset" 3870
"../../../Engine/Content/EditorResources/Spawn_Point.uasset" 3871
"../../../../../../Users/Will/Desktop/Work/CHICO/EldritchBotanist/The_Eldritch_Botanist/EldritchBotanistGame/Content/_Blueprints/Character/Enemies/BP_EnemySlime.uasset" 3872
"../../../../../../Users/Will/Desktop/Work/CHICO/EldritchBotanist/The_Eldritch_Botanist/EldritchBotanistGame/Content/_Images/UI_Images/GreenhouseVertical.uasset" 3873
"../../../../../../Users/Will/Desktop/Work/CHICO/EldritchBotanist/The_Eldritch_Botanist/EldritchBotanistGame/Content/_Blueprints/Character/AI_EnemyBehavior/BBD_Enemy.uasset" 3874
"../../../../../../Users/Will/Desktop/Work/CHICO/EldritchBotanist/The_Eldritch_Botanist/EldritchBotanistGame/Content/Characters/Mannequins/Textures/Manny/T_Manny_01_BN.uasset" 3875
"../../../../../../Users/Will/Desktop/Work/CHICO/EldritchBotanist/The_Eldritch_Botanist/EldritchBotanistGame/Content/Characters/Mannequins/Textures/Manny/T_Manny_01_D.uasset" 3876
"../../../../../../Users/Will/Desktop/Work/CHICO/EldritchBotanist/The_Eldritch_Botanist/EldritchBotanistGame/Content/Characters/Mannequins/Textures/Manny/T_Manny_01_MRA.uasset" 3877
"../../../../../../Users/Will/Desktop/Work/CHICO/EldritchBotanist/The_Eldritch_Botanist/EldritchBotanistGame/Content/Characters/Mannequins/Textures/Shared/T_UE_Logo_M.uasset" 3878
"../../../../../../Users/Will/Desktop/Work/CHICO/EldritchBotanist/The_Eldritch_Botanist/EldritchBotanistGame/Content/_Materials/Textures/Plants/plant_mulch_m_mulch_BaseColor.uasset" 3879
"../../../../../../Users/Will/Desktop/Work/CHICO/EldritchBotanist/The_Eldritch_Botanist/EldritchBotanistGame/Content/_Materials/Textures/Plants/plant_mulch_m_mulch_Normal.uasset" 3880
"../../../../../../Users/Will/Desktop/Work/CHICO/EldritchBotanist/The_Eldritch_Botanist/EldritchBotanistGame/Content/_Materials/Textures/Plants/plant_mulch_m_mulch_OcclusionRoughnessMetallic.uasset" 3881
"../../../../../../Users/Will/Desktop/Work/CHICO/EldritchBotanist/The_Eldritch_Botanist/EldritchBotanistGame/Content/_Materials/Textures/Props/smoothPotsTest_m_pots_BaseColor.uasset" 3882
"../../../../../../Users/Will/Desktop/Work/CHICO/EldritchBotanist/The_Eldritch_Botanist/EldritchBotanistGame/Content/_Materials/Textures/Props/smoothPotsTest_m_pots_Normal.uasset" 3883
"../../../../../../Users/Will/Desktop/Work/CHICO/EldritchBotanist/The_Eldritch_Botanist/EldritchBotanistGame/Content/_Materials/Textures/Props/smoothPotsTest_m_pots_OcclusionRoughnessMetallic.uasset" 3884
"../../Plugins/FX/Niagara/Content/Functions/GetRandomInfo.uasset" 3885
"../../Plugins/FX/Niagara/Content/Functions/Localspace/TransformBase.uasset" 3886
"../../Plugins/FX/Niagara/Content/Functions/Rotation/MatrixToQuaternion.uasset" 3887
"../../Plugins/FX/Niagara/Content/Functions/NormalizeDistanceRange.uasset" 3888
"../../../../../../Users/Will/Desktop/Work/CHICO/EldritchBotanist/The_Eldritch_Botanist/EldritchBotanistGame/Content/_Blueprints/CameraHouse/House_Model/Greenhouse_mat.uasset" 3889
"../../../../../../Users/Will/Desktop/Work/CHICO/EldritchBotanist/The_Eldritch_Botanist/EldritchBotanistGame/Content/_Blueprints/CameraHouse/House_Model/House_Main_mat.uasset" 3890
"../../../../../../Users/Will/Desktop/Work/CHICO/EldritchBotanist/The_Eldritch_Botanist/EldritchBotanistGame/Content/_Blueprints/CameraHouse/House_Model/House_Platform_mat.uasset" 3891
"../../../../../../Users/Will/Desktop/Work/CHICO/EldritchBotanist/The_Eldritch_Botanist/EldritchBotanistGame/Content/_Blueprints/Animations/BrainletRig_Walk_Anim.uasset" 3892
"../../../../../../Users/Will/Desktop/Work/CHICO/EldritchBotanist/The_Eldritch_Botanist/EldritchBotanistGame/Content/_Materials/m_enemy_brainlet.uasset" 3893
"../../../../../../Users/Will/Desktop/Work/CHICO/EldritchBotanist/The_Eldritch_Botanist/EldritchBotanistGame/Content/_Blueprints/Rigs/BrainletRig_.uasset" 3894
"../../../../../../Users/Will/Desktop/Work/CHICO/EldritchBotanist/The_Eldritch_Botanist/EldritchBotanistGame/Content/_Blueprints/Animations/Wurm_Walk_Anim.uasset" 3895
"../../../../../../Users/Will/Desktop/Work/CHICO/EldritchBotanist/The_Eldritch_Botanist/EldritchBotanistGame/Content/_Materials/m_enemy_wurm.uasset" 3896
"../../../../../../Users/Will/Desktop/Work/CHICO/EldritchBotanist/The_Eldritch_Botanist/EldritchBotanistGame/Content/_Blueprints/Rigs/WurmRig_.uasset" 3897
"../../../../../../Users/Will/Desktop/Work/CHICO/EldritchBotanist/The_Eldritch_Botanist/EldritchBotanistGame/Content/_Materials/M_VFXCylinder.uasset" 3898
"../../../../../../Users/Will/Desktop/Work/CHICO/EldritchBotanist/The_Eldritch_Botanist/EldritchBotanistGame/Content/LevelPrototyping/Interactable/JumpPad/Assets/Materials/M_SimpleGlow.uasset" 3899
"../../Plugins/FX/Niagara/Content/DynamicInputs/TypeConversions/MakeVectorFromLinearColorRGB.uasset" 3900
"../../Plugins/FX/Niagara/Content/DynamicInputs/TypeConversions/Vector2DLength.uasset" 3901
"../../Plugins/FX/Niagara/Content/DynamicInputs/UniformRange/V3/RandomRangeLinearColor.uasset" 3902
"../../Plugins/FX/Niagara/Content/DynamicInputs/ValueFromCurve/ColorFromCurve.uasset" 3903
"../../Plugins/FX/Niagara/Content/DynamicInputs/ValueFromCurve/FloatFromCurve.uasset" 3904
"../../Plugins/FX/Niagara/Content/Modules/Spawn/Location/V2/ShapeLocation.uasset" 3905
"../../Plugins/FX/Niagara/Content/Enums/ENiagara_AttributeSamplingApplyOutput.uasset" 3906
"../../Plugins/FX/Niagara/Content/Enums/ENiagaraShapeTorusMode.uasset" 3907
"../../Plugins/FX/Niagara/Content/Enums/ENiagaraSphereDistributionMode.uasset" 3908
"../../Plugins/FX/Niagara/Content/Enums/ENiagaraTorusDistributionMode.uasset" 3909
"../../Plugins/FX/Niagara/Content/Enums/Location/ENiagara_BoxPlaneMode.uasset" 3910
"../../Plugins/FX/Niagara/Content/Enums/Location/ENiagara_ConeMode.uasset" 3911
"../../Plugins/FX/Niagara/Content/Enums/Location/ENiagara_CylinderMode.uasset" 3912
"../../Plugins/FX/Niagara/Content/Enums/Location/ENiagara_LocationShapes.uasset" 3913
"../../Plugins/FX/Niagara/Content/Enums/Location/ENiagaraRingDiscMode.uasset" 3914
"../../Plugins/FX/Niagara/Content/Enums/Transforms/ENiagara_OffsetMode.uasset" 3915
"../../Plugins/FX/Niagara/Content/Enums/Transforms/ENiagara_ScaleMode.uasset" 3916
"../../Plugins/FX/Niagara/Content/Enums/Transforms/ENiagara_TransformOrder.uasset" 3917
"../../Plugins/FX/Niagara/Content/Enums/Transforms/ENiagara_TransformType.uasset" 3918
"../../../../../../Users/Will/Desktop/Work/CHICO/EldritchBotanist/The_Eldritch_Botanist/EldritchBotanistGame/Content/_Blueprints/Animations/Slime_Walk_Anim.uasset" 3919
"../../../../../../Users/Will/Desktop/Work/CHICO/EldritchBotanist/The_Eldritch_Botanist/EldritchBotanistGame/Content/_Materials/m_enemy_Slime.uasset" 3920
"../../../../../../Users/Will/Desktop/Work/CHICO/EldritchBotanist/The_Eldritch_Botanist/EldritchBotanistGame/Content/_Materials/m_SlimeToon_Outline1.uasset" 3921
"../../../../../../Users/Will/Desktop/Work/CHICO/EldritchBotanist/The_Eldritch_Botanist/EldritchBotanistGame/Content/_Blueprints/Rigs/SlimeRig_.uasset" 3922
"../../../../../../Users/Will/Desktop/Work/CHICO/EldritchBotanist/The_Eldritch_Botanist/EldritchBotanistGame/Content/_Materials/Textures/House/Building_House_Greenhouse_mat_BaseColor.uasset" 3923
"../../../../../../Users/Will/Desktop/Work/CHICO/EldritchBotanist/The_Eldritch_Botanist/EldritchBotanistGame/Content/_Materials/Textures/House/Building_House_Greenhouse_mat_Emissive.uasset" 3924
"../../../../../../Users/Will/Desktop/Work/CHICO/EldritchBotanist/The_Eldritch_Botanist/EldritchBotanistGame/Content/_Materials/Textures/House/Building_House_Greenhouse_mat_Normal.uasset" 3925
"../../../../../../Users/Will/Desktop/Work/CHICO/EldritchBotanist/The_Eldritch_Botanist/EldritchBotanistGame/Content/_Materials/Textures/House/Building_House_Greenhouse_mat_OcclusionRoughnessMetallic.uasset" 3926
"../../../../../../Users/Will/Desktop/Work/CHICO/EldritchBotanist/The_Eldritch_Botanist/EldritchBotanistGame/Content/_Materials/Textures/House/Building_House_House_Main_mat_BaseColor.uasset" 3927
"../../../../../../Users/Will/Desktop/Work/CHICO/EldritchBotanist/The_Eldritch_Botanist/EldritchBotanistGame/Content/_Materials/Textures/House/Building_House_House_Main_mat_Emissive.uasset" 3928
"../../../../../../Users/Will/Desktop/Work/CHICO/EldritchBotanist/The_Eldritch_Botanist/EldritchBotanistGame/Content/_Materials/Textures/House/Building_House_House_Main_mat_Normal.uasset" 3929
"../../../../../../Users/Will/Desktop/Work/CHICO/EldritchBotanist/The_Eldritch_Botanist/EldritchBotanistGame/Content/_Materials/Textures/House/Building_House_House_Main_mat_OcclusionRoughnessMetallic.uasset" 3930
"../../../../../../Users/Will/Desktop/Work/CHICO/EldritchBotanist/The_Eldritch_Botanist/EldritchBotanistGame/Content/_Materials/Textures/House/Building_House_House_base1_BaseColor.uasset" 3931
"../../../../../../Users/Will/Desktop/Work/CHICO/EldritchBotanist/The_Eldritch_Botanist/EldritchBotanistGame/Content/_Materials/Textures/House/Building_House_House_base1_Normal.uasset" 3932
"../../../../../../Users/Will/Desktop/Work/CHICO/EldritchBotanist/The_Eldritch_Botanist/EldritchBotanistGame/Content/_Materials/Textures/House/Building_House_House_base1_OcclusionRoughnessMetallic.uasset" 3933
"../../../../../../Users/Will/Desktop/Work/CHICO/EldritchBotanist/The_Eldritch_Botanist/EldritchBotanistGame/Content/_Blueprints/Rigs/BrainletRig__Skeleton.uasset" 3934
"../../../../../../Users/Will/Desktop/Work/CHICO/EldritchBotanist/The_Eldritch_Botanist/EldritchBotanistGame/Content/_Materials/Textures/Enemies/enemy_Brainlet_m_Brainlet_BaseColor.uasset" 3935
"../../../../../../Users/Will/Desktop/Work/CHICO/EldritchBotanist/The_Eldritch_Botanist/EldritchBotanistGame/Content/_Materials/Textures/Enemies/enemy_Brainlet_m_Brainlet_Normal.uasset" 3936
"../../../../../../Users/Will/Desktop/Work/CHICO/EldritchBotanist/The_Eldritch_Botanist/EldritchBotanistGame/Content/_Materials/Textures/Enemies/enemy_Brainlet_m_Brainlet_OcclusionRoughnessMetallic.uasset" 3937
"../../../../../../Users/Will/Desktop/Work/CHICO/EldritchBotanist/The_Eldritch_Botanist/EldritchBotanistGame/Content/_Blueprints/Rigs/WurmRig__Skeleton.uasset" 3938
"../../../../../../Users/Will/Desktop/Work/CHICO/EldritchBotanist/The_Eldritch_Botanist/EldritchBotanistGame/Content/_Materials/Textures/Enemies/enemy_Wurm_m_enemy_Wurm_BaseColor.uasset" 3939
"../../../../../../Users/Will/Desktop/Work/CHICO/EldritchBotanist/The_Eldritch_Botanist/EldritchBotanistGame/Content/_Materials/Textures/Enemies/enemy_Wurm_m_enemy_Wurm_Normal.uasset" 3940
"../../../../../../Users/Will/Desktop/Work/CHICO/EldritchBotanist/The_Eldritch_Botanist/EldritchBotanistGame/Content/_Materials/Textures/Enemies/enemy_Wurm_m_enemy_Wurm_OcclusionRoughnessMetallic.uasset" 3941
"../../../../../../Users/Will/Desktop/Work/CHICO/EldritchBotanist/The_Eldritch_Botanist/EldritchBotanistGame/Content/_Blueprints/Rigs/m_enemy_BasicEnemy3.uasset" 3942
"../../../../../../Users/Will/Desktop/Work/CHICO/EldritchBotanist/The_Eldritch_Botanist/EldritchBotanistGame/Content/_Blueprints/Rigs/WurmRig__PhysicsAsset.uasset" 3943
"../../../../../../Users/Will/Desktop/Work/CHICO/EldritchBotanist/The_Eldritch_Botanist/EldritchBotanistGame/Content/_Images/UI_Images/PillShape_VFX.uasset" 3944
"../../Plugins/FX/Niagara/Content/Functions/Localspace/TransformPosition.uasset" 3945
"../../Plugins/FX/Niagara/Content/Functions/NormalizedExecutionIndex.uasset" 3946
"../../Plugins/FX/Niagara/Content/Functions/ParametricTorus.uasset" 3947
"../../Plugins/FX/Niagara/Content/Functions/ParametricTorusKnot.uasset" 3948
"../../Plugins/FX/Niagara/Content/Functions/PolarToCartesianCoordinates.uasset" 3949
"../../Plugins/FX/Niagara/Content/Functions/RandomPointInBox.uasset" 3950
"../../Plugins/FX/Niagara/Content/Functions/Rotation/RotateVector2D.uasset" 3951
"../../Plugins/FX/Niagara/Content/Functions/SphericalToCartesianCoordinates.uasset" 3952
"../../Plugins/FX/Niagara/Content/Functions/V2/RemapRange.uasset" 3953
"../../Plugins/FX/Niagara/Content/Enums/ENiagaraExpansionMode.uasset" 3954
"../../../../../../Users/Will/Desktop/Work/CHICO/EldritchBotanist/The_Eldritch_Botanist/EldritchBotanistGame/Content/_Blueprints/Rigs/SlimeRig__Skeleton.uasset" 3955
"../../../../../../Users/Will/Desktop/Work/CHICO/EldritchBotanist/The_Eldritch_Botanist/EldritchBotanistGame/Content/_Materials/Textures/Enemies/m_enemy_Slime_BaseColor__1_.uasset" 3956
"../../../../../../Users/Will/Desktop/Work/CHICO/EldritchBotanist/The_Eldritch_Botanist/EldritchBotanistGame/Content/_Materials/Textures/Enemies/m_enemy_Slime_Normal__1_.uasset" 3957
"../../../../../../Users/Will/Desktop/Work/CHICO/EldritchBotanist/The_Eldritch_Botanist/EldritchBotanistGame/Content/_Materials/Textures/Enemies/m_enemy_Slime_OcclusionRoughnessMetallic__1_.uasset" 3958
"../../../../../../Users/Will/Desktop/Work/CHICO/EldritchBotanist/The_Eldritch_Botanist/EldritchBotanistGame/Content/_Blueprints/Rigs/SlimeRig__PhysicsAsset.uasset" 3959
"../../Plugins/FX/Niagara/Content/Functions/IsolateLongestVectorComponent.uasset" 3960
"C:/Users/Will/Desktop/Work/CHICO/EldritchBotanist/The_Eldritch_Botanist/EldritchBotanistGame/Content/_Blueprints/CameraHouse/BP_CameraBounds.uasset" 3961
"C:/Users/Will/Desktop/Work/CHICO/EldritchBotanist/The_Eldritch_Botanist/EldritchBotanistGame/Content/_Blueprints/UI/TutorialUI/TutGlowMaterial/M_SpawnGlow_Inst.uasset" 3962
"../../../Engine/Plugins/FX/Niagara/Content/Enums/ENiagara_WrapClamp.uasset" 3963
"C:/Users/Will/Desktop/Work/CHICO/EldritchBotanist/The_Eldritch_Botanist/EldritchBotanistGame/Content/_Blueprints/Character/Plants/WC_SpawnPlant.uasset" 3964
"../../../Engine/Plugins/FX/Niagara/Content/Enums/ENiagaraArraySamplingMode.uasset" 3965
"../../../Engine/Plugins/FX/Niagara/Content/Modules/Update/Size/ScaleSpriteSize.uasset" 3966
"../../../Engine/Plugins/FX/Niagara/Content/Enums/SpriteRenderer/ENiagara_ScaleSpriteSize.uasset" 3967
"C:/Users/Will/Desktop/Work/CHICO/EldritchBotanist/The_Eldritch_Botanist/EldritchBotanistGame/Content/_Blueprints/UI/TutorialUI/TutGlowMaterial/M_SpawnGlow.uasset" 3968
"../../../Engine/Plugins/FX/Niagara/Content/DynamicInputs/Arrays/SelectFloatFromArray.uasset" 3969
"../../../Engine/Plugins/FX/Niagara/Content/DynamicInputs/UniformRange/UniformAOrBFloat.uasset" 3970
"C:/Users/Will/Desktop/Work/CHICO/EldritchBotanist/The_Eldritch_Botanist/EldritchBotanistGame/Content/_Blueprints/Character/Spawners/BP_PlantSpawner.uasset" 3971
"C:/Users/Will/Desktop/Work/CHICO/EldritchBotanist/The_Eldritch_Botanist/EldritchBotanistGame/Content/Input/Actions/IA_TouchDrag.uasset" 3972
"../../../Engine/Plugins/FX/Niagara/Content/Modules/Emitter/SpawnBurst_Instantaneous.uasset" 3973
"C:/Users/Will/Desktop/Work/CHICO/EldritchBotanist/The_Eldritch_Botanist/EldritchBotanistGame/Content/Input/IMC_NightControls.uasset" 3974
"C:/Users/Will/Desktop/Work/CHICO/EldritchBotanist/The_Eldritch_Botanist/EldritchBotanistGame/Content/_VFX/PulseGlow/VFX_PlantSpawnGlow.uasset" 3975
"C:/Users/Will/Desktop/Work/CHICO/EldritchBotanist/The_Eldritch_Botanist/EldritchBotanistGame/Content/Input/Actions/IA_Move.uasset" 3976
"C:/Users/Will/Desktop/Work/CHICO/EldritchBotanist/The_Eldritch_Botanist/EldritchBotanistGame/Content/Input/IMC_Default.uasset" 3977
"C:/Users/Will/Desktop/Work/CHICO/EldritchBotanist/The_Eldritch_Botanist/EldritchBotanistGame/Content/Input/Actions/IA_MouseLook.uasset" 3978
"../../../Engine/Content/Functions/Engine_MaterialFunctions01/Units/Km-to-Cm.uasset" 3979
"../../../Engine/Content/EngineSky/VolumetricClouds/m_SimpleVolumetricCloud.uasset" 3980
"../../../Engine/Content/Functions/Engine_MaterialFunctions02/Utility/BreakOutFloat4Components.uasset" 3981
"../../../Engine/Content/EngineSky/VolumetricClouds/VT_Lightning.uasset" 3982
"C:/Users/Will/Desktop/Work/CHICO/EldritchBotanist/The_Eldritch_Botanist/EldritchBotanistGame/Content/_Blueprints/CameraHouse/BP_TDCamera.uasset" 3983
"../../../Engine/Content/Functions/Engine_MaterialFunctions02/Utility/MakeFloat4.uasset" 3984
"/Game/_Blueprints/CameraHouse/BP_CameraBounds" 3985
"../../../Engine/Content/MobileResources/HUD/VirtualJoystick_Thumb.uasset" 3986
"C:/Users/Will/Desktop/Work/CHICO/EldritchBotanist/The_Eldritch_Botanist/EldritchBotanistGame/Content/Input/IMC_MouseLook.uasset" 3987
"C:/Users/Will/Desktop/Work/CHICO/EldritchBotanist/The_Eldritch_Botanist/EldritchBotanistGame/Content/_Scenes/Day_Level.umap" 3988
"C:/Users/Will/Desktop/Work/CHICO/EldritchBotanist/The_Eldritch_Botanist/EldritchBotanistGame/Content/Input/Touch/UI_Thumbstick.uasset" 3989
"C:/Users/Will/Desktop/Work/CHICO/EldritchBotanist/The_Eldritch_Botanist/EldritchBotanistGame/Content/ThirdPerson/Blueprints/BP_ThirdPersonGameMode.uasset" 3990
"../../../Engine/Content/MobileResources/HUD/VirtualJoystick_Background.uasset" 3991
"C:/Users/Will/Desktop/Work/CHICO/EldritchBotanist/The_Eldritch_Botanist/EldritchBotanistGame/Content/Input/Touch/UI_TouchSimple.uasset" 3992
"C:/Users/Will/Desktop/Work/CHICO/EldritchBotanist/The_Eldritch_Botanist/EldritchBotanistGame/Content/ThirdPerson/Blueprints/BP_ThirdPersonPlayerController.uasset" 3993
"../../../Engine/Content/EngineSky/VolumetricClouds/T_CloudMask.uasset" 3994
"/Niagara/Enums/ENiagaraArraySamplingMode" 3995
"/Niagara/Enums/ENiagara_WrapClamp" 3996
"/Game/_Blueprints/UI/TutorialUI/TutGlowMaterial/M_SpawnGlow" 3997
"/Niagara/DynamicInputs/Arrays/SelectFloatFromArray" 3998
"/Game/_Blueprints/UI/TutorialUI/TutGlowMaterial/M_SpawnGlow_Inst" 3999
"/Niagara/Modules/Update/Size/ScaleSpriteSize" 4000
"/Niagara/DynamicInputs/UniformRange/UniformAOrBFloat" 4001
"/Niagara/Modules/Emitter/SpawnBurst_Instantaneous" 4002
"/Engine/Functions/Engine_MaterialFunctions01/Units/Km-to-Cm" 4003
"/Engine/EngineSky/VolumetricClouds/VT_Lightning" 4004
"/Engine/Functions/Engine_MaterialFunctions02/Utility/MakeFloat4" 4005
"/Engine/Functions/Engine_MaterialFunctions02/Utility/BreakOutFloat4Components" 4006
"/Game/Input/Actions/IA_MouseLook" 4007
"/Game/Input/Actions/IA_TouchDrag" 4008
"/Game/Input/Actions/IA_Move" 4009
"/Game/_VFX/PulseGlow/VFX_PlantSpawnGlow" 4010
"/Engine/EngineSky/VolumetricClouds/m_SimpleVolumetricCloud" 4011
"/Game/Input/IMC_NightControls" 4012
"/Game/Input/IMC_Default" 4013
"/Game/_Blueprints/Character/Spawners/BP_PlantSpawner" 4014
"/Game/_Scenes/Day_Level" 4015
"../../../../../../Users/Will/Desktop/Work/CHICO/EldritchBotanist/The_Eldritch_Botanist/EldritchBotanistGame/Content/_Scenes/Day_Level.umap" 4016
"/Engine/MobileResources/HUD/VirtualJoystick_Background" 4017
"/Game/Input/Touch/UI_Thumbstick" 4018
"/Game/Input/Touch/UI_TouchSimple" 4019
"/Game/_Blueprints/CameraHouse/BP_TDCamera" 4020
"/Game/Input/IMC_MouseLook" 4021
"/Game/ThirdPerson/Blueprints/BP_ThirdPersonPlayerController" 4022
"/Game/ThirdPerson/Blueprints/BP_ThirdPersonGameMode" 4023
"../../../Engine/Content/EngineSky/VolumetricClouds/VT_PerlinWorley_Balanced.uasset" 4024
"../../../Engine/Content/EngineMaterials/BlendFunc_DefBase.uasset" 4025
"../../../Engine/Content/EngineSky/VolumetricClouds/T_CloudPattern.uasset" 4026
"../../../Engine/Content/EngineSky/VolumetricClouds/T_Profile_08.uasset" 4027
"../../../Engine/Content/EngineSky/M_SimpleSkyDome.uasset" 4028
"../../../Engine/Content/EngineSky/T_Sky_Clouds_M.uasset" 4029
"../../../Engine/Content/EngineSky/T_Sky_Stars.uasset" 4030
"../../../Engine/Content/EngineSky/T_Sky_Blue.uasset" 4031
"../../../Engine/Content/EngineSky/VolumetricClouds/m_SimpleVolumetricCloud_Inst.uasset" 4032
"../../../Engine/Content/EngineSky/M_Sky_Panning_Clouds2.uasset" 4033
"../../../Engine/Content/EngineSky/SM_SkySphere.uasset" 4034
"C:/Users/Will/Desktop/Work/CHICO/EldritchBotanist/The_Eldritch_Botanist/EldritchBotanistGame/Content/_Scenes/Levels/_GENERATED/sjgon/Path_30E7E755.uasset" 4035
"C:/Users/Will/Desktop/Work/CHICO/EldritchBotanist/The_Eldritch_Botanist/EldritchBotanistGame/Content/_VFX/PulseGlow/RT_PlantSpawnVFX.uasset" 4036
"C:/Users/Will/Desktop/Work/CHICO/EldritchBotanist/The_Eldritch_Botanist/EldritchBotanistGame/Content/_VFX/PulseGlow/BP_PlantSpawnVFX.uasset" 4037
"../../../Engine/Content/MapTemplates/SM_Template_Map_Floor.uasset" 4038
"../../../Engine/Content/Functions/Engine_MaterialFunctions03/Blends/Blend_Overlay.uasset" 4039
"C:/Users/Will/Desktop/Work/CHICO/EldritchBotanist/The_Eldritch_Botanist/EldritchBotanistGame/Content/_Scenes/Levels/_GENERATED/sjgon/Path_56B83331.uasset" 4040
"../../../Engine/Content/OpenWorldTemplate/LandscapeMaterial/T_GridChecker_A.uasset" 4041
"../../../Engine/Content/OpenWorldTemplate/LandscapeMaterial/MI_ProcGrid.uasset" 4042
"C:/Users/Will/Desktop/Work/CHICO/EldritchBotanist/The_Eldritch_Botanist/EldritchBotanistGame/Content/_Blueprints/Character/Environments/Environment_Models/Props_Gravestone2.uasset" 4043
"C:/Users/Will/Desktop/Work/CHICO/EldritchBotanist/The_Eldritch_Botanist/EldritchBotanistGame/Content/_Blueprints/Character/Environments/BP_GraveStone3.uasset" 4044
"C:/Users/Will/Desktop/Work/CHICO/EldritchBotanist/The_Eldritch_Botanist/EldritchBotanistGame/Content/_Scenes/Night_Level.umap" 4045
"../../../Engine/Content/OpenWorldTemplate/LandscapeMaterial/M_ProcGrid.uasset" 4046
"../../../Engine/Content/Functions/Engine_MaterialFunctions01/Gradient/LinearGradient.uasset" 4047
"../../../Engine/Content/OpenWorldTemplate/LandscapeMaterial/MF_ProcGrid.uasset" 4048
"../../../Engine/Content/VREditor/UI/KeyDiskMaterial.uasset" 4049
"../../../Engine/Content/VREditor/UI/DiscMaterial.uasset" 4050
"../../../Engine/Content/Functions/Engine_MaterialFunctions01/ImageAdjustment/CheapContrast.uasset" 4051
"C:/Users/Will/Desktop/Work/CHICO/EldritchBotanist/The_Eldritch_Botanist/EldritchBotanistGame/Content/_Blueprints/Character/Environments/Environment_Models/Props_Dead_hand.uasset" 4052
"C:/Users/Will/Desktop/Work/CHICO/EldritchBotanist/The_Eldritch_Botanist/EldritchBotanistGame/Content/_Scenes/Levels/_GENERATED/sjgon/Path_287E2E9F.uasset" 4053
"C:/Users/Will/Desktop/Work/CHICO/EldritchBotanist/The_Eldritch_Botanist/EldritchBotanistGame/Content/_Blueprints/Character/Environments/BP_Hand.uasset" 4054
"/Engine/EditorResources/EmptyActor" 4055
"../../../Engine/Content/EditorResources/EmptyActor.uasset" 4056
"/Engine/EngineSky/VolumetricClouds/T_CloudMask" 4057
"/Game/_Blueprints/Character/Environments/BP_GraveStone3" 4058
"../../../../../../Users/Will/Desktop/Work/CHICO/EldritchBotanist/The_Eldritch_Botanist/EldritchBotanistGame/Content/_Materials/m_external_props.uasset" 4059
"../../../../../../Users/Will/Desktop/Work/CHICO/EldritchBotanist/The_Eldritch_Botanist/EldritchBotanistGame/Content/_Materials/Textures/Props/props_ext_props_m_ext_props_BaseColor.uasset" 4060
"C:/Users/Will/Desktop/Work/CHICO/EldritchBotanist/The_Eldritch_Botanist/EldritchBotanistGame/Content/_Blueprints/Character/Environments/Environment_Models/Props_Gravestone1.uasset" 4061
"../../../../../../Users/Will/Desktop/Work/CHICO/EldritchBotanist/The_Eldritch_Botanist/EldritchBotanistGame/Content/_Materials/Textures/Props/props_ext_props_m_ext_props_Normal.uasset" 4062
"../../../../../../Users/Will/Desktop/Work/CHICO/EldritchBotanist/The_Eldritch_Botanist/EldritchBotanistGame/Content/_Materials/Textures/Props/props_ext_props_m_ext_props_OcclusionRoughnessMetallic.uasset" 4063
"/Game/_Blueprints/Character/Environments/BP_Hand" 4064
"../../../../../../Users/Will/Desktop/Work/CHICO/EldritchBotanist/The_Eldritch_Botanist/EldritchBotanistGame/Content/_Blueprints/Character/Environments/Environment_Models/Props_Gravestone2.uasset" 4065
"/Game/_VFX/PulseGlow/BP_PlantSpawnVFX" 4066
"../../../../../../Users/Will/Desktop/Work/CHICO/EldritchBotanist/The_Eldritch_Botanist/EldritchBotanistGame/Content/_Blueprints/Character/Environments/Environment_Models/Props_Dead_hand.uasset" 4067
"/Game/_Scenes/Levels/_GENERATED/sjgon/Path_56B83331" 4068
"/Game/_Scenes/Levels/_GENERATED/sjgon/Path_30E7E755" 4069
"/Game/_Scenes/Levels/_GENERATED/sjgon/Path_287E2E9F" 4070
"/Game/_Scenes/Night_Level" 4071
"../../../../../../Users/Will/Desktop/Work/CHICO/EldritchBotanist/The_Eldritch_Botanist/EldritchBotanistGame/Content/_Scenes/Night_Level.umap" 4072
"C:/Users/Will/Desktop/Work/CHICO/EldritchBotanist/The_Eldritch_Botanist/EldritchBotanistGame/Content/_Blueprints/Character/Environments/BP_FenceCorner.uasset" 4073
"C:/Users/Will/Desktop/Work/CHICO/EldritchBotanist/The_Eldritch_Botanist/EldritchBotanistGame/Content/_Materials/Textures/Props/props_stumps_m_props_Stump_BaseColor.uasset" 4074
"C:/Users/Will/Desktop/Work/CHICO/EldritchBotanist/The_Eldritch_Botanist/EldritchBotanistGame/Content/_Blueprints/Character/Environments/Environment_Models/Props_Fence5.uasset" 4075
"C:/Users/Will/Desktop/Work/CHICO/EldritchBotanist/The_Eldritch_Botanist/EldritchBotanistGame/Content/_Blueprints/Character/Environments/Environment_Models/Props_Fence4.uasset" 4076
"C:/Users/Will/Desktop/Work/CHICO/EldritchBotanist/The_Eldritch_Botanist/EldritchBotanistGame/Content/_Materials/Textures/Props/props_stumps_m_props_Stump_Normal.uasset" 4077
"C:/Users/Will/Desktop/Work/CHICO/EldritchBotanist/The_Eldritch_Botanist/EldritchBotanistGame/Content/_Blueprints/Character/Environments/Environment_Models/Props_Fence2.uasset" 4078
"C:/Users/Will/Desktop/Work/CHICO/EldritchBotanist/The_Eldritch_Botanist/EldritchBotanistGame/Content/_Materials/Textures/Props/props_stumps_m_props_Stump_OcclusionRoughnessMetallic.uasset" 4079
"C:/Users/Will/Desktop/Work/CHICO/EldritchBotanist/The_Eldritch_Botanist/EldritchBotanistGame/Content/_Blueprints/Character/Environments/Environment_Models/props_stump1.uasset" 4080
"C:/Users/Will/Desktop/Work/CHICO/EldritchBotanist/The_Eldritch_Botanist/EldritchBotanistGame/Content/_Materials/Textures/Props/props_tree_leaves_m_leaves_Normal.uasset" 4081
"C:/Users/Will/Desktop/Work/CHICO/EldritchBotanist/The_Eldritch_Botanist/EldritchBotanistGame/Content/_Materials/Textures/Props/props_tree_leaves_m_leaves_OcclusionRoughnessMetallic.uasset" 4082
"C:/Users/Will/Desktop/Work/CHICO/EldritchBotanist/The_Eldritch_Botanist/EldritchBotanistGame/Content/_Blueprints/Character/Environments/BP_Stump1.uasset" 4083
"C:/Users/Will/Desktop/Work/CHICO/EldritchBotanist/The_Eldritch_Botanist/EldritchBotanistGame/Content/_Materials/m_props_Stump.uasset" 4084
"C:/Users/Will/Desktop/Work/CHICO/EldritchBotanist/The_Eldritch_Botanist/EldritchBotanistGame/Content/_Materials/Textures/Props/props_tree_leaves_m_leaves_BaseColor.uasset" 4085
"/Game/_Blueprints/Character/Environments/Environment_Models/Props_Gravestone1" 4086
"C:/Users/Will/Desktop/Work/CHICO/EldritchBotanist/The_Eldritch_Botanist/EldritchBotanistGame/Content/_Blueprints/Character/Environments/BP_Tree1Naked.uasset" 4087
"C:/Users/Will/Desktop/Work/CHICO/EldritchBotanist/The_Eldritch_Botanist/EldritchBotanistGame/Content/_Blueprints/Character/Environments/BP_Tree1.uasset" 4088
"C:/Users/Will/Desktop/Work/CHICO/EldritchBotanist/The_Eldritch_Botanist/EldritchBotanistGame/Content/_Materials/Textures/Props/props_tree_m_tree_BaseColor.uasset" 4089
"C:/Users/Will/Desktop/Work/CHICO/EldritchBotanist/The_Eldritch_Botanist/EldritchBotanistGame/Content/_Materials/Textures/Props/props_tree_m_tree_Normal.uasset" 4090
"C:/Users/Will/Desktop/Work/CHICO/EldritchBotanist/The_Eldritch_Botanist/EldritchBotanistGame/Content/_Materials/Textures/Props/props_tree_m_tree_OcclusionRoughnessMetallic.uasset" 4091
"C:/Users/Will/Desktop/Work/CHICO/EldritchBotanist/The_Eldritch_Botanist/EldritchBotanistGame/Content/_Blueprints/Character/Environments/Environment_Models/props_leaves_tree1.uasset" 4092
"C:/Users/Will/Desktop/Work/CHICO/EldritchBotanist/The_Eldritch_Botanist/EldritchBotanistGame/Content/_Blueprints/Character/Environments/Environment_Models/props_tree2.uasset" 4093
"C:/Users/Will/Desktop/Work/CHICO/EldritchBotanist/The_Eldritch_Botanist/EldritchBotanistGame/Content/_Blueprints/Character/Environments/Environment_Models/props_tree.uasset" 4094
"C:/Users/Will/Desktop/Work/CHICO/EldritchBotanist/The_Eldritch_Botanist/EldritchBotanistGame/Content/_Materials/m_trees.uasset" 4095
"C:/Users/Will/Desktop/Work/CHICO/EldritchBotanist/The_Eldritch_Botanist/EldritchBotanistGame/Content/_Blueprints/Character/Environments/BP_Tree2Naked.uasset" 4096
"C:/Users/Will/Desktop/Work/CHICO/EldritchBotanist/The_Eldritch_Botanist/EldritchBotanistGame/Content/_Materials/m_leaves.uasset" 4097
"/Game/_Materials/Textures/Props/props_stumps_m_props_Stump_OcclusionRoughnessMetallic" 4098
"../../../../../../Users/Will/Desktop/Work/CHICO/EldritchBotanist/The_Eldritch_Botanist/EldritchBotanistGame/Content/_Blueprints/Character/Environments/Environment_Models/Props_Gravestone1.uasset" 4099
"/Game/_Materials/Textures/Props/props_stumps_m_props_Stump_Normal" 4100
"/Game/_Materials/Textures/Props/props_stumps_m_props_Stump_BaseColor" 4101
"/Game/_Blueprints/Character/Environments/Environment_Models/Props_Fence5" 4102
"/Game/_Blueprints/Character/Environments/Environment_Models/Props_Fence4" 4103
"C:/Users/Will/Desktop/Work/CHICO/EldritchBotanist/The_Eldritch_Botanist/EldritchBotanistGame/Content/_Blueprints/Character/Environments/BP_Fence2.uasset" 4104
"C:/Users/Will/Desktop/Work/CHICO/EldritchBotanist/The_Eldritch_Botanist/EldritchBotanistGame/Content/_Blueprints/Character/Environments/Environment_Models/Props_Fence1.uasset" 4105
"C:/Users/Will/Desktop/Work/CHICO/EldritchBotanist/The_Eldritch_Botanist/EldritchBotanistGame/Content/_Blueprints/Character/Environments/Environment_Models/Props_Gravestone.uasset" 4106
"C:/Users/Will/Desktop/Work/CHICO/EldritchBotanist/The_Eldritch_Botanist/EldritchBotanistGame/Content/_Blueprints/Character/Environments/Environment_Models/Props_Fence1_ncl_1.uasset" 4107
"C:/Users/Will/Desktop/Work/CHICO/EldritchBotanist/The_Eldritch_Botanist/EldritchBotanistGame/Content/_Blueprints/Character/Environments/BP_Fence1.uasset" 4108
"C:/Users/Will/Desktop/Work/CHICO/EldritchBotanist/The_Eldritch_Botanist/EldritchBotanistGame/Content/_Blueprints/Character/Environments/BP_GraveStone2.uasset" 4109
"../../../../../../Users/Will/Desktop/Work/CHICO/EldritchBotanist/The_Eldritch_Botanist/EldritchBotanistGame/Content/_Blueprints/Character/Environments/Environment_Models/Props_Fence5.uasset" 4110
"C:/Users/Will/Desktop/Work/CHICO/EldritchBotanist/The_Eldritch_Botanist/EldritchBotanistGame/Content/_Blueprints/Character/Environments/BP_GraveStone.uasset" 4111
"/Game/_Blueprints/Character/Environments/Environment_Models/Props_Fence2" 4112
"../../../../../../Users/Will/Desktop/Work/CHICO/EldritchBotanist/The_Eldritch_Botanist/EldritchBotanistGame/Content/_Blueprints/Character/Environments/Environment_Models/Props_Fence4.uasset" 4113
"C:/Users/Will/Desktop/Work/CHICO/EldritchBotanist/The_Eldritch_Botanist/EldritchBotanistGame/Content/_Materials/m_ForestGround_Landscape.uasset" 4114
"C:/Users/Will/Desktop/Work/CHICO/EldritchBotanist/The_Eldritch_Botanist/EldritchBotanistGame/Content/Grass_Lv2LayerInfo.uasset" 4115
"/Game/_Blueprints/Character/Environments/BP_Tree2Naked" 4116
"../../../../../../Users/Will/Desktop/Work/CHICO/EldritchBotanist/The_Eldritch_Botanist/EldritchBotanistGame/Content/_Blueprints/Character/Environments/Environment_Models/Props_Fence2.uasset" 4117
"../../../Engine/Content/EditorResources/FieldNodes/_Resources/M_FieldRadiusPreview.uasset" 4118
"../../../Engine/Content/EditorResources/FieldNodes/_Resources/MI_FieldRadiusPreview.uasset" 4119
"/Game/_Blueprints/Character/Environments/BP_Tree1Naked" 4120
"C:/Users/Will/Desktop/Work/CHICO/EldritchBotanist/The_Eldritch_Botanist/EldritchBotanistGame/Content/Path_Lv2LayerInfo.uasset" 4121
"../../../../../../Users/Will/Desktop/Work/CHICO/EldritchBotanist/The_Eldritch_Botanist/EldritchBotanistGame/Content/_Blueprints/Character/Environments/Environment_Models/props_tree2.uasset" 4122
"C:/Users/Will/Desktop/Work/CHICO/EldritchBotanist/The_Eldritch_Botanist/EldritchBotanistGame/Content/_Scenes/Levels/_GENERATED/sjgon/Path_5F6A6629.uasset" 4123
"/Game/_Blueprints/Character/Environments/BP_Tree1" 4124
"../../../../../../Users/Will/Desktop/Work/CHICO/EldritchBotanist/The_Eldritch_Botanist/EldritchBotanistGame/Content/_Blueprints/Character/Environments/Environment_Models/props_tree.uasset" 4125
"C:/Users/Will/Desktop/Work/CHICO/EldritchBotanist/The_Eldritch_Botanist/EldritchBotanistGame/Content/_Scenes/Levels/Night_Level2.umap" 4126
"/Game/_Blueprints/Character/Environments/BP_Stump1" 4127
"../../../../../../Users/Will/Desktop/Work/CHICO/EldritchBotanist/The_Eldritch_Botanist/EldritchBotanistGame/Content/_Blueprints/Character/Environments/Environment_Models/props_leaves_tree1.uasset" 4128
"/Game/_Blueprints/Character/Environments/BP_Fence1" 4129
"../../../../../../Users/Will/Desktop/Work/CHICO/EldritchBotanist/The_Eldritch_Botanist/EldritchBotanistGame/Content/_Blueprints/Character/Environments/Environment_Models/props_stump1.uasset" 4130
"/Game/_Materials/m_ForestGround_Landscape" 4131
"../../../../../../Users/Will/Desktop/Work/CHICO/EldritchBotanist/The_Eldritch_Botanist/EldritchBotanistGame/Content/_Blueprints/Character/Environments/Environment_Models/Props_Fence1_ncl_1.uasset" 4132
"../../../../../../Users/Will/Desktop/Work/CHICO/EldritchBotanist/The_Eldritch_Botanist/EldritchBotanistGame/Content/_Blueprints/Character/Environments/Environment_Models/Props_Fence1.uasset" 4133
"/Game/_Blueprints/Character/Environments/BP_Fence2" 4134
"/Game/_Blueprints/Character/Environments/BP_FenceCorner" 4135
"/Game/_Blueprints/Character/Environments/BP_GraveStone" 4136
"/Game/_Blueprints/Character/Environments/BP_GraveStone2" 4137
"../../../../../../Users/Will/Desktop/Work/CHICO/EldritchBotanist/The_Eldritch_Botanist/EldritchBotanistGame/Content/_Blueprints/Character/Environments/Environment_Models/Props_Gravestone.uasset" 4138
"C:/Users/Will/Desktop/Work/CHICO/EldritchBotanist/The_Eldritch_Botanist/EldritchBotanistGame/Content/Path_LayerInfo.uasset" 4139
"C:/Users/Will/Desktop/Work/CHICO/EldritchBotanist/The_Eldritch_Botanist/EldritchBotanistGame/Content/_Scenes/Levels/_GENERATED/sjgon/Path_F643D0BA.uasset" 4140
"C:/Users/Will/Desktop/Work/CHICO/EldritchBotanist/The_Eldritch_Botanist/EldritchBotanistGame/Content/_Blueprints/Character/Environments/Environment_Models/props_stump2.uasset" 4141
"C:/Users/Will/Desktop/Work/CHICO/EldritchBotanist/The_Eldritch_Botanist/EldritchBotanistGame/Content/_Scenes/Levels/_GENERATED/sjgon/Path_BEC999D2.uasset" 4142
"C:/Users/Will/Desktop/Work/CHICO/EldritchBotanist/The_Eldritch_Botanist/EldritchBotanistGame/Content/_Scenes/Levels/Night_Lv1.umap" 4143
"/Game/_Scenes/Levels/_GENERATED/sjgon/Path_5F6A6629" 4144
"C:/Users/Will/Desktop/Work/CHICO/EldritchBotanist/The_Eldritch_Botanist/EldritchBotanistGame/Content/Grass_LayerInfo.uasset" 4145
"C:/Users/Will/Desktop/Work/CHICO/EldritchBotanist/The_Eldritch_Botanist/EldritchBotanistGame/Content/_Blueprints/Character/Environments/BP_Stump2.uasset" 4146
"/Game/_Scenes/Levels/Night_Level2" 4147
"C:/Users/Will/Desktop/Work/CHICO/EldritchBotanist/The_Eldritch_Botanist/EldritchBotanistGame/Content/_Scenes/Levels/_GENERATED/sjgon/Path_84C93BDC.uasset" 4148
"C:/Users/Will/Desktop/Work/CHICO/EldritchBotanist/The_Eldritch_Botanist/EldritchBotanistGame/Content/SwampGrass_Lv3LayerInfo.uasset" 4149
"C:/Users/Will/Desktop/Work/CHICO/EldritchBotanist/The_Eldritch_Botanist/EldritchBotanistGame/Content/_Scenes/Menus/Main_Menu_Assets/BP_Main_Menu_GM.uasset" 4150
"C:/Users/Will/Desktop/Work/CHICO/EldritchBotanist/The_Eldritch_Botanist/EldritchBotanistGame/Content/_Scenes/Levels/Night_Tutorial.umap" 4151
"C:/Users/Will/Desktop/Work/CHICO/EldritchBotanist/The_Eldritch_Botanist/EldritchBotanistGame/Content/_Scenes/Levels/_GENERATED/sjgon/Path_C7DED457.uasset" 4152
"C:/Users/Will/Desktop/Work/CHICO/EldritchBotanist/The_Eldritch_Botanist/EldritchBotanistGame/Content/_Scenes/Menus/Main_Menu_Assets/BP_MenuPawn.uasset" 4153
"C:/Users/Will/Desktop/Work/CHICO/EldritchBotanist/The_Eldritch_Botanist/EldritchBotanistGame/Content/_Images/PlantIcons/blade.uasset" 4154
"C:/Users/Will/Desktop/Work/CHICO/EldritchBotanist/The_Eldritch_Botanist/EldritchBotanistGame/Content/_Images/PlantIcons/claw.uasset" 4155
"C:/Users/Will/Desktop/Work/CHICO/EldritchBotanist/The_Eldritch_Botanist/EldritchBotanistGame/Content/_Blueprints/Path_LayerInfo.uasset" 4156
"C:/Users/Will/Desktop/Work/CHICO/EldritchBotanist/The_Eldritch_Botanist/EldritchBotanistGame/Content/_Blueprints/Grass_LayerInfo.uasset" 4157
"C:/Users/Will/Desktop/Work/CHICO/EldritchBotanist/The_Eldritch_Botanist/EldritchBotanistGame/Content/Path_Lv3LayerInfo.uasset" 4158
"C:/Users/Will/Desktop/Work/CHICO/EldritchBotanist/The_Eldritch_Botanist/EldritchBotanistGame/Content/_Scenes/Levels/_GENERATED/sjgon/Path_A63CF90F.uasset" 4159
"C:/Users/Will/Desktop/Work/CHICO/EldritchBotanist/The_Eldritch_Botanist/EldritchBotanistGame/Content/_Scenes/Levels/_GENERATED/sjgon/Path_EA50549A.uasset" 4160
"C:/Users/Will/Desktop/Work/CHICO/EldritchBotanist/The_Eldritch_Botanist/EldritchBotanistGame/Content/_Scenes/Levels/_GENERATED/sjgon/Path_59F7975F.uasset" 4161
"C:/Users/Will/Desktop/Work/CHICO/EldritchBotanist/The_Eldritch_Botanist/EldritchBotanistGame/Content/_Scenes/Levels/_GENERATED/sjgon/Path_52C512C4.uasset" 4162
"C:/Users/Will/Desktop/Work/CHICO/EldritchBotanist/The_Eldritch_Botanist/EldritchBotanistGame/Content/_Scenes/Levels/_GENERATED/sjgon/Path_9E28D9EB.uasset" 4163
"C:/Users/Will/Desktop/Work/CHICO/EldritchBotanist/The_Eldritch_Botanist/EldritchBotanistGame/Content/_Scenes/Levels/Night_Lvl3.umap" 4164
"C:/Users/Will/Desktop/Work/CHICO/EldritchBotanist/The_Eldritch_Botanist/EldritchBotanistGame/Content/_Materials/m_SwampGround_Landscape.uasset" 4165
"C:/Users/Will/Desktop/Work/CHICO/EldritchBotanist/The_Eldritch_Botanist/EldritchBotanistGame/Content/_Scenes/Levels/_GENERATED/sjgon/Path_00D5D424.uasset" 4166
"../../../../../../Users/Will/Desktop/Work/CHICO/EldritchBotanist/The_Eldritch_Botanist/EldritchBotanistGame/Content/_Scenes/Levels/Night_Level2.umap" 4167
"C:/Users/Will/Desktop/Work/CHICO/EldritchBotanist/The_Eldritch_Botanist/EldritchBotanistGame/Content/_Blueprints/UI/MenusUI/WBP_Credits.uasset" 4168
"../../../Engine/Content/EngineSounds/Submixes/MasterReverbEffectPreset.uasset" 4169
"C:/Users/Will/Desktop/Work/CHICO/EldritchBotanist/The_Eldritch_Botanist/EldritchBotanistGame/Content/_Scenes/Menus/Main_Menu.umap" 4170
"C:/Users/Will/Desktop/Work/CHICO/EldritchBotanist/The_Eldritch_Botanist/EldritchBotanistGame/Content/_Blueprints/UI/MenusUI/WBP_MainMenu.uasset" 4171
"../../../Engine/Content/EngineSounds/Submixes/MasterEQSubmixDefault.uasset" 4172
"../../../Engine/Content/EngineSounds/Submixes/MasterEQEffectPreset.uasset" 4173
"/Game/_Images/PlantIcons/claw" 4174
"/Game/_Images/PlantIcons/blade" 4175
"/Game/_Scenes/Menus/Main_Menu_Assets/BP_MenuPawn" 4176
"/Game/_Scenes/Menus/Main_Menu_Assets/BP_Main_Menu_GM" 4177
"/Game/_Scenes/Levels/Night_Tutorial" 4178
"../../../../../../Users/Will/Desktop/Work/CHICO/EldritchBotanist/The_Eldritch_Botanist/EldritchBotanistGame/Content/_Scenes/Levels/Night_Tutorial.umap" 4179
"/Game/_Scenes/Levels/Night_Lvl3" 4180
"../../../../../../Users/Will/Desktop/Work/CHICO/EldritchBotanist/The_Eldritch_Botanist/EldritchBotanistGame/Content/_Scenes/Levels/Night_Lvl3.umap" 4181
"/Game/_Scenes/Levels/Night_Lv1" 4182
"../../../../../../Users/Will/Desktop/Work/CHICO/EldritchBotanist/The_Eldritch_Botanist/EldritchBotanistGame/Content/_Scenes/Levels/Night_Lv1.umap" 4183
"../../../../../../Users/Will/Desktop/Work/CHICO/EldritchBotanist/The_Eldritch_Botanist/EldritchBotanistGame/Content/_Blueprints/Character/Environments/Environment_Models/props_stump2.uasset" 4184
"../../../Engine/Content/EngineSounds/Submixes/MasterReverbSubmixDefault.uasset" 4185
"../../../Engine/Content/EngineSounds/Submixes/MasterSubmixDefault.uasset" 4186
"/Engine/EngineSounds/Submixes/MasterEQEffectPreset" 4187
"/Engine/EngineSounds/Submixes/MasterReverbEffectPreset" 4188
"/Game/_Scenes/Menus/Main_Menu" 4189
"../../../Engine/Plugins/Interchange/Assets/Content/gltf/MaterialFunctions/MF_Occlusion.uasset" 4190
"../../../Engine/Plugins/Interchange/Assets/Content/gltf/MaterialFunctions/MF_Specular.uasset" 4191
"../../../Engine/Plugins/Interchange/Assets/Content/gltf/MaterialFunctions/MF_Clearcoat.uasset" 4192
"../../../Engine/Plugins/Interchange/Assets/Content/gltf/MaterialFunctions/MF_RotateNormals_TS.uasset" 4193
"../../../Engine/Plugins/Interchange/Assets/Content/gltf/MaterialFunctions/MF_Normals.uasset" 4194
"../../../Engine/Plugins/Interchange/Assets/Content/gltf/Textures/T_Generic_N.uasset" 4195
"../../../Engine/Plugins/Interchange/Assets/Content/gltf/MaterialFunctions/MF_ScaleNormal.uasset" 4196
"../../../Engine/Plugins/Interchange/Assets/Content/gltf/Textures/T_White_Linear.uasset" 4197
"../../../Engine/Content/Functions/Engine_MaterialFunctions01/Texturing/FlattenNormal.uasset" 4198
"../../../Engine/Plugins/Interchange/Assets/Content/gltf/MaterialFunctions/MF_Emissive.uasset" 4199
"../../../Engine/Plugins/Interchange/Assets/Content/gltf/MaterialFunctions/MF_MetallicRoughness.uasset" 4200
"../../../Engine/Plugins/Interchange/Assets/Content/gltf/MaterialFunctions/MF_SpecularAnisotropy.uasset" 4201
"../../../Engine/Plugins/Interchange/Assets/Content/gltf/Textures/T_Anisotropy_Direction_Linear.uasset" 4202
"../../../Engine/Plugins/Interchange/Assets/Content/gltf/MaterialBodies/MF_ClearCoat_Body.uasset" 4203
"../../../Engine/Plugins/Interchange/Assets/Content/gltf/MaterialFunctions/MF_BaseColor.uasset" 4204
"../../../Engine/Plugins/Interchange/Assets/Content/gltf/MaterialFunctions/MF_IOR.uasset" 4205
"../../../Engine/Plugins/Interchange/Assets/Content/gltf/Textures/T_White_srgb.uasset" 4206
"../../../Engine/Plugins/Interchange/Assets/Content/Functions/MF_IridescenceNoLUT.uasset" 4207
"../../../Engine/Plugins/Interchange/Assets/Content/gltf/MaterialFunctions/MF_Iridescence.uasset" 4208
"../../../Engine/Plugins/Interchange/Assets/Content/gltf/MaterialFunctions/MF_RotateV2.uasset" 4209
"../../../Engine/Content/Functions/Engine_MaterialFunctions03/Math/RemapValueRange.uasset" 4210
"../../../Engine/Plugins/Interchange/Assets/Content/Utilities/New_LUT.uasset" 4211
"../../../Engine/Plugins/Interchange/Assets/Content/Functions/MF_Iridescence.uasset" 4212
"../../../Engine/Plugins/Interchange/Assets/Content/gltf/MaterialFunctions/MF_TransformUVs.uasset" 4213
"../../../../../../Users/Will/Desktop/Work/CHICO/EldritchBotanist/The_Eldritch_Botanist/EldritchBotanistGame/Content/_Scenes/Menus/Main_Menu.umap" 4214
"/Engine/EngineSounds/Submixes/MasterReverbSubmixDefault" 4215
"/InterchangeAssets/Utilities/New_LUT" 4216
"/InterchangeAssets/Functions/MF_Iridescence" 4217
"/InterchangeAssets/gltf/MaterialFunctions/MF_BaseColor" 4218
"/InterchangeAssets/gltf/MaterialFunctions/MF_RotateV2" 4219
"../../../Engine/Plugins/Interchange/Assets/Content/gltf/MaterialInstances/MI_ClearCoat_Mask.uasset" 4220
"../../../Engine/Plugins/Interchange/Assets/Content/gltf/MaterialInstances/MI_ClearCoat_Opaque.uasset" 4221
"../../../Engine/Plugins/Interchange/Assets/Content/gltf/MaterialInstances/MI_ClearCoat_Mask_DS.uasset" 4222
"../../../Engine/Plugins/Interchange/Assets/Content/gltf/M_ClearCoat.uasset" 4223
"../../../Engine/Plugins/Interchange/Assets/Content/gltf/MaterialInstances/MI_ClearCoat_Blend.uasset" 4224
"../../../Engine/Plugins/Interchange/Assets/Content/gltf/MaterialInstances/MI_ClearCoat_Blend_DS.uasset" 4225
"../../../Engine/Plugins/Interchange/Assets/Content/gltf/MaterialInstances/MI_ClearCoat_Opaque_DS.uasset" 4226
"/InterchangeAssets/gltf/MaterialFunctions/MF_TransformUVs" 4227
"/InterchangeAssets/gltf/MaterialFunctions/MF_IOR" 4228
"/InterchangeAssets/gltf/MaterialFunctions/MF_Iridescence" 4229
"/InterchangeAssets/gltf/MaterialFunctions/MF_MetallicRoughness" 4230
"/InterchangeAssets/gltf/MaterialFunctions/MF_Normals" 4231
"/InterchangeAssets/gltf/MaterialFunctions/MF_Occlusion" 4232
"/InterchangeAssets/gltf/MaterialFunctions/MF_Specular" 4233
"/InterchangeAssets/gltf/MaterialFunctions/MF_SpecularAnisotropy" 4234
"/InterchangeAssets/gltf/MaterialFunctions/MF_Emissive" 4235
"/InterchangeAssets/gltf/MaterialBodies/MF_ClearCoat_Body" 4236
"/InterchangeAssets/gltf/MaterialInstances/MI_ClearCoat_Blend_DS" 4237
"../../../Engine/Plugins/Interchange/Assets/Content/gltf/MaterialInstances/MI_Sheen_Blend.uasset" 4238
"../../../Engine/Plugins/Interchange/Assets/Content/gltf/M_Default.uasset" 4239
"../../../Engine/Plugins/Interchange/Assets/Content/gltf/M_Sheen.uasset" 4240
"../../../Engine/Plugins/Interchange/Assets/Content/gltf/MaterialFunctions/MF_Sheen.uasset" 4241
"../../../Engine/Plugins/Interchange/Assets/Content/gltf/MaterialInstances/MI_Default_Mask_DS.uasset" 4242
"../../../Engine/Plugins/Interchange/Assets/Content/gltf/MaterialInstances/MI_Default_Blend_DS.uasset" 4243
"/InterchangeAssets/gltf/MaterialInstances/MI_ClearCoat_Mask_DS" 4244
"../../../Engine/Plugins/Interchange/Assets/Content/gltf/MaterialBodies/MF_Default_Body.uasset" 4245
"../../../Engine/Plugins/Interchange/Assets/Content/gltf/MaterialInstances/MI_Default_Opaque_DS.uasset" 4246
"../../../Engine/Plugins/Interchange/Assets/Content/gltf/MaterialInstances/MI_Default_Opaque.uasset" 4247
"/InterchangeAssets/gltf/MaterialInstances/MI_ClearCoat_Opaque_DS" 4248
"/InterchangeAssets/gltf/MaterialInstances/MI_ClearCoat_Blend" 4249
"../../../Engine/Plugins/Interchange/Assets/Content/gltf/MaterialInstances/MI_Sheen_Mask.uasset" 4250
"/InterchangeAssets/gltf/MaterialInstances/MI_ClearCoat_Mask" 4251
"../../../Engine/Plugins/Interchange/Assets/Content/gltf/MaterialInstances/MI_Sheen_Opaque.uasset" 4252
"/InterchangeAssets/gltf/MaterialInstances/MI_ClearCoat_Opaque" 4253
"../../../Engine/Plugins/Interchange/Assets/Content/gltf/MaterialBodies/MF_Sheen_Body.uasset" 4254
"../../../Engine/Plugins/Interchange/Assets/Content/gltf/MaterialInstances/MI_Default_Blend.uasset" 4255
"../../../Engine/Plugins/Interchange/Assets/Content/gltf/MaterialInstances/MI_Default_Mask.uasset" 4256
"../../../Engine/Plugins/Interchange/Assets/Content/gltf/MaterialInstances/MI_Sheen_Opaque_DS.uasset" 4257
"../../../Engine/Plugins/Interchange/Assets/Content/gltf/MaterialFunctions/MF_Transmission.uasset" 4258
"../../../Engine/Plugins/Interchange/Assets/Content/gltf/MaterialInstances/MI_Sheen_Blend_DS.uasset" 4259
"../../../Engine/Content/Functions/Engine_MaterialFunctions02/Texturing/ScreenAlignedPixelToPixelUVs.uasset" 4260
"../../../Engine/Plugins/Interchange/Assets/Content/gltf/MaterialFunctions/MF_Fresnel_DS.uasset" 4261
"../../../Engine/Plugins/Interchange/Assets/Content/gltf/MaterialInstances/MI_Sheen_Mask_DS.uasset" 4262
"../../../Engine/Plugins/Interchange/Assets/Content/gltf/MaterialInstances/MI_Transmission.uasset" 4263
"../../../Engine/Plugins/Interchange/Assets/Content/gltf/MaterialFunctions/MF_Temporal_Blur.uasset" 4264
"../../../Engine/Plugins/Interchange/Assets/Content/gltf/MaterialInstances/MI_Transmission_DS.uasset" 4265
"../../../Engine/Plugins/Interchange/Assets/Content/gltf/MaterialBodies/MF_Transmission_Body.uasset" 4266
"../../../Engine/Plugins/Interchange/Assets/Content/gltf/M_Transmission.uasset" 4267
"/Engine/EditorResources/LightIcons/S_LightError" 4268
"../../../Engine/Content/EditorResources/LightIcons/S_LightError.uasset" 4269
"../../../Engine/Plugins/Interchange/Assets/Shaders/ThinFilmFunctions.usf" 4270
"/InterchangeAssets/gltf/MaterialInstances/MI_Transmission_DS" 4271
"../../../Engine/Content/Functions/Engine_MaterialFunctions02/Math/AddComponents.uasset" 4272
"../../../Engine/Plugins/Interchange/Assets/Content/gltf/MaterialFunctions/MF_MaxComponentValue.uasset" 4273
"../../../Engine/Plugins/Interchange/Assets/Content/gltf/M_SpecularGlossiness.uasset" 4274
"../../../Engine/Plugins/Interchange/Assets/Content/gltf/MaterialFunctions/MF_DiffuseSpecGloss.uasset" 4275
"../../../Engine/Plugins/Interchange/Assets/Content/gltf/MaterialFunctions/MF_PerceivedBrightness.uasset" 4276
"../../../Engine/Plugins/Interchange/Assets/Content/gltf/MaterialFunctions/MF_SpecGlossToMetalRoughness.uasset" 4277
"../../../Engine/Plugins/Interchange/Assets/Content/gltf/MaterialBodies/MF_SpecularGlossiness_Body.uasset" 4278
"/InterchangeAssets/gltf/MaterialInstances/MI_Transmission" 4279
"/InterchangeAssets/gltf/MaterialInstances/MI_Sheen_Blend_DS" 4280
"/InterchangeAssets/gltf/MaterialInstances/MI_Sheen_Mask_DS" 4281
"/InterchangeAssets/gltf/MaterialInstances/MI_Sheen_Opaque_DS" 4282
"/InterchangeAssets/gltf/MaterialInstances/MI_Sheen_Blend" 4283
"/InterchangeAssets/gltf/MaterialInstances/MI_Sheen_Mask" 4284
"/InterchangeAssets/gltf/MaterialInstances/MI_Sheen_Opaque" 4285
"/InterchangeAssets/gltf/MaterialInstances/MI_Default_Blend_DS" 4286
"/InterchangeAssets/gltf/MaterialInstances/MI_Default_Mask_DS" 4287
"/InterchangeAssets/gltf/MaterialInstances/MI_Default_Opaque_DS" 4288
"/InterchangeAssets/gltf/MaterialInstances/MI_Default_Blend" 4289
"/InterchangeAssets/gltf/MaterialInstances/MI_Default_Mask" 4290
"/InterchangeAssets/gltf/MaterialInstances/MI_Default_Opaque" 4291
"../../../Engine/Plugins/Interchange/Assets/Content/gltf/MaterialInstances/MI_SpecularGlossiness_Opaque_DS.uasset" 4292
"../../../Engine/Plugins/Interchange/Assets/Content/gltf/MaterialInstances/MI_SpecularGlossiness_Blend_DS.uasset" 4293
"../../../Engine/Content/Functions/Engine_MaterialFunctions01/Volumetrics/BeersLaw.uasset" 4294
"../../../Engine/Plugins/Interchange/Assets/Content/gltf/MaterialInstances/MI_SpecularGlossiness_Mask.uasset" 4295
"C:/Users/Will/Desktop/Work/CHICO/EldritchBotanist/The_Eldritch_Botanist/EldritchBotanistGame/Content/_Scenes/Menus/Game_Over.umap" 4296
"../../../Engine/Plugins/Interchange/Assets/Content/gltf/MaterialInstances/MI_SpecularGlossiness_Mask_DS.uasset" 4297
"../../../Engine/Plugins/Interchange/Assets/Content/gltf/MaterialInstances/MI_SpecularGlossiness_Blend.uasset" 4298
"../../../Engine/Plugins/Interchange/Assets/Content/Functions/MX_StandardSurface.uasset" 4299
"../../../Engine/Content/Functions/Substrate/MF_SchlickInternal.uasset" 4300
"../../../Engine/Plugins/Interchange/Assets/Content/Functions/MX_TransmissionSurface.uasset" 4301
"../../../Engine/Plugins/Interchange/Assets/Content/Functions/MF_OrenNayerView.uasset" 4302
"C:/Users/Will/Desktop/Work/CHICO/EldritchBotanist/The_Eldritch_Botanist/EldritchBotanistGame/Content/_Blueprints/UI/MenusUI/WBP_GameOver.uasset" 4303
"../../../Engine/Plugins/Interchange/Assets/Content/gltf/MaterialInstances/MI_Unlit_Opaque.uasset" 4304
"../../../Engine/Plugins/Interchange/Assets/Content/gltf/MaterialBodies/MF_Unlit_Body.uasset" 4305
"../../../Engine/Plugins/Interchange/Assets/Content/gltf/MaterialInstances/MI_Unlit_Mask.uasset" 4306
"../../../Engine/Plugins/Interchange/Assets/Content/gltf/MaterialInstances/MI_Unlit_Opaque_DS.uasset" 4307
"../../../Engine/Plugins/Interchange/Assets/Content/Functions/MX_OpenPBR_Translucent.uasset" 4308
"../../../Engine/Plugins/Interchange/Assets/Content/gltf/MaterialInstances/MI_SpecularGlossiness_Opaque.uasset" 4309
"../../../Engine/Plugins/Interchange/Assets/Content/gltf/M_Unlit.uasset" 4310
"../../../Engine/Plugins/Interchange/Assets/Content/gltf/MaterialInstances/MI_Unlit_Blend.uasset" 4311
"../../../Engine/Plugins/Interchange/Assets/Content/gltf/MaterialInstances/MI_Unlit_Blend_DS.uasset" 4312
"../../../Engine/Plugins/Interchange/Assets/Content/Functions/MX_Transmission.uasset" 4313
"../../../Engine/Plugins/Interchange/Assets/Content/gltf/MaterialInstances/MI_Unlit_Mask_DS.uasset" 4314
"/InterchangeAssets/gltf/M_SpecularGlossiness" 4315
"/InterchangeAssets/gltf/MaterialInstances/MI_Unlit_Mask" 4316
"/InterchangeAssets/gltf/MaterialInstances/MI_Unlit_Blend_DS" 4317
"/InterchangeAssets/gltf/MaterialInstances/MI_Unlit_Mask_DS" 4318
"/InterchangeAssets/gltf/MaterialInstances/MI_Unlit_Opaque_DS" 4319
"/InterchangeAssets/gltf/MaterialInstances/MI_Unlit_Blend" 4320
"/InterchangeAssets/Functions/MX_OpenPBR_Translucent" 4321
"/Game/_Scenes/Menus/Game_Over" 4322
"../../../../../../Users/Will/Desktop/Work/CHICO/EldritchBotanist/The_Eldritch_Botanist/EldritchBotanistGame/Content/_Scenes/Menus/Game_Over.umap" 4323
"/InterchangeAssets/gltf/MaterialInstances/MI_SpecularGlossiness_Blend_DS" 4324
"/InterchangeAssets/gltf/MaterialInstances/MI_SpecularGlossiness_Mask_DS" 4325
"/InterchangeAssets/gltf/MaterialInstances/MI_SpecularGlossiness_Opaque_DS" 4326
"/InterchangeAssets/gltf/MaterialInstances/MI_SpecularGlossiness_Blend" 4327
"/InterchangeAssets/gltf/MaterialInstances/MI_SpecularGlossiness_Mask" 4328
"/InterchangeAssets/gltf/MaterialInstances/MI_SpecularGlossiness_Opaque" 4329
"/InterchangeAssets/gltf/MaterialInstances/MI_Unlit_Opaque" 4330
"../../../Engine/Plugins/Interchange/Assets/Content/Functions/MX_OpenPBR_Opaque.uasset" 4331
"../../../Engine/Plugins/Animation/ControlRig/Content/Controls/ControlRig_Arrow2_3mm.uasset" 4332
"../../../Engine/Plugins/Animation/ControlRig/Content/Controls/ControlRig_Arrow2_solid.uasset" 4333
"../../../Engine/Plugins/Animation/ControlRig/Content/Controls/ControlRig_Arrow4_1mm.uasset" 4334
"../../../Engine/Plugins/Animation/ControlRig/Content/Controls/ControlRig_Sphere_solid.uasset" 4335
"../../../Engine/Plugins/Animation/ControlRig/Content/Controls/ControlRig_Arrow4_solid.uasset" 4336
"../../../Engine/Plugins/Animation/ControlRig/Content/Controls/ControlRig_Arrow2_1mm.uasset" 4337
"../../../Engine/Plugins/Animation/ControlRig/Content/Controls/ControlRig_Arrow4_3mm.uasset" 4338
"/ControlRig/Controls/ControlRig_Arrow4_solid" 4339
"/ControlRig/Controls/ControlRig_Arrow4_3mm" 4340
"/ControlRig/Controls/ControlRig_Arrow4_1mm" 4341
"/ControlRig/Controls/ControlRig_Arrow2_solid" 4342
"/ControlRig/Controls/ControlRig_Arrow2_3mm" 4343
"/ControlRig/Controls/ControlRig_Arrow2_1mm" 4344
"/ControlRig/Controls/ControlRig_Sphere_solid" 4345
"/InterchangeAssets/Functions/MX_OpenPBR_Opaque" 4346
"../../../Engine/Plugins/Animation/ControlRig/Content/Controls/ControlRig_Circle_1mm.uasset" 4347
"../../../Engine/Plugins/Animation/ControlRig/Content/Controls/ControlRig_Box_1mm.uasset" 4348
"../../../Engine/Plugins/Animation/ControlRig/Content/Controls/ControlRig_Circle_3mm.uasset" 4349
"../../../Engine/Plugins/Animation/ControlRig/Content/Controls/ControlRig_Circle_solid.uasset" 4350
"../../../Engine/Plugins/Animation/ControlRig/Content/Controls/ControlRig_Diamond_3mm.uasset" 4351
"../../../Engine/Plugins/Animation/ControlRig/Content/Controls/ControlRig_Box_solid.uasset" 4352
"../../../Engine/Plugins/Animation/ControlRig/Content/Controls/ControlRig_Diamond_1mm.uasset" 4353
"../../../Engine/Plugins/Animation/ControlRig/Content/Controls/ControlRig_Arrow_1mm.uasset" 4354
"../../../Engine/Plugins/Animation/ControlRig/Content/Controls/ControlRig_Arrow_3mm.uasset" 4355
"../../../Engine/Plugins/Animation/ControlRig/Content/Controls/ControlRig_Box_3mm.uasset" 4356
"../../Plugins/Interchange/Assets/Content/Functions/MX_StandardSurface.uasset" 4357
"../../../Engine/Plugins/Animation/ControlRig/Content/Controls/ControlRig_Arrow_solid.uasset" 4358
"../../Plugins/Interchange/Assets/Content/Functions/MF_IridescenceNoLUT.uasset" 4359
"../../Plugins/Interchange/Assets/Content/Functions/MF_OrenNayerView.uasset" 4360
"../../../Engine/Plugins/Animation/ControlRig/Content/Controls/ControlRig_HalfCircle_3mm.uasset" 4361
"../../../Engine/Plugins/Animation/ControlRig/Content/Controls/ControlRig_HalfCircle_1mm.uasset" 4362
"../../../Engine/Plugins/Animation/ControlRig/Content/Controls/ControlRig_Diamond_solid.uasset" 4363
"../../../Engine/Plugins/Animation/ControlRig/Content/Controls/ControlRig_Octagon_solid.uasset" 4364
"../../../Engine/Plugins/Animation/ControlRig/Content/Controls/ControlRig_Octagon_3mm.uasset" 4365
"../../../Engine/Plugins/Animation/ControlRig/Content/Controls/ControlRig_Octagon_1mm.uasset" 4366
"../../../Engine/Plugins/Animation/ControlRig/Content/Controls/ControlRig_Pyramid_1mm.uasset" 4367
"../../../Engine/Plugins/Animation/ControlRig/Content/Controls/ControlRig_Hexagon_1mm.uasset" 4368
"../../../Engine/Plugins/Animation/ControlRig/Content/Controls/ControlRig_Hexagon_solid.uasset" 4369
"../../../Engine/Plugins/Animation/ControlRig/Content/Controls/ControlRig_HalfCircle_solid.uasset" 4370
"../../../Engine/Plugins/Animation/ControlRig/Content/Controls/ControlRig_Hexagon_3mm.uasset" 4371
"/ControlRig/Controls/ControlRig_Pyramid_1mm" 4372
"/ControlRig/Controls/ControlRig_Octagon_solid" 4373
"/ControlRig/Controls/ControlRig_Octagon_3mm" 4374
"/ControlRig/Controls/ControlRig_Octagon_1mm" 4375
"/ControlRig/Controls/ControlRig_Hexagon_solid" 4376
"/ControlRig/Controls/ControlRig_Hexagon_3mm" 4377
"/ControlRig/Controls/ControlRig_Hexagon_1mm" 4378
"/ControlRig/Controls/ControlRig_HalfCircle_solid" 4379
"/Game/_Scenes/Levels/_GENERATED/sjgon/Path_9E28D9EB" 4380
"/Game/_Scenes/Levels/_GENERATED/sjgon/Path_BEC999D2" 4381
"/Game/_Scenes/Levels/_GENERATED/sjgon/Path_00D5D424" 4382
"/Game/_Scenes/Levels/_GENERATED/sjgon/Path_59F7975F" 4383
"/Game/_Scenes/Levels/_GENERATED/sjgon/Path_84C93BDC" 4384
"/Game/_Scenes/Levels/_GENERATED/sjgon/Path_A63CF90F" 4385
"/Game/_Scenes/Levels/_GENERATED/sjgon/Path_F643D0BA" 4386
"/Game/_Scenes/Levels/_GENERATED/sjgon/Path_52C512C4" 4387
"/Game/_Scenes/Levels/_GENERATED/sjgon/Path_C7DED457" 4388
"/Game/_Scenes/Levels/_GENERATED/sjgon/Path_EA50549A" 4389
"/ControlRig/Controls/ControlRig_HalfCircle_3mm" 4390
"/ControlRig/Controls/ControlRig_HalfCircle_1mm" 4391
"/ControlRig/Controls/ControlRig_Diamond_solid" 4392
"/ControlRig/Controls/ControlRig_Diamond_3mm" 4393
"/ControlRig/Controls/ControlRig_Diamond_1mm" 4394
"/ControlRig/Controls/ControlRig_Circle_solid" 4395
"/ControlRig/Controls/ControlRig_Circle_3mm" 4396
"/ControlRig/Controls/ControlRig_Circle_1mm" 4397
"/ControlRig/Controls/ControlRig_Box_solid" 4398
"/ControlRig/Controls/ControlRig_Box_3mm" 4399
"/ControlRig/Controls/ControlRig_Box_1mm" 4400
"/ControlRig/Controls/ControlRig_Arrow_solid" 4401
"/ControlRig/Controls/ControlRig_Arrow_3mm" 4402
"/ControlRig/Controls/ControlRig_Arrow_1mm" 4403
"/Engine/MapTemplates/SM_Template_Map_Floor" 4404
"../../../Engine/Plugins/Animation/ControlRig/Content/Controls/ControlRig_Pyramid_solid.uasset" 4405
"../../../Engine/Plugins/Animation/ControlRig/Content/Controls/ControlRig_QuarterCircle_solid.uasset" 4406
"../../../Engine/Plugins/Animation/ControlRig/Content/Controls/ControlRig_RoundedSquare_1mm.uasset" 4407
"../../../Engine/Plugins/Animation/ControlRig/Content/Controls/ControlRig_QuarterCircle_3mm.uasset" 4408
"../../../Engine/Plugins/Animation/ControlRig/Content/Controls/ControlRig_RoundedSquare_3mm.uasset" 4409
"../../../Engine/Plugins/Animation/ControlRig/Content/Controls/ControlRig_QuarterCircle_1mm.uasset" 4410
"../../../Engine/Plugins/Animation/ControlRig/Content/Controls/ControlRig_Pyramid_3mm.uasset" 4411
"../../../Engine/Plugins/Animation/ControlRig/Content/Controls/ControlRig_RoundedSquare_solid.uasset" 4412
"../../../Engine/Plugins/Animation/ControlRig/Content/Controls/ControlRig_RoundedTriangle_3mm.uasset" 4413
"/ControlRig/Controls/ControlRig_RoundedTriangle_3mm" 4414
"../../../Engine/Plugins/Animation/ControlRig/Content/Controls/ControlRig_Sphere_1mm.uasset" 4415
"../../../Engine/Plugins/Animation/ControlRig/Content/Controls/ControlRig_Sphere_3mm.uasset" 4416
"../../../Engine/Plugins/Animation/ControlRig/Content/Controls/ControlRig_RoundedTriangle_1mm.uasset" 4417
"/ControlRig/Controls/ControlRig_RoundedSquare_solid" 4418
"../../../Engine/Plugins/Animation/ControlRig/Content/Controls/ControlRig_RoundedTriangle_solid.uasset" 4419
"../../../Engine/Plugins/Animation/ControlRig/Content/Controls/ControlRig_Square_1mm.uasset" 4420
"/ControlRig/Controls/ControlRig_RoundedSquare_3mm" 4421
"../../../Engine/Plugins/Animation/ControlRig/Content/Controls/ControlRig_Square_3mm.uasset" 4422
"../../../Engine/Plugins/Animation/ControlRig/Content/Controls/ControlRig_Triangle_solid.uasset" 4423
"../../../Engine/Plugins/Animation/ControlRig/Content/Controls/ControlRig_Square_solid.uasset" 4424
"../../../Engine/Plugins/Animation/ControlRig/Content/Controls/ControlRig_Star4_solid.uasset" 4425
"../../../Engine/Plugins/Animation/ControlRig/Content/Controls/ControlRig_Triangle_1mm.uasset" 4426
"../../../Engine/Plugins/Animation/ControlRig/Content/Controls/ControlRig_Star4_1mm.uasset" 4427
"../../../Engine/Plugins/Animation/ControlRig/Content/Controls/ControlRig_Wedge_1mm.uasset" 4428
"../../../Engine/Plugins/Animation/ControlRig/Content/Controls/ControlRig_Star4_3mm.uasset" 4429
"../../../Engine/Plugins/Animation/ControlRig/Content/Controls/ControlRig_Triangle_3mm.uasset" 4430
"../../../Engine/Plugins/Animation/ControlRig/Content/Controls/ControlRig_Wedge_3mm.uasset" 4431
"../../../Engine/Plugins/Animation/ControlRig/Content/Controls/ControlRig_Wedge_solid.uasset" 4432
"/ControlRig/Controls/ControlRig_RoundedSquare_1mm" 4433
"/ControlRig/Controls/ControlRig_QuarterCircle_solid" 4434
"/ControlRig/Controls/ControlRig_QuarterCircle_3mm" 4435
"/ControlRig/Controls/ControlRig_QuarterCircle_1mm" 4436
"/ControlRig/Controls/ControlRig_Pyramid_solid" 4437
"/ControlRig/Controls/ControlRig_Pyramid_3mm" 4438
"/ControlRig/Controls/ControlRig_Wedge_solid" 4439
"/ControlRig/Controls/ControlRig_Wedge_3mm" 4440
"/ControlRig/Controls/ControlRig_Wedge_1mm" 4441
"/ControlRig/Controls/ControlRig_Triangle_solid" 4442
"/ControlRig/Controls/ControlRig_Triangle_3mm" 4443
"/ControlRig/Controls/ControlRig_Triangle_1mm" 4444
"/ControlRig/Controls/ControlRig_Star4_solid" 4445
"/ControlRig/Controls/ControlRig_Star4_3mm" 4446
"/ControlRig/Controls/ControlRig_Star4_1mm" 4447
"/ControlRig/Controls/ControlRig_Square_solid" 4448
"/ControlRig/Controls/ControlRig_Square_3mm" 4449
"/ControlRig/Controls/ControlRig_Square_1mm" 4450
"/ControlRig/Controls/ControlRig_Sphere_3mm" 4451
"/ControlRig/Controls/ControlRig_Sphere_1mm" 4452
"/ControlRig/Controls/ControlRig_RoundedTriangle_solid" 4453
"/ControlRig/Controls/ControlRig_RoundedTriangle_1mm" 4454
"C:/Users/Will/Desktop/Work/CHICO/EldritchBotanist/The_Eldritch_Botanist/EldritchBotanistGame/Content/_Images/UI_Images/oldlady_top.uasset" 4455
"C:/Users/Will/Desktop/Work/CHICO/EldritchBotanist/The_Eldritch_Botanist/EldritchBotanistGame/Content/_Blueprints/UI/TutorialUI/WBP_TutorialPopup.uasset" 4456
"C:/Users/Will/Desktop/Work/CHICO/EldritchBotanist/The_Eldritch_Botanist/EldritchBotanistGame/Content/_Materials/Textures/Props/props_ext_props_m_ext_props_OcclusionRoughnessMetallic.uasset" 4457
"C:/Users/Will/Desktop/Work/CHICO/EldritchBotanist/The_Eldritch_Botanist/EldritchBotanistGame/Content/_Materials/Textures/Props/props_ext_props_m_ext_props_Normal.uasset" 4458
"C:/Users/Will/Desktop/Work/CHICO/EldritchBotanist/The_Eldritch_Botanist/EldritchBotanistGame/Content/_Materials/m_external_props.uasset" 4459
"C:/Users/Will/Desktop/Work/CHICO/EldritchBotanist/The_Eldritch_Botanist/EldritchBotanistGame/Content/_Materials/Textures/Props/props_ext_props_m_ext_props_BaseColor.uasset" 4460
"/InterchangeAssets/gltf/MaterialFunctions/MF_RotateNormals_TS" 4461
"/Game/_Materials/m_SwampGround_Landscape" 4462
"/Engine/EditorResources/FieldNodes/_Resources/M_FieldRadiusPreview" 4463
"/Game/_Blueprints/UI/TutorialUI/WBP_TutorialPopup" 4464
"/Game/_Materials/Textures/Props/props_ext_props_m_ext_props_Normal" 4465
"/Game/_Materials/Textures/Props/props_ext_props_m_ext_props_OcclusionRoughnessMetallic" 4466
"/Engine/Functions/Engine_MaterialFunctions03/Blends/Blend_Overlay" 4467
"/Engine/Functions/Engine_MaterialFunctions01/Gradient/LinearGradient" 4468
"/Engine/Functions/Engine_MaterialFunctions01/ImageAdjustment/CheapContrast" 4469
"/Engine/MobileResources/HUD/VirtualJoystick_Thumb" 4470
"/Engine/EngineFonts/RobotoTiny" 4471
"/Game/_Materials/Textures/Props/props_tree_leaves_m_leaves_OcclusionRoughnessMetallic" 4472
"/Game/_Materials/Textures/Props/props_tree_leaves_m_leaves_Normal" 4473
"/Game/_Materials/Textures/Props/props_tree_leaves_m_leaves_BaseColor" 4474
"/Game/_Materials/m_props_Stump" 4475
"/Game/_Materials/m_external_props" 4476
"/Game/_Materials/m_trees" 4477
"/Game/_Materials/m_leaves" 4478
"/Game/_Blueprints/UI/DayUI/Tables/WBP_CreatedPopup" 4479
"/Game/_Blueprints/Character/RenderTargets/M_RenderView" 4480
"/InterchangeAssets/gltf/Textures/T_Anisotropy_Direction_Linear" 4481
"/Engine/EngineSky/M_Sky_Panning_Clouds2" 4482
"/Engine/VREditor/UI/DiscMaterial" 4483
"../../../Engine/Content/EditorMaterials/PreviewShadowIndicatorMaterial.uasset" 4484
"../../../Engine/Content/EditorMaterials/PreviewShadowIndicator.uasset" 4485
"/InterchangeAssets/gltf/MaterialFunctions/MF_Sheen" 4486
"../../../Engine/Content/EngineMaterials/Substrate/GLints/dict_16_192_64_0p5_0p02_0000_0001.uasset" 4487
"../../../Engine/Content/EngineMaterials/Substrate/GLints/dict_16_192_64_0p5_0p02_0000_0003.uasset" 4488
"../../../Engine/Content/EngineMaterials/Substrate/GLints/dict_16_192_64_0p5_0p02_0000_0005.uasset" 4489
"../../../Engine/Content/EngineMaterials/Substrate/GLints/dict_16_192_64_0p5_0p02_0000_0008.uasset" 4490
"../../../Engine/Content/EngineMaterials/Substrate/GLints/dict_16_192_64_0p5_0p02_0000_0006.uasset" 4491
"../../../Engine/Content/EngineMaterials/Substrate/GLints/dict_16_192_64_0p5_0p02_0000_0007.uasset" 4492
"../../../Engine/Content/EngineMaterials/Substrate/GLints/dict_16_192_64_0p5_0p02_0000_0002.uasset" 4493
"../../../Engine/Content/EngineMaterials/Substrate/GLints/dict_16_192_64_0p5_0p02_0000_0004.uasset" 4494
"../../../Engine/Content/EngineMaterials/Substrate/GLints/dict_16_192_64_0p5_0p02_0000_0000.uasset" 4495
"/Engine/EditorMaterials/PreviewShadowIndicatorMaterial" 4496
"/Engine/Functions/Engine_MaterialFunctions02/Math/AddComponents" 4497
"/InterchangeAssets/gltf/MaterialFunctions/MF_DiffuseSpecGloss" 4498
"/InterchangeAssets/gltf/MaterialFunctions/MF_PerceivedBrightness" 4499
"/Engine/Functions/Engine_MaterialFunctions02/Texturing/ScreenAlignedPixelToPixelUVs" 4500
"/InterchangeAssets/gltf/MaterialFunctions/MF_Temporal_Blur" 4501
"/InterchangeAssets/gltf/MaterialFunctions/MF_Transmission" 4502
"../../../Engine/Content/EngineMaterials/Substrate/GLints/dict_16_192_64_0p5_0p02_0000_0010.uasset" 4503
"../../../Engine/Content/EngineMaterials/Substrate/GLints/dict_16_192_64_0p5_0p02_0000_0012.uasset" 4504
"../../../Engine/Content/EngineMaterials/Substrate/GLints/dict_16_192_64_0p5_0p02_0000_0011.uasset" 4505
"../../../Engine/Content/EngineMaterials/Substrate/GLints/dict_16_192_64_0p5_0p02_0000_0009.uasset" 4506
"../../../Engine/Content/EngineMaterials/Substrate/GLints/dict_16_192_64_0p5_0p02_0000_0014.uasset" 4507
"../../../Engine/Content/EngineMaterials/Substrate/GLints/dict_16_192_64_0p5_0p02_0000_0013.uasset" 4508
"../../../Engine/Content/EngineMaterials/Substrate/GLints/dict_16_192_64_0p5_0p02_0001_0001.uasset" 4509
"../../../Engine/Content/EngineMaterials/Substrate/GLints/dict_16_192_64_0p5_0p02_0001_0002.uasset" 4510
"../../../Engine/Content/EngineMaterials/Substrate/GLints/dict_16_192_64_0p5_0p02_0001_0000.uasset" 4511
"../../../Engine/Content/EngineMaterials/Substrate/GLints/dict_16_192_64_0p5_0p02_0000_0015.uasset" 4512
"../../../Engine/Content/EngineMaterials/Substrate/GLints/dict_16_192_64_0p5_0p02_0001_0004.uasset" 4513
"../../../Engine/Content/EngineMaterials/Substrate/GLints/dict_16_192_64_0p5_0p02_0001_0003.uasset" 4514
"../../../Engine/Content/EngineMaterials/Substrate/GLints/dict_16_192_64_0p5_0p02_0001_0005.uasset" 4515
"../../../Engine/Content/EngineMaterials/Substrate/GLints/dict_16_192_64_0p5_0p02_0001_0009.uasset" 4516
"../../../Engine/Content/EngineMaterials/Substrate/GLints/dict_16_192_64_0p5_0p02_0001_0011.uasset" 4517
"../../../Engine/Content/EngineMaterials/Substrate/GLints/dict_16_192_64_0p5_0p02_0001_0008.uasset" 4518
"../../../Engine/Content/EngineMaterials/Substrate/GLints/dict_16_192_64_0p5_0p02_0001_0007.uasset" 4519
"../../../Engine/Content/EngineMaterials/Substrate/GLints/dict_16_192_64_0p5_0p02_0001_0010.uasset" 4520
"../../../Engine/Content/EngineMaterials/Substrate/GLints/dict_16_192_64_0p5_0p02_0001_0006.uasset" 4521
"../../../Engine/Content/EngineMaterials/Substrate/GLints/dict_16_192_64_0p5_0p02_0001_0012.uasset" 4522
"../../../Engine/Content/EngineMaterials/Substrate/GLints/dict_16_192_64_0p5_0p02_0001_0013.uasset" 4523
"/Engine/EngineMaterials/Substrate/GLints/dict_16_192_64_0p5_0p02_0000_0008" 4524
"/Engine/EngineMaterials/Substrate/GLints/dict_16_192_64_0p5_0p02_0000_0007" 4525
"/Engine/EngineMaterials/Substrate/GLints/dict_16_192_64_0p5_0p02_0000_0006" 4526
"/Engine/EngineMaterials/Substrate/GLints/dict_16_192_64_0p5_0p02_0000_0005" 4527
"/Engine/EngineMaterials/Substrate/GLints/dict_16_192_64_0p5_0p02_0000_0004" 4528
"/Engine/EngineMaterials/Substrate/GLints/dict_16_192_64_0p5_0p02_0000_0003" 4529
"/Engine/EngineMaterials/Substrate/GLints/dict_16_192_64_0p5_0p02_0000_0002" 4530
"/Engine/EngineMaterials/Substrate/GLints/dict_16_192_64_0p5_0p02_0000_0001" 4531
"/Engine/EngineMaterials/Substrate/GLints/dict_16_192_64_0p5_0p02_0000_0000" 4532
"/InterchangeAssets/gltf/MaterialFunctions/MF_MaxComponentValue" 4533
"/InterchangeAssets/gltf/MaterialFunctions/MF_ScaleNormal" 4534
"/Engine/EngineMaterials/Substrate/GLints/dict_16_192_64_0p5_0p02_0001_0013" 4535
"/Engine/EngineMaterials/Substrate/GLints/dict_16_192_64_0p5_0p02_0001_0012" 4536
"/Engine/EngineMaterials/Substrate/GLints/dict_16_192_64_0p5_0p02_0001_0011" 4537
"/Engine/EngineMaterials/Substrate/GLints/dict_16_192_64_0p5_0p02_0001_0010" 4538
"/Engine/EngineMaterials/Substrate/GLints/dict_16_192_64_0p5_0p02_0001_0009" 4539
"/Engine/EngineMaterials/Substrate/GLints/dict_16_192_64_0p5_0p02_0001_0008" 4540
"/Engine/EngineMaterials/Substrate/GLints/dict_16_192_64_0p5_0p02_0001_0007" 4541
"/Engine/EngineMaterials/Substrate/GLints/dict_16_192_64_0p5_0p02_0001_0006" 4542
"/Engine/EngineMaterials/Substrate/GLints/dict_16_192_64_0p5_0p02_0001_0005" 4543
"../../../Engine/Content/EngineMaterials/Substrate/GLints/dict_16_192_64_0p5_0p02_0002_0007.uasset" 4544
"../../../Engine/Content/EngineMaterials/Substrate/GLints/dict_16_192_64_0p5_0p02_0002_0001.uasset" 4545
"../../../Engine/Content/EngineMaterials/Substrate/GLints/dict_16_192_64_0p5_0p02_0001_0015.uasset" 4546
"../../../Engine/Content/EngineMaterials/Substrate/GLints/dict_16_192_64_0p5_0p02_0002_0003.uasset" 4547
"../../../Engine/Content/EngineMaterials/Substrate/GLints/dict_16_192_64_0p5_0p02_0002_0000.uasset" 4548
"/Engine/EngineMaterials/Substrate/GLints/dict_16_192_64_0p5_0p02_0001_0004" 4549
"../../../Engine/Content/EngineMaterials/Substrate/GLints/dict_16_192_64_0p5_0p02_0002_0006.uasset" 4550
"../../../Engine/Content/EngineMaterials/Substrate/GLints/dict_16_192_64_0p5_0p02_0001_0014.uasset" 4551
"/Engine/EngineMaterials/Substrate/GLints/dict_16_192_64_0p5_0p02_0001_0003" 4552
"../../../Engine/Content/EngineMaterials/Substrate/GLints/dict_16_192_64_0p5_0p02_0002_0002.uasset" 4553
"../../../Engine/Content/EngineMaterials/Substrate/GLints/dict_16_192_64_0p5_0p02_0002_0004.uasset" 4554
"/Engine/EngineMaterials/Substrate/GLints/dict_16_192_64_0p5_0p02_0001_0002" 4555
"../../../Engine/Content/EngineMaterials/Substrate/GLints/dict_16_192_64_0p5_0p02_0002_0005.uasset" 4556
"/Engine/EngineMaterials/Substrate/GLints/dict_16_192_64_0p5_0p02_0001_0001" 4557
"/Engine/EngineMaterials/Substrate/GLints/dict_16_192_64_0p5_0p02_0001_0000" 4558
"/Engine/EngineMaterials/Substrate/GLints/dict_16_192_64_0p5_0p02_0000_0015" 4559
"/Engine/EngineMaterials/Substrate/GLints/dict_16_192_64_0p5_0p02_0000_0014" 4560
"/Engine/EngineMaterials/Substrate/GLints/dict_16_192_64_0p5_0p02_0000_0013" 4561
"../../../Engine/Content/EngineMaterials/Substrate/GLints/dict_16_192_64_0p5_0p02_0002_0008.uasset" 4562
"/Engine/EngineMaterials/Substrate/GLints/dict_16_192_64_0p5_0p02_0000_0012" 4563
"/Engine/EngineMaterials/Substrate/GLints/dict_16_192_64_0p5_0p02_0000_0011" 4564
"/Engine/EngineMaterials/Substrate/GLints/dict_16_192_64_0p5_0p02_0000_0010" 4565
"/Engine/EngineMaterials/Substrate/GLints/dict_16_192_64_0p5_0p02_0000_0009" 4566
"/Engine/EngineMaterials/Substrate/GLints/dict_16_192_64_0p5_0p02_0002_0008" 4567
"/Engine/EngineMaterials/Substrate/GLints/dict_16_192_64_0p5_0p02_0002_0007" 4568
"/Engine/EngineMaterials/Substrate/GLints/dict_16_192_64_0p5_0p02_0002_0006" 4569
"../../../Engine/Content/EngineMaterials/Substrate/GLints/dict_16_192_64_0p5_0p02_0002_0011.uasset" 4570
"../../../Engine/Content/EngineMaterials/Substrate/GLints/dict_16_192_64_0p5_0p02_0003_0005.uasset" 4571
"../../../Engine/Content/EngineMaterials/Substrate/GLints/dict_16_192_64_0p5_0p02_0002_0015.uasset" 4572
"../../../Engine/Content/EngineMaterials/Substrate/GLints/dict_16_192_64_0p5_0p02_0003_0003.uasset" 4573
"../../../Engine/Content/EngineMaterials/Substrate/GLints/dict_16_192_64_0p5_0p02_0002_0014.uasset" 4574
"../../../Engine/Content/EngineMaterials/Substrate/GLints/dict_16_192_64_0p5_0p02_0003_0001.uasset" 4575
"../../../Engine/Content/EngineMaterials/Substrate/GLints/dict_16_192_64_0p5_0p02_0003_0000.uasset" 4576
"../../../Engine/Content/EngineMaterials/Substrate/GLints/dict_16_192_64_0p5_0p02_0002_0010.uasset" 4577
"../../../Engine/Content/EngineMaterials/Substrate/GLints/dict_16_192_64_0p5_0p02_0003_0004.uasset" 4578
"../../../Engine/Content/EngineMaterials/Substrate/GLints/dict_16_192_64_0p5_0p02_0002_0012.uasset" 4579
"/Engine/EngineMaterials/Substrate/GLints/dict_16_192_64_0p5_0p02_0002_0005" 4580
"../../../Engine/Content/EngineMaterials/Substrate/GLints/dict_16_192_64_0p5_0p02_0003_0002.uasset" 4581
"/Engine/EngineMaterials/Substrate/GLints/dict_16_192_64_0p5_0p02_0002_0004" 4582
"/Engine/EngineMaterials/Substrate/GLints/dict_16_192_64_0p5_0p02_0002_0003" 4583
"/Engine/EngineMaterials/Substrate/GLints/dict_16_192_64_0p5_0p02_0002_0002" 4584
"/Engine/EngineMaterials/Substrate/GLints/dict_16_192_64_0p5_0p02_0002_0001" 4585
"/Engine/EngineMaterials/Substrate/GLints/dict_16_192_64_0p5_0p02_0002_0000" 4586
"/Engine/EngineMaterials/Substrate/GLints/dict_16_192_64_0p5_0p02_0001_0015" 4587
"/Engine/EngineMaterials/Substrate/GLints/dict_16_192_64_0p5_0p02_0001_0014" 4588
"/Engine/EngineMaterials/Substrate/GLints/dict_16_192_64_0p5_0p02_0003_0005" 4589
"../../../Engine/Content/EngineMaterials/Substrate/GLints/dict_16_192_64_0p5_0p02_0002_0013.uasset" 4590
"../../../Engine/Content/EngineMaterials/Substrate/GLints/dict_16_192_64_0p5_0p02_0003_0007.uasset" 4591
"../../../Engine/Content/EngineMaterials/Substrate/GLints/dict_16_192_64_0p5_0p02_0003_0009.uasset" 4592
"../../../Engine/Content/EngineMaterials/Substrate/GLints/dict_16_192_64_0p5_0p02_0003_0006.uasset" 4593
"../../../Engine/Content/EngineMaterials/Substrate/GLints/dict_16_192_64_0p5_0p02_0003_0012.uasset" 4594
"/Engine/EngineMaterials/Substrate/GLints/dict_16_192_64_0p5_0p02_0003_0004" 4595
"/Engine/EngineMaterials/Substrate/GLints/dict_16_192_64_0p5_0p02_0003_0003" 4596
"/Engine/EngineMaterials/Substrate/GLints/dict_16_192_64_0p5_0p02_0003_0002" 4597
"/Engine/EngineMaterials/Substrate/GLints/dict_16_192_64_0p5_0p02_0003_0001" 4598
"../../../Engine/Content/EngineMaterials/Substrate/GLints/dict_16_192_64_0p5_0p02_0003_0013.uasset" 4599
"/Engine/EngineMaterials/Substrate/GLints/dict_16_192_64_0p5_0p02_0003_0000" 4600
"/Engine/EngineMaterials/Substrate/GLints/dict_16_192_64_0p5_0p02_0002_0015" 4601
"/Engine/EngineMaterials/Substrate/GLints/dict_16_192_64_0p5_0p02_0002_0014" 4602
"../../../Engine/Content/EngineMaterials/Substrate/GLints/dict_16_192_64_0p5_0p02_0003_0008.uasset" 4603
"../../../Engine/Content/EngineMaterials/Substrate/GLints/dict_16_192_64_0p5_0p02_0003_0015.uasset" 4604
"../../../Engine/Content/EngineMaterials/Substrate/GLints/dict_16_192_64_0p5_0p02_0003_0014.uasset" 4605
"../../../Engine/Content/EngineMaterials/Substrate/GLints/dict_16_192_64_0p5_0p02_0003_0010.uasset" 4606
"/Engine/EngineMaterials/Substrate/GLints/dict_16_192_64_0p5_0p02_0002_0012" 4607
"/Engine/EngineMaterials/Substrate/GLints/dict_16_192_64_0p5_0p02_0002_0011" 4608
"/Engine/EngineMaterials/Substrate/GLints/dict_16_192_64_0p5_0p02_0002_0010" 4609
"/Engine/EngineMaterials/Substrate/GLints/dict_16_192_64_0p5_0p02_0003_0013" 4610
"/Engine/EngineMaterials/Substrate/GLints/dict_16_192_64_0p5_0p02_0003_0012" 4611
"../../../Engine/Content/EngineMaterials/Substrate/GLints/dict_16_192_64_0p5_0p02_0004_0004.uasset" 4612
"../../../Engine/Content/EngineMaterials/Substrate/GLints/dict_16_192_64_0p5_0p02_0004_0002.uasset" 4613
"/Engine/EngineMaterials/Substrate/GLints/dict_16_192_64_0p5_0p02_0003_0010" 4614
"/Engine/EngineMaterials/Substrate/GLints/dict_16_192_64_0p5_0p02_0003_0009" 4615
"../../../Engine/Content/EngineMaterials/Substrate/GLints/dict_16_192_64_0p5_0p02_0002_0009.uasset" 4616
"/Engine/EngineMaterials/Substrate/GLints/dict_16_192_64_0p5_0p02_0003_0008" 4617
"../../../Engine/Content/EngineMaterials/Substrate/GLints/dict_16_192_64_0p5_0p02_0004_0001.uasset" 4618
"../../../Engine/Content/EngineMaterials/Substrate/GLints/dict_16_192_64_0p5_0p02_0004_0000.uasset" 4619
"/Engine/EngineMaterials/Substrate/GLints/dict_16_192_64_0p5_0p02_0003_0007" 4620
"/Engine/EngineMaterials/Substrate/GLints/dict_16_192_64_0p5_0p02_0003_0006" 4621
"../../../Engine/Content/EngineMaterials/Substrate/GLints/dict_16_192_64_0p5_0p02_0004_0003.uasset" 4622
"../../../Engine/Content/EngineMaterials/Substrate/GLints/dict_16_192_64_0p5_0p02_0004_0006.uasset" 4623
"../../../Engine/Content/EngineMaterials/Substrate/GLints/dict_16_192_64_0p5_0p02_0004_0005.uasset" 4624
"/Engine/EngineMaterials/Substrate/GLints/dict_16_192_64_0p5_0p02_0002_0013" 4625
"/Engine/EngineMaterials/Substrate/GLints/dict_16_192_64_0p5_0p02_0003_0015" 4626
"/Engine/EngineMaterials/Substrate/GLints/dict_16_192_64_0p5_0p02_0003_0014" 4627
"/Engine/EngineMaterials/Substrate/GLints/dict_16_192_64_0p5_0p02_0004_0006" 4628
"/Engine/EngineMaterials/Substrate/GLints/dict_16_192_64_0p5_0p02_0004_0005" 4629
"/Engine/EngineMaterials/Substrate/GLints/dict_16_192_64_0p5_0p02_0004_0004" 4630
"../../../Engine/Content/EngineMaterials/Substrate/GLints/dict_16_192_64_0p5_0p02_0003_0011.uasset" 4631
"/Engine/EngineMaterials/Substrate/GLints/dict_16_192_64_0p5_0p02_0004_0003" 4632
"/Engine/EngineMaterials/Substrate/GLints/dict_16_192_64_0p5_0p02_0004_0002" 4633
"/Engine/EngineMaterials/Substrate/GLints/dict_16_192_64_0p5_0p02_0004_0001" 4634
"/Engine/EngineMaterials/Substrate/GLints/dict_16_192_64_0p5_0p02_0004_0000" 4635
"/Engine/EngineMaterials/Substrate/GLints/dict_16_192_64_0p5_0p02_0002_0009" 4636
"../../../Engine/Content/EngineMaterials/Substrate/GLints/dict_16_192_64_0p5_0p02_0004_0009.uasset" 4637
"../../../Engine/Content/EngineMaterials/Substrate/GLints/dict_16_192_64_0p5_0p02_0004_0011.uasset" 4638
"/Engine/EngineMaterials/Substrate/GLints/dict_16_192_64_0p5_0p02_0003_0011" 4639
"/Engine/EngineMaterials/Substrate/GLints/dict_16_192_64_0p5_0p02_0004_0011" 4640
"../../../Engine/Content/EngineMaterials/Substrate/GLints/dict_16_192_64_0p5_0p02_0004_0007.uasset" 4641
"/Engine/EngineMaterials/Substrate/GLints/dict_16_192_64_0p5_0p02_0004_0009" 4642
"/Engine/EngineMaterials/Substrate/GLints/dict_16_192_64_0p5_0p02_0004_0007" 4643
"../../../Engine/Content/EngineMaterials/Substrate/GLints/dict_16_192_64_0p5_0p02_0004_0012.uasset" 4644
"../../../Engine/Content/EngineMaterials/Substrate/GLints/dict_16_192_64_0p5_0p02_0004_0010.uasset" 4645
"/Engine/EngineMaterials/Substrate/GLints/dict_16_192_64_0p5_0p02_0004_0012" 4646
"/Engine/EngineMaterials/Substrate/GLints/dict_16_192_64_0p5_0p02_0004_0010" 4647
"../../../Engine/Content/EngineMaterials/Substrate/GLints/dict_16_192_64_0p5_0p02_0005_0000.uasset" 4648
"../../../Engine/Content/EngineMaterials/Substrate/GLints/dict_16_192_64_0p5_0p02_0004_0013.uasset" 4649
"../../../Engine/Content/EngineMaterials/Substrate/GLints/dict_16_192_64_0p5_0p02_0004_0015.uasset" 4650
"../../../Engine/Content/EngineMaterials/Substrate/GLints/dict_16_192_64_0p5_0p02_0005_0002.uasset" 4651
"../../../Engine/Content/EngineMaterials/Substrate/GLints/dict_16_192_64_0p5_0p02_0004_0008.uasset" 4652
"../../../Engine/Content/EngineMaterials/Substrate/GLints/dict_16_192_64_0p5_0p02_0005_0005.uasset" 4653
"../../../Engine/Content/EngineMaterials/Substrate/GLints/dict_16_192_64_0p5_0p02_0005_0004.uasset" 4654
"../../../Engine/Content/EngineMaterials/Substrate/GLints/dict_16_192_64_0p5_0p02_0004_0014.uasset" 4655
"../../../Engine/Content/EngineMaterials/Substrate/GLints/dict_16_192_64_0p5_0p02_0005_0001.uasset" 4656
"../../../Engine/Content/EngineMaterials/Substrate/GLints/dict_16_192_64_0p5_0p02_0005_0009.uasset" 4657
"../../../Engine/Content/EngineMaterials/Substrate/GLints/dict_16_192_64_0p5_0p02_0005_0007.uasset" 4658
"../../../Engine/Content/EngineMaterials/Substrate/GLints/dict_16_192_64_0p5_0p02_0005_0015.uasset" 4659
"../../../Engine/Content/EngineMaterials/Substrate/GLints/dict_16_192_64_0p5_0p02_0005_0012.uasset" 4660
"../../../Engine/Content/EngineMaterials/Substrate/GLints/dict_16_192_64_0p5_0p02_0005_0008.uasset" 4661
"../../../Engine/Content/EngineMaterials/Substrate/GLints/dict_16_192_64_0p5_0p02_0005_0006.uasset" 4662
"../../../Engine/Content/EngineMaterials/Substrate/GLints/dict_16_192_64_0p5_0p02_0005_0010.uasset" 4663
"../../../Engine/Content/EngineMaterials/Substrate/GLints/dict_16_192_64_0p5_0p02_0005_0013.uasset" 4664
"../../../Engine/Content/EngineMaterials/Substrate/GLints/dict_16_192_64_0p5_0p02_0005_0011.uasset" 4665
"../../../Engine/Content/EngineMaterials/Substrate/GLints/dict_16_192_64_0p5_0p02_0006_0001.uasset" 4666
"../../../Engine/Content/EngineMaterials/Substrate/GLints/dict_16_192_64_0p5_0p02_0005_0014.uasset" 4667
"../../../Engine/Content/EngineMaterials/Substrate/GLints/dict_16_192_64_0p5_0p02_0006_0000.uasset" 4668
"../../../Engine/Content/EngineMaterials/Substrate/GLints/dict_16_192_64_0p5_0p02_0006_0002.uasset" 4669
"../../../Engine/Content/EngineMaterials/Substrate/GLints/dict_16_192_64_0p5_0p02_0006_0003.uasset" 4670
"../../../Engine/Content/EngineMaterials/Substrate/GLints/dict_16_192_64_0p5_0p02_0006_0007.uasset" 4671
"../../../Engine/Content/EngineMaterials/Substrate/GLints/dict_16_192_64_0p5_0p02_0006_0005.uasset" 4672
"../../../Engine/Content/EngineMaterials/Substrate/GLints/dict_16_192_64_0p5_0p02_0006_0009.uasset" 4673
"../../../Engine/Content/EngineMaterials/Substrate/GLints/dict_16_192_64_0p5_0p02_0006_0006.uasset" 4674
"../../../Engine/Content/EngineMaterials/Substrate/GLints/dict_16_192_64_0p5_0p02_0006_0004.uasset" 4675
"../../../Engine/Content/EngineMaterials/Substrate/GLints/dict_16_192_64_0p5_0p02_0006_0011.uasset" 4676
"../../../Engine/Content/EngineMaterials/Substrate/GLints/dict_16_192_64_0p5_0p02_0006_0010.uasset" 4677
"../../../Engine/Content/EngineMaterials/Substrate/GLints/dict_16_192_64_0p5_0p02_0006_0008.uasset" 4678
"../../../Engine/Content/EngineMaterials/Substrate/GLints/dict_16_192_64_0p5_0p02_0005_0003.uasset" 4679
"/Engine/EngineMaterials/Substrate/GLints/dict_16_192_64_0p5_0p02_0005_0013" 4680
"/Engine/EngineMaterials/Substrate/GLints/dict_16_192_64_0p5_0p02_0005_0012" 4681
"/Engine/EngineMaterials/Substrate/GLints/dict_16_192_64_0p5_0p02_0006_0008" 4682
"/Engine/EngineMaterials/Substrate/GLints/dict_16_192_64_0p5_0p02_0005_0011" 4683
"/Engine/EngineMaterials/Substrate/GLints/dict_16_192_64_0p5_0p02_0005_0010" 4684
"/Engine/EngineMaterials/Substrate/GLints/dict_16_192_64_0p5_0p02_0005_0009" 4685
"/Engine/EngineMaterials/Substrate/GLints/dict_16_192_64_0p5_0p02_0005_0008" 4686
"/Engine/EngineMaterials/Substrate/GLints/dict_16_192_64_0p5_0p02_0005_0007" 4687
"/Engine/EngineMaterials/Substrate/GLints/dict_16_192_64_0p5_0p02_0005_0003" 4688
"/Engine/EngineMaterials/Substrate/GLints/dict_16_192_64_0p5_0p02_0005_0002" 4689
"/Engine/EngineMaterials/Substrate/GLints/dict_16_192_64_0p5_0p02_0005_0001" 4690
"/Engine/EngineMaterials/Substrate/GLints/dict_16_192_64_0p5_0p02_0005_0000" 4691
"/Engine/EngineMaterials/Substrate/GLints/dict_16_192_64_0p5_0p02_0004_0008" 4692
"/Engine/EngineMaterials/Substrate/GLints/dict_16_192_64_0p5_0p02_0006_0009" 4693
"/Engine/EngineMaterials/Substrate/GLints/dict_16_192_64_0p5_0p02_0006_0005" 4694
"/Engine/EngineMaterials/Substrate/GLints/dict_16_192_64_0p5_0p02_0006_0004" 4695
"/Engine/EngineMaterials/Substrate/GLints/dict_16_192_64_0p5_0p02_0004_0015" 4696
"/Engine/EngineMaterials/Substrate/GLints/dict_16_192_64_0p5_0p02_0006_0003" 4697
"/Engine/EngineMaterials/Substrate/GLints/dict_16_192_64_0p5_0p02_0004_0014" 4698
"/Engine/EngineMaterials/Substrate/GLints/dict_16_192_64_0p5_0p02_0006_0002" 4699
"/Engine/EngineMaterials/Substrate/GLints/dict_16_192_64_0p5_0p02_0004_0013" 4700
"/Engine/EngineMaterials/Substrate/GLints/dict_16_192_64_0p5_0p02_0006_0001" 4701
"/Engine/EngineMaterials/Substrate/GLints/dict_16_192_64_0p5_0p02_0006_0000" 4702
"/Engine/EngineMaterials/Substrate/GLints/dict_16_192_64_0p5_0p02_0005_0015" 4703
"/Engine/EngineMaterials/Substrate/GLints/dict_16_192_64_0p5_0p02_0006_0011" 4704
"/Engine/EngineMaterials/Substrate/GLints/dict_16_192_64_0p5_0p02_0005_0006" 4705
"/Engine/EngineMaterials/Substrate/GLints/dict_16_192_64_0p5_0p02_0006_0007" 4706
"/Engine/EngineMaterials/Substrate/GLints/dict_16_192_64_0p5_0p02_0006_0010" 4707
"/Engine/EngineMaterials/Substrate/GLints/dict_16_192_64_0p5_0p02_0006_0006" 4708
"/Engine/EngineMaterials/Substrate/GLints/dict_16_192_64_0p5_0p02_0005_0014" 4709
"/Engine/EngineMaterials/Substrate/GLints/dict_16_192_64_0p5_0p02_0005_0005" 4710
"/Engine/EngineMaterials/Substrate/GLints/dict_16_192_64_0p5_0p02_0005_0004" 4711
"../../../Engine/Content/EngineMaterials/Substrate/GLints/dict_16_192_64_0p5_0p02_0007_0004.uasset" 4712
"../../../Engine/Content/EngineMaterials/Substrate/GLints/dict_16_192_64_0p5_0p02_0006_0014.uasset" 4713
"../../../Engine/Content/EngineMaterials/Substrate/GLints/dict_16_192_64_0p5_0p02_0007_0000.uasset" 4714
"../../../Engine/Content/EngineMaterials/Substrate/GLints/dict_16_192_64_0p5_0p02_0007_0003.uasset" 4715
"../../../Engine/Content/EngineMaterials/Substrate/GLints/dict_16_192_64_0p5_0p02_0007_0001.uasset" 4716
"../../../Engine/Content/EngineMaterials/Substrate/GLints/dict_16_192_64_0p5_0p02_0007_0005.uasset" 4717
"../../../Engine/Content/EngineMaterials/Substrate/GLints/dict_16_192_64_0p5_0p02_0007_0006.uasset" 4718
"../../../Engine/Content/EngineMaterials/Substrate/GLints/dict_16_192_64_0p5_0p02_0007_0002.uasset" 4719
"../../../Engine/Content/EngineMaterials/Substrate/GLints/dict_16_192_64_0p5_0p02_0008_0000.uasset" 4720
"../../../Engine/Content/EngineMaterials/Substrate/GLints/dict_16_192_64_0p5_0p02_0007_0015.uasset" 4721
"../../../Engine/Content/EngineMaterials/Substrate/GLints/dict_16_192_64_0p5_0p02_0007_0010.uasset" 4722
"../../../Engine/Content/EngineMaterials/Substrate/GLints/dict_16_192_64_0p5_0p02_0006_0012.uasset" 4723
"../../../Engine/Content/EngineMaterials/Substrate/GLints/dict_16_192_64_0p5_0p02_0007_0012.uasset" 4724
"../../../Engine/Content/EngineMaterials/Substrate/GLints/dict_16_192_64_0p5_0p02_0007_0014.uasset" 4725
"../../../Engine/Content/EngineMaterials/Substrate/GLints/dict_16_192_64_0p5_0p02_0007_0013.uasset" 4726
"../../../Engine/Content/EngineMaterials/Substrate/GLints/dict_16_192_64_0p5_0p02_0006_0015.uasset" 4727
"../../../Engine/Content/EngineMaterials/Substrate/GLints/dict_16_192_64_0p5_0p02_0007_0007.uasset" 4728
"../../../Engine/Content/EngineMaterials/Substrate/GLints/dict_16_192_64_0p5_0p02_0007_0011.uasset" 4729
"../../../Engine/Content/EngineMaterials/Substrate/GLints/dict_16_192_64_0p5_0p02_0008_0003.uasset" 4730
"../../../Engine/Content/EngineMaterials/Substrate/GLints/dict_16_192_64_0p5_0p02_0008_0002.uasset" 4731
"../../../Engine/Content/EngineMaterials/Substrate/GLints/dict_16_192_64_0p5_0p02_0008_0007.uasset" 4732
"../../../Engine/Content/EngineMaterials/Substrate/GLints/dict_16_192_64_0p5_0p02_0008_0004.uasset" 4733
"../../../Engine/Content/EngineMaterials/Substrate/GLints/dict_16_192_64_0p5_0p02_0006_0013.uasset" 4734
"../../../Engine/Content/EngineMaterials/Substrate/GLints/dict_16_192_64_0p5_0p02_0008_0006.uasset" 4735
"../../../Engine/Content/EngineMaterials/Substrate/GLints/dict_16_192_64_0p5_0p02_0008_0005.uasset" 4736
"../../../Engine/Content/EngineMaterials/Substrate/GLints/dict_16_192_64_0p5_0p02_0007_0008.uasset" 4737
"../../../Engine/Content/EngineMaterials/Substrate/GLints/dict_16_192_64_0p5_0p02_0007_0009.uasset" 4738
"../../../Engine/Content/EngineMaterials/Substrate/GLints/dict_16_192_64_0p5_0p02_0008_0001.uasset" 4739
"../../../Engine/Content/EngineMaterials/Substrate/GLints/dict_16_192_64_0p5_0p02_0008_0009.uasset" 4740
"../../../Engine/Content/EngineMaterials/Substrate/GLints/dict_16_192_64_0p5_0p02_0008_0008.uasset" 4741
"../../../Engine/Content/EngineMaterials/Substrate/GLints/dict_16_192_64_0p5_0p02_0008_0010.uasset" 4742
"../../../Engine/Content/EngineMaterials/Substrate/GLints/dict_16_192_64_0p5_0p02_0008_0011.uasset" 4743
"C:/Users/Will/AppData/Local/Temp/UnrealShaderWorkingDir/680E62474AA836ADF89BD38ECEC5B1C0/2/WorkerOutputOnly.out" 4744
"../../../Engine/Plugins/Animation/DeformerGraph/Shaders/Private/DataInterfaceCustomComputeKernel.ush" 4745
"../../../Engine/Plugins/Animation/DeformerGraph/Shaders/Private/DataInterfaceCloth.ush" 4746
"C:/Users/Will/AppData/Local/Temp/UnrealShaderWorkingDir/680E62474AA836ADF89BD38ECEC5B1C0/3/WorkerOutputOnly.out" 4747
"../../../Engine/Plugins/Animation/DeformerGraph/Shaders/Private/DataInterfaceSkinnedMeshRead.ush" 4748
"../../../Engine/Plugins/Animation/DeformerGraph/Shaders/Private/DataInterfaceSkeleton.ush" 4749
"../../../Engine/Plugins/Animation/DeformerGraph/Shaders/Private/DataInterfaceSkeletonCommon.ush" 4750
"../../../Engine/Plugins/Animation/DeformerGraph/Shaders/Private/DataInterfaceMorphTarget.ush" 4751
"../../../Engine/Plugins/Animation/DeformerGraph/Shaders/Private/DataInterfaceSkinnedMeshWrite.ush" 4752
"../../../Engine/Plugins/Animation/DeformerGraph/Shaders/Private/DataInterfaceRawBuffer.ush" 4753
"../../../Engine/Plugins/Runtime/ComputeFramework/Shaders/Private/BufferAlias.ush" 4754
"../../../Engine/Plugins/Animation/DeformerGraph/Shaders/Private/DataInterfaceSkinnedMesh.ush" 4755
"../../../Engine/Plugins/Animation/DeformerGraph/Shaders/Private/DataInterfaceHalfEdge.ush" 4756
"/Engine/EngineMaterials/Substrate/GLints/dict_16_192_64_0p5_0p02_0008_0011" 4757
"/Engine/EngineMaterials/Substrate/GLints/dict_16_192_64_0p5_0p02_0008_0010" 4758
"/Engine/EngineMaterials/Substrate/GLints/dict_16_192_64_0p5_0p02_0008_0009" 4759
"/Engine/EngineMaterials/Substrate/GLints/dict_16_192_64_0p5_0p02_0008_0008" 4760
"/Engine/EngineMaterials/Substrate/GLints/dict_16_192_64_0p5_0p02_0008_0007" 4761
"/Engine/EngineMaterials/Substrate/GLints/dict_16_192_64_0p5_0p02_0008_0006" 4762
"/Engine/EngineMaterials/Substrate/GLints/dict_16_192_64_0p5_0p02_0008_0005" 4763
"/Engine/EngineMaterials/Substrate/GLints/dict_16_192_64_0p5_0p02_0008_0004" 4764
"/Engine/EngineMaterials/Substrate/GLints/dict_16_192_64_0p5_0p02_0008_0003" 4765
"/Engine/EngineMaterials/Substrate/GLints/dict_16_192_64_0p5_0p02_0008_0002" 4766
"/Engine/EngineMaterials/Substrate/GLints/dict_16_192_64_0p5_0p02_0008_0001" 4767
"/Engine/EngineMaterials/Substrate/GLints/dict_16_192_64_0p5_0p02_0008_0000" 4768
"/Engine/EngineMaterials/Substrate/GLints/dict_16_192_64_0p5_0p02_0007_0015" 4769
"/Engine/EngineMaterials/Substrate/GLints/dict_16_192_64_0p5_0p02_0007_0014" 4770
"/Engine/EngineMaterials/Substrate/GLints/dict_16_192_64_0p5_0p02_0007_0013" 4771
"/Engine/EngineMaterials/Substrate/GLints/dict_16_192_64_0p5_0p02_0007_0012" 4772
"/Engine/EngineMaterials/Substrate/GLints/dict_16_192_64_0p5_0p02_0007_0011" 4773
"/Engine/EngineMaterials/Substrate/GLints/dict_16_192_64_0p5_0p02_0007_0010" 4774
"/Engine/EngineMaterials/Substrate/GLints/dict_16_192_64_0p5_0p02_0007_0009" 4775
"/Engine/EngineMaterials/Substrate/GLints/dict_16_192_64_0p5_0p02_0007_0008" 4776
"/Engine/EngineMaterials/Substrate/GLints/dict_16_192_64_0p5_0p02_0007_0007" 4777
"/Engine/EngineMaterials/Substrate/GLints/dict_16_192_64_0p5_0p02_0007_0006" 4778
"/Engine/EngineMaterials/Substrate/GLints/dict_16_192_64_0p5_0p02_0007_0005" 4779
"/Engine/EngineMaterials/Substrate/GLints/dict_16_192_64_0p5_0p02_0007_0004" 4780
"/Engine/EngineMaterials/Substrate/GLints/dict_16_192_64_0p5_0p02_0007_0003" 4781
"/Engine/EngineMaterials/Substrate/GLints/dict_16_192_64_0p5_0p02_0007_0002" 4782
"/Engine/EngineMaterials/Substrate/GLints/dict_16_192_64_0p5_0p02_0007_0001" 4783
"/Engine/EngineMaterials/Substrate/GLints/dict_16_192_64_0p5_0p02_0007_0000" 4784
"/Engine/EngineMaterials/Substrate/GLints/dict_16_192_64_0p5_0p02_0006_0015" 4785
"/Engine/EngineMaterials/Substrate/GLints/dict_16_192_64_0p5_0p02_0006_0014" 4786
"/Engine/EngineMaterials/Substrate/GLints/dict_16_192_64_0p5_0p02_0006_0013" 4787
"/Engine/EngineMaterials/Substrate/GLints/dict_16_192_64_0p5_0p02_0006_0012" 4788
"../../../Engine/Content/EngineMaterials/Substrate/GLints/dict_16_192_64_0p5_0p02_0008_0012.uasset" 4789
"../../../Engine/Content/EngineMaterials/Substrate/GLints/dict_16_192_64_0p5_0p02_0009_0003.uasset" 4790
"../../../Engine/Content/EngineMaterials/Substrate/GLints/dict_16_192_64_0p5_0p02_0008_0014.uasset" 4791
"../../../Engine/Content/EngineMaterials/Substrate/GLints/dict_16_192_64_0p5_0p02_0009_0007.uasset" 4792
"../../../Engine/Content/EngineMaterials/Substrate/GLints/dict_16_192_64_0p5_0p02_0009_0006.uasset" 4793
"../../../Engine/Content/EngineMaterials/Substrate/GLints/dict_16_192_64_0p5_0p02_0009_0001.uasset" 4794
"../../../Engine/Content/EngineMaterials/Substrate/GLints/dict_16_192_64_0p5_0p02_0009_0002.uasset" 4795
"../../../Engine/Content/EngineMaterials/Substrate/GLints/dict_16_192_64_0p5_0p02_0009_0000.uasset" 4796
"../../../Engine/Content/EngineMaterials/Substrate/GLints/dict_16_192_64_0p5_0p02_0009_0005.uasset" 4797
"../../../Engine/Content/EngineMaterials/Substrate/GLints/dict_16_192_64_0p5_0p02_0008_0013.uasset" 4798
"../../../Engine/Content/EngineMaterials/Substrate/GLints/dict_16_192_64_0p5_0p02_0009_0008.uasset" 4799
"../../../Engine/Content/EngineMaterials/Substrate/GLints/dict_16_192_64_0p5_0p02_0009_0004.uasset" 4800
"../../../Engine/Content/EngineMaterials/Substrate/GLints/dict_16_192_64_0p5_0p02_0009_0013.uasset" 4801
"../../../Engine/Content/EngineMaterials/Substrate/GLints/dict_16_192_64_0p5_0p02_0009_0009.uasset" 4802
"../../../Engine/Content/EngineMaterials/Substrate/GLints/dict_16_192_64_0p5_0p02_0010_0001.uasset" 4803
"../../../Engine/Content/EngineMaterials/Substrate/GLints/dict_16_192_64_0p5_0p02_0009_0010.uasset" 4804
"../../../Engine/Content/EngineMaterials/Substrate/GLints/dict_16_192_64_0p5_0p02_0010_0000.uasset" 4805
"../../../Engine/Content/EngineMaterials/Substrate/GLints/dict_16_192_64_0p5_0p02_0009_0014.uasset" 4806
"../../../Engine/Content/EngineMaterials/Substrate/GLints/dict_16_192_64_0p5_0p02_0009_0012.uasset" 4807
"../../../Engine/Content/EngineMaterials/Substrate/GLints/dict_16_192_64_0p5_0p02_0010_0003.uasset" 4808
"../../../Engine/Content/EngineMaterials/Substrate/GLints/dict_16_192_64_0p5_0p02_0009_0011.uasset" 4809
"../../../Engine/Content/EngineMaterials/Substrate/GLints/dict_16_192_64_0p5_0p02_0009_0015.uasset" 4810
"../../../Engine/Content/EngineMaterials/Substrate/GLints/dict_16_192_64_0p5_0p02_0010_0002.uasset" 4811
"../../../Engine/Content/EngineMaterials/Substrate/GLints/dict_16_192_64_0p5_0p02_0008_0015.uasset" 4812
"../../../Engine/Content/EngineMaterials/Substrate/GLints/dict_16_192_64_0p5_0p02_0010_0004.uasset" 4813
"../../../Engine/Content/EngineMaterials/Substrate/GLints/dict_16_192_64_0p5_0p02_0010_0005.uasset" 4814
"../../../Engine/Content/EngineMaterials/Substrate/GLints/dict_16_192_64_0p5_0p02_0010_0011.uasset" 4815
"../../../Engine/Content/EngineMaterials/Substrate/GLints/dict_16_192_64_0p5_0p02_0010_0008.uasset" 4816
"../../../Engine/Content/EngineMaterials/Substrate/GLints/dict_16_192_64_0p5_0p02_0010_0007.uasset" 4817
"../../../Engine/Content/EngineMaterials/Substrate/GLints/dict_16_192_64_0p5_0p02_0010_0010.uasset" 4818
"../../../Engine/Content/EngineMaterials/Substrate/GLints/dict_16_192_64_0p5_0p02_0010_0006.uasset" 4819
"../../../Engine/Content/EngineMaterials/Substrate/GLints/dict_16_192_64_0p5_0p02_0010_0009.uasset" 4820
"/Engine/EngineMaterials/Substrate/GLints/dict_16_192_64_0p5_0p02_0010_0011" 4821
"/Engine/EngineMaterials/Substrate/GLints/dict_16_192_64_0p5_0p02_0010_0010" 4822
"/Engine/EngineMaterials/Substrate/GLints/dict_16_192_64_0p5_0p02_0010_0009" 4823
"/Engine/EngineMaterials/Substrate/GLints/dict_16_192_64_0p5_0p02_0010_0008" 4824
"/Engine/EngineMaterials/Substrate/GLints/dict_16_192_64_0p5_0p02_0010_0007" 4825
"/Engine/EngineMaterials/Substrate/GLints/dict_16_192_64_0p5_0p02_0010_0006" 4826
"/Engine/EngineMaterials/Substrate/GLints/dict_16_192_64_0p5_0p02_0010_0005" 4827
"/Engine/EngineMaterials/Substrate/GLints/dict_16_192_64_0p5_0p02_0010_0004" 4828
"/Engine/EngineMaterials/Substrate/GLints/dict_16_192_64_0p5_0p02_0010_0003" 4829
"/Engine/EngineMaterials/Substrate/GLints/dict_16_192_64_0p5_0p02_0010_0002" 4830
"/Engine/EngineMaterials/Substrate/GLints/dict_16_192_64_0p5_0p02_0010_0001" 4831
"/Engine/EngineMaterials/Substrate/GLints/dict_16_192_64_0p5_0p02_0010_0000" 4832
"/Engine/EngineMaterials/Substrate/GLints/dict_16_192_64_0p5_0p02_0009_0015" 4833
"/Engine/EngineMaterials/Substrate/GLints/dict_16_192_64_0p5_0p02_0009_0014" 4834
"/Engine/EngineMaterials/Substrate/GLints/dict_16_192_64_0p5_0p02_0009_0013" 4835
"/Engine/EngineMaterials/Substrate/GLints/dict_16_192_64_0p5_0p02_0009_0012" 4836
"/Engine/EngineMaterials/Substrate/GLints/dict_16_192_64_0p5_0p02_0009_0011" 4837
"/Engine/EngineMaterials/Substrate/GLints/dict_16_192_64_0p5_0p02_0009_0010" 4838
"/Engine/EngineMaterials/Substrate/GLints/dict_16_192_64_0p5_0p02_0009_0009" 4839
"/Engine/EngineMaterials/Substrate/GLints/dict_16_192_64_0p5_0p02_0009_0008" 4840
"/Engine/EngineMaterials/Substrate/GLints/dict_16_192_64_0p5_0p02_0009_0007" 4841
"/Engine/EngineMaterials/Substrate/GLints/dict_16_192_64_0p5_0p02_0009_0006" 4842
"/Engine/EngineMaterials/Substrate/GLints/dict_16_192_64_0p5_0p02_0009_0005" 4843
"/Engine/EngineMaterials/Substrate/GLints/dict_16_192_64_0p5_0p02_0009_0004" 4844
"/Engine/EngineMaterials/Substrate/GLints/dict_16_192_64_0p5_0p02_0009_0003" 4845
"/Engine/EngineMaterials/Substrate/GLints/dict_16_192_64_0p5_0p02_0009_0002" 4846
"/Engine/EngineMaterials/Substrate/GLints/dict_16_192_64_0p5_0p02_0009_0001" 4847
"/Engine/EngineMaterials/Substrate/GLints/dict_16_192_64_0p5_0p02_0009_0000" 4848
"/Engine/EngineMaterials/Substrate/GLints/dict_16_192_64_0p5_0p02_0008_0015" 4849
"/Engine/EngineMaterials/Substrate/GLints/dict_16_192_64_0p5_0p02_0008_0014" 4850
"/Engine/EngineMaterials/Substrate/GLints/dict_16_192_64_0p5_0p02_0008_0013" 4851
"/Engine/EngineMaterials/Substrate/GLints/dict_16_192_64_0p5_0p02_0008_0012" 4852
"C:/Users/Will/Desktop/Work/CHICO/EldritchBotanist/The_Eldritch_Botanist/EldritchBotanistGame/Content/_Images/LvlThumbs/Snowplains_thumb.uasset" 4853
"C:/Users/Will/Desktop/Work/CHICO/EldritchBotanist/The_Eldritch_Botanist/EldritchBotanistGame/Content/_Images/LvlThumbs/YonderGarden_thumb.uasset" 4854
"C:/Users/Will/Desktop/Work/CHICO/EldritchBotanist/The_Eldritch_Botanist/EldritchBotanistGame/Content/_Images/LvlThumbs/Swamp_thumb.uasset" 4855
"/Game/_Images/LvlThumbs/Snowplains_thumb" 4856
"/Game/_Images/LvlThumbs/Backyard_thumb" 4857
"/Game/_Images/LvlThumbs/AForestedPath_thumb" 4858
"/Game/_Images/LvlThumbs/YonderGarden_thumb" 4859
"/Game/_Images/LvlThumbs/Swamp_thumb" 4860
"../../../Engine/Content/EngineMaterials/Substrate/GLints/dict_16_192_64_0p5_0p02_0010_0014.uasset" 4861
"../../../Engine/Content/EngineMaterials/Substrate/GLints/dict_16_192_64_0p5_0p02_0011_0000.uasset" 4862
"../../../Engine/Content/EngineMaterials/Substrate/GLints/dict_16_192_64_0p5_0p02_0011_0002.uasset" 4863
"../../../Engine/Content/EngineMaterials/Substrate/GLints/dict_16_192_64_0p5_0p02_0010_0013.uasset" 4864
"../../../Engine/Content/EngineMaterials/Substrate/GLints/dict_16_192_64_0p5_0p02_0011_0001.uasset" 4865
"../../../Engine/Content/EngineMaterials/Substrate/GLints/dict_16_192_64_0p5_0p02_0010_0015.uasset" 4866
"../../../Engine/Content/EngineMaterials/Substrate/GLints/dict_16_192_64_0p5_0p02_0010_0012.uasset" 4867
"../../../Engine/Content/EngineMaterials/Substrate/GLints/dict_16_192_64_0p5_0p02_0011_0004.uasset" 4868
"../../../Engine/Content/EngineMaterials/Substrate/GLints/dict_16_192_64_0p5_0p02_0011_0003.uasset" 4869
"../../../Engine/Content/EngineMaterials/Substrate/GLints/dict_16_192_64_0p5_0p02_0011_0008.uasset" 4870
"../../../Engine/Content/EngineMaterials/Substrate/GLints/dict_16_192_64_0p5_0p02_0011_0007.uasset" 4871
"../../../Engine/Content/EngineMaterials/Substrate/GLints/dict_16_192_64_0p5_0p02_0011_0005.uasset" 4872
"../../../Engine/Content/EngineMaterials/Substrate/GLints/dict_16_192_64_0p5_0p02_0011_0006.uasset" 4873
"../../../Engine/Content/EngineMaterials/Substrate/GLints/dict_16_192_64_0p5_0p02_0011_0009.uasset" 4874
"../../../Engine/Content/EngineMaterials/Substrate/GLints/dict_16_192_64_0p5_0p02_0011_0010.uasset" 4875
"../../../Engine/Content/EngineMaterials/Substrate/GLints/dict_16_192_64_0p5_0p02_0011_0011.uasset" 4876
"../../../Engine/Content/EngineMaterials/Substrate/GLints/dict_16_192_64_0p5_0p02_0011_0012.uasset" 4877
"../../../Engine/Content/EngineMaterials/Substrate/GLints/dict_16_192_64_0p5_0p02_0011_0013.uasset" 4878
"../../../Engine/Content/EngineMaterials/Substrate/GLints/dict_16_192_64_0p5_0p02_0012_0003.uasset" 4879
"../../../Engine/Content/EngineMaterials/Substrate/GLints/dict_16_192_64_0p5_0p02_0012_0002.uasset" 4880
"../../../Engine/Content/EngineMaterials/Substrate/GLints/dict_16_192_64_0p5_0p02_0011_0014.uasset" 4881
"../../../Engine/Content/EngineMaterials/Substrate/GLints/dict_16_192_64_0p5_0p02_0012_0004.uasset" 4882
"../../../Engine/Content/EngineMaterials/Substrate/GLints/dict_16_192_64_0p5_0p02_0012_0001.uasset" 4883
"../../../Engine/Content/EngineMaterials/Substrate/GLints/dict_16_192_64_0p5_0p02_0011_0015.uasset" 4884
"../../../Engine/Content/EngineMaterials/Substrate/GLints/dict_16_192_64_0p5_0p02_0012_0000.uasset" 4885
"../../../Engine/Content/EngineMaterials/Substrate/GLints/dict_16_192_64_0p5_0p02_0012_0005.uasset" 4886
"../../../Engine/Content/EngineMaterials/Substrate/GLints/dict_16_192_64_0p5_0p02_0012_0006.uasset" 4887
"../../../Engine/Content/EngineMaterials/Substrate/GLints/dict_16_192_64_0p5_0p02_0012_0010.uasset" 4888
"../../../Engine/Content/EngineMaterials/Substrate/GLints/dict_16_192_64_0p5_0p02_0012_0009.uasset" 4889
"../../../Engine/Content/EngineMaterials/Substrate/GLints/dict_16_192_64_0p5_0p02_0012_0008.uasset" 4890
"../../../Engine/Content/EngineMaterials/Substrate/GLints/dict_16_192_64_0p5_0p02_0012_0007.uasset" 4891
"../../../Engine/Content/EngineMaterials/Substrate/GLints/dict_16_192_64_0p5_0p02_0012_0011.uasset" 4892
"/Engine/EngineMaterials/Substrate/GLints/dict_16_192_64_0p5_0p02_0012_0003" 4893
"/Engine/EngineMaterials/Substrate/GLints/dict_16_192_64_0p5_0p02_0012_0002" 4894
"/Engine/EngineMaterials/Substrate/GLints/dict_16_192_64_0p5_0p02_0012_0001" 4895
"/Engine/EngineMaterials/Substrate/GLints/dict_16_192_64_0p5_0p02_0012_0000" 4896
"/Engine/EngineMaterials/Substrate/GLints/dict_16_192_64_0p5_0p02_0011_0015" 4897
"/Engine/EngineMaterials/Substrate/GLints/dict_16_192_64_0p5_0p02_0011_0014" 4898
"/Engine/EngineMaterials/Substrate/GLints/dict_16_192_64_0p5_0p02_0011_0013" 4899
"/Engine/EngineMaterials/Substrate/GLints/dict_16_192_64_0p5_0p02_0011_0012" 4900
"/Engine/EngineMaterials/Substrate/GLints/dict_16_192_64_0p5_0p02_0011_0011" 4901
"/Engine/EngineMaterials/Substrate/GLints/dict_16_192_64_0p5_0p02_0011_0010" 4902
"/Engine/EngineMaterials/Substrate/GLints/dict_16_192_64_0p5_0p02_0011_0009" 4903
"/Engine/EngineMaterials/Substrate/GLints/dict_16_192_64_0p5_0p02_0011_0008" 4904
"/Engine/EngineMaterials/Substrate/GLints/dict_16_192_64_0p5_0p02_0011_0007" 4905
"/Engine/EngineMaterials/Substrate/GLints/dict_16_192_64_0p5_0p02_0011_0006" 4906
"/Engine/EngineMaterials/Substrate/GLints/dict_16_192_64_0p5_0p02_0011_0005" 4907
"/Engine/EngineMaterials/Substrate/GLints/dict_16_192_64_0p5_0p02_0011_0004" 4908
"/Engine/EngineMaterials/Substrate/GLints/dict_16_192_64_0p5_0p02_0011_0003" 4909
"/Engine/EngineMaterials/Substrate/GLints/dict_16_192_64_0p5_0p02_0011_0002" 4910
"/Engine/EngineMaterials/Substrate/GLints/dict_16_192_64_0p5_0p02_0011_0001" 4911
"/Engine/EngineMaterials/Substrate/GLints/dict_16_192_64_0p5_0p02_0011_0000" 4912
"/Engine/EngineMaterials/Substrate/GLints/dict_16_192_64_0p5_0p02_0010_0015" 4913
"/Engine/EngineMaterials/Substrate/GLints/dict_16_192_64_0p5_0p02_0010_0014" 4914
"/Engine/EngineMaterials/Substrate/GLints/dict_16_192_64_0p5_0p02_0010_0013" 4915
"/Engine/EngineMaterials/Substrate/GLints/dict_16_192_64_0p5_0p02_0010_0012" 4916
"/Engine/EngineMaterials/Substrate/GLints/dict_16_192_64_0p5_0p02_0012_0011" 4917
"/Engine/EngineMaterials/Substrate/GLints/dict_16_192_64_0p5_0p02_0012_0010" 4918
"/Engine/EngineMaterials/Substrate/GLints/dict_16_192_64_0p5_0p02_0012_0008" 4919
"/Engine/EngineMaterials/Substrate/GLints/dict_16_192_64_0p5_0p02_0012_0007" 4920
"/Engine/EngineMaterials/Substrate/GLints/dict_16_192_64_0p5_0p02_0012_0006" 4921
"/Engine/EngineMaterials/Substrate/GLints/dict_16_192_64_0p5_0p02_0012_0009" 4922
"/Engine/EngineMaterials/Substrate/GLints/dict_16_192_64_0p5_0p02_0012_0005" 4923
"/Engine/EngineMaterials/Substrate/GLints/dict_16_192_64_0p5_0p02_0012_0004" 4924
"/Game/_Images/UI_Images/Hand" 4925
"/Game/_Images/UI_Images/Box_Handle" 4926
"/Engine/EngineResources/AICON-Red" 4927
"/Game/_Images/UI_Images/GreenhousePlanter" 4928
"/Game/_Images/UI_Images/plantbox" 4929
"../../../Engine/Content/EngineMaterials/Substrate/GLints/dict_16_192_64_0p5_0p02_0012_0013.uasset" 4930
"../../../Engine/Content/EngineMaterials/Substrate/GLints/dict_16_192_64_0p5_0p02_0013_0007.uasset" 4931
"../../../Engine/Content/EngineMaterials/Substrate/GLints/dict_16_192_64_0p5_0p02_0013_0000.uasset" 4932
"../../../Engine/Content/EngineMaterials/Substrate/GLints/dict_16_192_64_0p5_0p02_0012_0014.uasset" 4933
"../../../Engine/Content/EngineMaterials/Substrate/GLints/dict_16_192_64_0p5_0p02_0012_0015.uasset" 4934
"../../../Engine/Content/EngineMaterials/Substrate/GLints/dict_16_192_64_0p5_0p02_0013_0004.uasset" 4935
"../../../Engine/Content/EngineMaterials/Substrate/GLints/dict_16_192_64_0p5_0p02_0013_0002.uasset" 4936
"../../../Engine/Content/EngineMaterials/Substrate/GLints/dict_16_192_64_0p5_0p02_0013_0006.uasset" 4937
"../../../Engine/Content/EngineMaterials/Substrate/GLints/dict_16_192_64_0p5_0p02_0013_0003.uasset" 4938
"../../../Engine/Content/EngineMaterials/Substrate/GLints/dict_16_192_64_0p5_0p02_0013_0001.uasset" 4939
"../../../Engine/Content/EngineMaterials/Substrate/GLints/dict_16_192_64_0p5_0p02_0013_0008.uasset" 4940
"../../../Engine/Content/EngineMaterials/Substrate/GLints/dict_16_192_64_0p5_0p02_0013_0005.uasset" 4941
"../../../Engine/Content/EngineMaterials/Substrate/GLints/dict_16_192_64_0p5_0p02_0013_0011.uasset" 4942
"../../../Engine/Content/EngineMaterials/Substrate/GLints/dict_16_192_64_0p5_0p02_0013_0009.uasset" 4943
"../../../Engine/Content/EngineMaterials/Substrate/GLints/dict_16_192_64_0p5_0p02_0013_0014.uasset" 4944
"../../../Engine/Content/EngineMaterials/Substrate/GLints/dict_16_192_64_0p5_0p02_0014_0000.uasset" 4945
"../../../Engine/Content/EngineMaterials/Substrate/GLints/dict_16_192_64_0p5_0p02_0013_0012.uasset" 4946
"../../../Engine/Content/EngineMaterials/Substrate/GLints/dict_16_192_64_0p5_0p02_0012_0012.uasset" 4947
"../../../Engine/Content/EngineMaterials/Substrate/GLints/dict_16_192_64_0p5_0p02_0013_0015.uasset" 4948
"../../../Engine/Content/EngineMaterials/Substrate/GLints/dict_16_192_64_0p5_0p02_0013_0013.uasset" 4949
"../../../Engine/Content/EngineMaterials/Substrate/GLints/dict_16_192_64_0p5_0p02_0014_0003.uasset" 4950
"../../../Engine/Content/EngineMaterials/Substrate/GLints/dict_16_192_64_0p5_0p02_0014_0001.uasset" 4951
"../../../Engine/Content/EngineMaterials/Substrate/GLints/dict_16_192_64_0p5_0p02_0013_0010.uasset" 4952
"../../../Engine/Content/EngineMaterials/Substrate/GLints/dict_16_192_64_0p5_0p02_0014_0005.uasset" 4953
"../../../Engine/Content/EngineMaterials/Substrate/GLints/dict_16_192_64_0p5_0p02_0014_0004.uasset" 4954
"../../../Engine/Content/EngineMaterials/Substrate/GLints/dict_16_192_64_0p5_0p02_0014_0006.uasset" 4955
"../../../Engine/Content/EngineMaterials/Substrate/GLints/dict_16_192_64_0p5_0p02_0014_0007.uasset" 4956
"../../../Engine/Content/EngineMaterials/Substrate/GLints/dict_16_192_64_0p5_0p02_0014_0009.uasset" 4957
"../../../Engine/Content/EngineMaterials/Substrate/GLints/dict_16_192_64_0p5_0p02_0014_0008.uasset" 4958
"../../../Engine/Content/EngineMaterials/Substrate/GLints/dict_16_192_64_0p5_0p02_0014_0002.uasset" 4959
"/Engine/EngineMaterials/Substrate/GLints/dict_16_192_64_0p5_0p02_0014_0006" 4960
"/Engine/EngineMaterials/Substrate/GLints/dict_16_192_64_0p5_0p02_0014_0005" 4961
"/Engine/EngineMaterials/Substrate/GLints/dict_16_192_64_0p5_0p02_0014_0004" 4962
"/Engine/EngineMaterials/Substrate/GLints/dict_16_192_64_0p5_0p02_0014_0003" 4963
"/Engine/EngineMaterials/Substrate/GLints/dict_16_192_64_0p5_0p02_0014_0002" 4964
"/Engine/EngineMaterials/Substrate/GLints/dict_16_192_64_0p5_0p02_0014_0001" 4965
"/Engine/EngineMaterials/Substrate/GLints/dict_16_192_64_0p5_0p02_0014_0000" 4966
"/Engine/EngineMaterials/Substrate/GLints/dict_16_192_64_0p5_0p02_0013_0015" 4967
"/Engine/EngineMaterials/Substrate/GLints/dict_16_192_64_0p5_0p02_0013_0014" 4968
"/Engine/EngineMaterials/Substrate/GLints/dict_16_192_64_0p5_0p02_0013_0013" 4969
"/Engine/EngineMaterials/Substrate/GLints/dict_16_192_64_0p5_0p02_0013_0012" 4970
"/Engine/EngineMaterials/Substrate/GLints/dict_16_192_64_0p5_0p02_0013_0011" 4971
"/Engine/EngineMaterials/Substrate/GLints/dict_16_192_64_0p5_0p02_0013_0010" 4972
"/Engine/EngineMaterials/Substrate/GLints/dict_16_192_64_0p5_0p02_0013_0009" 4973
"/Engine/EngineMaterials/Substrate/GLints/dict_16_192_64_0p5_0p02_0013_0008" 4974
"/Engine/EngineMaterials/Substrate/GLints/dict_16_192_64_0p5_0p02_0013_0007" 4975
"/Engine/EngineMaterials/Substrate/GLints/dict_16_192_64_0p5_0p02_0013_0006" 4976
"../../../Engine/Content/EngineMaterials/Substrate/GLints/dict_16_192_64_0p5_0p02_0014_0010.uasset" 4977
"/Engine/EngineMaterials/Substrate/GLints/dict_16_192_64_0p5_0p02_0013_0005" 4978
"/Engine/EngineMaterials/Substrate/GLints/dict_16_192_64_0p5_0p02_0013_0004" 4979
"/Engine/EngineMaterials/Substrate/GLints/dict_16_192_64_0p5_0p02_0013_0003" 4980
"../../../Engine/Content/EngineMaterials/Substrate/GLints/dict_16_192_64_0p5_0p02_0014_0011.uasset" 4981
"/Engine/EngineMaterials/Substrate/GLints/dict_16_192_64_0p5_0p02_0013_0002" 4982
"/Engine/EngineMaterials/Substrate/GLints/dict_16_192_64_0p5_0p02_0013_0001" 4983
"/Engine/EngineMaterials/Substrate/GLints/dict_16_192_64_0p5_0p02_0013_0000" 4984
"/Engine/EngineMaterials/Substrate/GLints/dict_16_192_64_0p5_0p02_0012_0015" 4985
"/Engine/EngineMaterials/Substrate/GLints/dict_16_192_64_0p5_0p02_0012_0014" 4986
"/Engine/EngineMaterials/Substrate/GLints/dict_16_192_64_0p5_0p02_0012_0013" 4987
"/Engine/EngineMaterials/Substrate/GLints/dict_16_192_64_0p5_0p02_0012_0012" 4988
"/Engine/EngineMaterials/Substrate/GLints/dict_16_192_64_0p5_0p02_0014_0009" 4989
"/Engine/EngineMaterials/Substrate/GLints/dict_16_192_64_0p5_0p02_0014_0008" 4990
"/Engine/EngineMaterials/Substrate/GLints/dict_16_192_64_0p5_0p02_0014_0007" 4991
"/Engine/EngineMaterials/Substrate/GLints/dict_16_192_64_0p5_0p02_0014_0011" 4992
"/Engine/EngineMaterials/Substrate/GLints/dict_16_192_64_0p5_0p02_0014_0010" 4993
"../../../Engine/Content/EngineMaterials/Substrate/GLints/dict_16_192_64_0p5_0p02_0014_0012.uasset" 4994
"../../../Engine/Content/EngineMaterials/Substrate/GLints/dict_16_192_64_0p5_0p02_0014_0013.uasset" 4995
"../../../Engine/Content/EngineMaterials/Substrate/GLints/dict_16_192_64_0p5_0p02_0014_0014.uasset" 4996
"../../../Engine/Content/EngineMaterials/Substrate/GLints/dict_16_192_64_0p5_0p02_0014_0015.uasset" 4997
"../../../Engine/Content/EngineMaterials/Substrate/GLints/dict_16_192_64_0p5_0p02_0015_0000.uasset" 4998
"../../../Engine/Content/EngineMaterials/Substrate/GLints/dict_16_192_64_0p5_0p02_0015_0001.uasset" 4999
"../../../Engine/Content/EngineMaterials/Substrate/GLints/dict_16_192_64_0p5_0p02_0015_0002.uasset" 5000
"../../../Engine/Content/EngineMaterials/Substrate/GLints/dict_16_192_64_0p5_0p02_0015_0004.uasset" 5001
"../../../Engine/Content/EngineMaterials/Substrate/GLints/dict_16_192_64_0p5_0p02_0015_0005.uasset" 5002
"../../../Engine/Content/EngineMaterials/Substrate/GLints/dict_16_192_64_0p5_0p02_0015_0003.uasset" 5003
"../../../Engine/Content/EngineMaterials/Substrate/GLints/dict_16_192_64_0p5_0p02_0015_0006.uasset" 5004
"../../../Engine/Content/EngineMaterials/Substrate/GLints/dict_16_192_64_0p5_0p02_0015_0007.uasset" 5005
"../../../Engine/Content/EngineMaterials/Substrate/GLints/dict_16_192_64_0p5_0p02_0015_0008.uasset" 5006
"../../../Engine/Content/EngineMaterials/Substrate/GLints/dict_16_192_64_0p5_0p02_0015_0009.uasset" 5007
"../../../Engine/Content/EngineMaterials/Substrate/GLints/dict_16_192_64_0p5_0p02_0015_0010.uasset" 5008
"../../../Engine/Content/EngineMaterials/Substrate/GLints/dict_16_192_64_0p5_0p02_0015_0014.uasset" 5009
"../../../Engine/Content/EngineMaterials/Substrate/GLints/dict_16_192_64_0p5_0p02_0015_0013.uasset" 5010
"../../../Engine/Content/EngineMaterials/Substrate/GLints/dict_16_192_64_0p5_0p02_0015_0011.uasset" 5011
"../../../Engine/Content/EngineMaterials/Substrate/GLints/dict_16_192_64_0p5_0p02_0015_0012.uasset" 5012
"../../../Engine/Content/EngineMaterials/Substrate/GLints/dict_16_192_64_0p5_0p02_0015_0015.uasset" 5013
"../../../Engine/Content/EngineMaterials/Substrate/GLints/dict_16_192_64_0p5_0p02_0016_0000.uasset" 5014
"../../../Engine/Content/EngineMaterials/Substrate/GLints/dict_16_192_64_0p5_0p02_0016_0002.uasset" 5015
"../../../Engine/Content/EngineMaterials/Substrate/GLints/dict_16_192_64_0p5_0p02_0016_0003.uasset" 5016
"../../../Engine/Content/EngineMaterials/Substrate/GLints/dict_16_192_64_0p5_0p02_0016_0001.uasset" 5017
"../../../Engine/Content/EngineMaterials/Substrate/GLints/dict_16_192_64_0p5_0p02_0016_0005.uasset" 5018
"../../../Engine/Content/EngineMaterials/Substrate/GLints/dict_16_192_64_0p5_0p02_0016_0004.uasset" 5019
"../../../Engine/Content/EngineMaterials/Substrate/GLints/dict_16_192_64_0p5_0p02_0016_0006.uasset" 5020
"../../../Engine/Content/EngineMaterials/Substrate/GLints/dict_16_192_64_0p5_0p02_0016_0008.uasset" 5021
"../../../Engine/Content/EngineMaterials/Substrate/GLints/dict_16_192_64_0p5_0p02_0016_0010.uasset" 5022
"../../../Engine/Content/EngineMaterials/Substrate/GLints/dict_16_192_64_0p5_0p02_0016_0009.uasset" 5023
"../../../Engine/Content/EngineMaterials/Substrate/GLints/dict_16_192_64_0p5_0p02_0016_0011.uasset" 5024
"../../../Engine/Content/EngineMaterials/Substrate/GLints/dict_16_192_64_0p5_0p02_0016_0007.uasset" 5025
"/Engine/EngineMaterials/Substrate/GLints/dict_16_192_64_0p5_0p02_0016_0009" 5026
"/Engine/EngineMaterials/Substrate/GLints/dict_16_192_64_0p5_0p02_0016_0008" 5027
"/Engine/EngineMaterials/Substrate/GLints/dict_16_192_64_0p5_0p02_0016_0007" 5028
"/Engine/EngineMaterials/Substrate/GLints/dict_16_192_64_0p5_0p02_0016_0006" 5029
"/Engine/EngineMaterials/Substrate/GLints/dict_16_192_64_0p5_0p02_0016_0005" 5030
"/Engine/EngineMaterials/Substrate/GLints/dict_16_192_64_0p5_0p02_0016_0004" 5031
"/Engine/EngineMaterials/Substrate/GLints/dict_16_192_64_0p5_0p02_0016_0003" 5032
"/Engine/EngineMaterials/Substrate/GLints/dict_16_192_64_0p5_0p02_0016_0002" 5033
"/Engine/EngineMaterials/Substrate/GLints/dict_16_192_64_0p5_0p02_0016_0001" 5034
"/Engine/EngineMaterials/Substrate/GLints/dict_16_192_64_0p5_0p02_0016_0000" 5035
"/Engine/EngineMaterials/Substrate/GLints/dict_16_192_64_0p5_0p02_0015_0015" 5036
"/Engine/EngineMaterials/Substrate/GLints/dict_16_192_64_0p5_0p02_0015_0014" 5037
"/Engine/EngineMaterials/Substrate/GLints/dict_16_192_64_0p5_0p02_0015_0013" 5038
"/Engine/EngineMaterials/Substrate/GLints/dict_16_192_64_0p5_0p02_0015_0012" 5039
"/Engine/EngineMaterials/Substrate/GLints/dict_16_192_64_0p5_0p02_0015_0011" 5040
"/Engine/EngineMaterials/Substrate/GLints/dict_16_192_64_0p5_0p02_0015_0010" 5041
"/Engine/EngineMaterials/Substrate/GLints/dict_16_192_64_0p5_0p02_0015_0009" 5042
"/Engine/EngineMaterials/Substrate/GLints/dict_16_192_64_0p5_0p02_0015_0008" 5043
"/Engine/EngineMaterials/Substrate/GLints/dict_16_192_64_0p5_0p02_0015_0007" 5044
"/Engine/EngineMaterials/Substrate/GLints/dict_16_192_64_0p5_0p02_0015_0006" 5045
"/Engine/EngineMaterials/Substrate/GLints/dict_16_192_64_0p5_0p02_0015_0005" 5046
"/Engine/EngineMaterials/Substrate/GLints/dict_16_192_64_0p5_0p02_0015_0004" 5047
"/Engine/EngineMaterials/Substrate/GLints/dict_16_192_64_0p5_0p02_0015_0003" 5048
"/Engine/EngineMaterials/Substrate/GLints/dict_16_192_64_0p5_0p02_0015_0002" 5049
"/Engine/EngineMaterials/Substrate/GLints/dict_16_192_64_0p5_0p02_0015_0001" 5050
"/Engine/EngineMaterials/Substrate/GLints/dict_16_192_64_0p5_0p02_0015_0000" 5051
"/Engine/EngineMaterials/Substrate/GLints/dict_16_192_64_0p5_0p02_0014_0015" 5052
"/Engine/EngineMaterials/Substrate/GLints/dict_16_192_64_0p5_0p02_0016_0011" 5053
"/Engine/EngineMaterials/Substrate/GLints/dict_16_192_64_0p5_0p02_0016_0010" 5054
"/Engine/EngineMaterials/Substrate/GLints/dict_16_192_64_0p5_0p02_0014_0014" 5055
"/Engine/EngineMaterials/Substrate/GLints/dict_16_192_64_0p5_0p02_0014_0013" 5056
"/Engine/EngineMaterials/Substrate/GLints/dict_16_192_64_0p5_0p02_0014_0012" 5057
"C:/Users/Will/Desktop/Work/CHICO/EldritchBotanist/The_Eldritch_Botanist/EldritchBotanistGame/Content/_Images/ResourceIcons/BlueHeart_Icon_2x.uasset" 5058
"C:/Users/Will/Desktop/Work/CHICO/EldritchBotanist/The_Eldritch_Botanist/EldritchBotanistGame/Content/_Images/UI_Images/NightIcon.uasset" 5059
"C:/Users/Will/Desktop/Work/CHICO/EldritchBotanist/The_Eldritch_Botanist/EldritchBotanistGame/Content/_Images/UI_Images/CompendiumPodium.uasset" 5060
"/Engine/OpenWorldTemplate/LandscapeMaterial/T_GridChecker_A" 5061
"/Game/_Images/UI_Images/NightIcon" 5062
"/Game/_Images/UI_Images/ArrowY_R" 5063
"/Game/_Images/UI_Images/paper" 5064
"/Game/_Images/UI_Images/CompendiumPodium" 5065
"/Game/_Images/ResourceIcons/BlueHeart_Icon_2x" 5066
"/Game/_Images/UI_Images/ArrowY" 5067
"/Game/_Images/UI_Images/InspectionTable" 5068
"../../../Engine/Content/EngineMaterials/Substrate/GLints/dict_16_192_64_0p5_0p02_0016_0015.uasset" 5069
"../../../Engine/Content/EngineMaterials/Substrate/GLints/dict_16_192_64_0p5_0p02_0017_0009.uasset" 5070
"../../../Engine/Content/EngineMaterials/Substrate/GLints/dict_16_192_64_0p5_0p02_0016_0014.uasset" 5071
"../../../Engine/Content/EngineMaterials/Substrate/GLints/dict_16_192_64_0p5_0p02_0017_0001.uasset" 5072
"../../../Engine/Content/EngineMaterials/Substrate/GLints/dict_16_192_64_0p5_0p02_0017_0005.uasset" 5073
"../../../Engine/Content/EngineMaterials/Substrate/GLints/dict_16_192_64_0p5_0p02_0017_0000.uasset" 5074
"../../../Engine/Content/EngineMaterials/Substrate/GLints/dict_16_192_64_0p5_0p02_0017_0002.uasset" 5075
"../../../Engine/Content/EngineMaterials/Substrate/GLints/dict_16_192_64_0p5_0p02_0017_0006.uasset" 5076
"../../../Engine/Content/EngineMaterials/Substrate/GLints/dict_16_192_64_0p5_0p02_0017_0008.uasset" 5077
"../../../Engine/Content/EngineMaterials/Substrate/GLints/dict_16_192_64_0p5_0p02_0017_0004.uasset" 5078
"../../../Engine/Content/EngineMaterials/Substrate/GLints/dict_16_192_64_0p5_0p02_0017_0003.uasset" 5079
"../../../Engine/Content/EngineMaterials/Substrate/GLints/dict_16_192_64_0p5_0p02_0016_0012.uasset" 5080
"../../../Engine/Content/EngineMaterials/Substrate/GLints/dict_16_192_64_0p5_0p02_0017_0007.uasset" 5081
"../../../Engine/Content/EngineMaterials/Substrate/GLints/dict_16_192_64_0p5_0p02_0017_0011.uasset" 5082
"../../../Engine/Content/EngineMaterials/Substrate/GLints/dict_16_192_64_0p5_0p02_0017_0013.uasset" 5083
"../../../Engine/Content/EngineMaterials/Substrate/GLints/dict_16_192_64_0p5_0p02_0017_0015.uasset" 5084
"../../../Engine/Content/EngineMaterials/Substrate/GLints/dict_16_192_64_0p5_0p02_0017_0010.uasset" 5085
"../../../Engine/Content/EngineMaterials/Substrate/GLints/dict_16_192_64_0p5_0p02_0016_0013.uasset" 5086
"../../../Engine/Content/EngineMaterials/Substrate/GLints/dict_16_192_64_0p5_0p02_0018_0000.uasset" 5087
"../../../Engine/Content/EngineMaterials/Substrate/GLints/dict_16_192_64_0p5_0p02_0018_0003.uasset" 5088
"../../../Engine/Content/EngineMaterials/Substrate/GLints/dict_16_192_64_0p5_0p02_0017_0014.uasset" 5089
"../../../Engine/Content/EngineMaterials/Substrate/GLints/dict_16_192_64_0p5_0p02_0017_0012.uasset" 5090
"../../../Engine/Content/EngineMaterials/Substrate/GLints/dict_16_192_64_0p5_0p02_0018_0001.uasset" 5091
"../../../Engine/Content/EngineMaterials/Substrate/GLints/dict_16_192_64_0p5_0p02_0018_0002.uasset" 5092
"../../../Engine/Content/EngineMaterials/Substrate/GLints/dict_16_192_64_0p5_0p02_0018_0004.uasset" 5093
"../../../Engine/Content/EngineMaterials/Substrate/GLints/dict_16_192_64_0p5_0p02_0018_0005.uasset" 5094
"../../../Engine/Content/EngineMaterials/Substrate/GLints/dict_16_192_64_0p5_0p02_0018_0006.uasset" 5095
"../../../Engine/Content/EngineMaterials/Substrate/GLints/dict_16_192_64_0p5_0p02_0018_0007.uasset" 5096
"../../../Engine/Content/EngineMaterials/Substrate/GLints/dict_16_192_64_0p5_0p02_0018_0011.uasset" 5097
"../../../Engine/Content/EngineMaterials/Substrate/GLints/dict_16_192_64_0p5_0p02_0018_0008.uasset" 5098
"../../../Engine/Content/EngineMaterials/Substrate/GLints/dict_16_192_64_0p5_0p02_0018_0009.uasset" 5099
"../../../Engine/Content/EngineMaterials/Substrate/GLints/dict_16_192_64_0p5_0p02_0018_0010.uasset" 5100
"C:/Users/Will/AppData/Local/Temp/UnrealShaderWorkingDir/680E62474AA836ADF89BD38ECEC5B1C0/0/WorkerOutputOnly.out" 5101
"/Engine/EngineMaterials/Substrate/GLints/dict_16_192_64_0p5_0p02_0018_0003" 5102
"/Engine/EngineMaterials/Substrate/GLints/dict_16_192_64_0p5_0p02_0018_0002" 5103
"/Engine/EngineMaterials/Substrate/GLints/dict_16_192_64_0p5_0p02_0018_0001" 5104
"/Engine/EngineMaterials/Substrate/GLints/dict_16_192_64_0p5_0p02_0018_0000" 5105
"/Engine/EngineMaterials/Substrate/GLints/dict_16_192_64_0p5_0p02_0017_0015" 5106
"/Engine/EngineMaterials/Substrate/GLints/dict_16_192_64_0p5_0p02_0017_0014" 5107
"/Engine/EngineMaterials/Substrate/GLints/dict_16_192_64_0p5_0p02_0017_0013" 5108
"/Engine/EngineMaterials/Substrate/GLints/dict_16_192_64_0p5_0p02_0017_0012" 5109
"/Engine/EngineMaterials/Substrate/GLints/dict_16_192_64_0p5_0p02_0017_0011" 5110
"/Engine/EngineMaterials/Substrate/GLints/dict_16_192_64_0p5_0p02_0017_0010" 5111
"/Engine/EngineMaterials/Substrate/GLints/dict_16_192_64_0p5_0p02_0017_0009" 5112
"/Engine/EngineMaterials/Substrate/GLints/dict_16_192_64_0p5_0p02_0017_0008" 5113
"/Engine/EngineMaterials/Substrate/GLints/dict_16_192_64_0p5_0p02_0017_0007" 5114
"/Engine/EngineMaterials/Substrate/GLints/dict_16_192_64_0p5_0p02_0017_0006" 5115
"/Engine/EngineMaterials/Substrate/GLints/dict_16_192_64_0p5_0p02_0017_0005" 5116
"/Engine/EngineMaterials/Substrate/GLints/dict_16_192_64_0p5_0p02_0017_0004" 5117
"/Engine/EngineMaterials/Substrate/GLints/dict_16_192_64_0p5_0p02_0017_0003" 5118
"/Engine/EngineMaterials/Substrate/GLints/dict_16_192_64_0p5_0p02_0017_0002" 5119
"/Engine/EngineMaterials/Substrate/GLints/dict_16_192_64_0p5_0p02_0017_0001" 5120
"/Engine/EngineMaterials/Substrate/GLints/dict_16_192_64_0p5_0p02_0017_0000" 5121
"/Engine/EngineMaterials/Substrate/GLints/dict_16_192_64_0p5_0p02_0016_0015" 5122
"/Engine/EngineMaterials/Substrate/GLints/dict_16_192_64_0p5_0p02_0016_0014" 5123
"/Engine/EngineMaterials/Substrate/GLints/dict_16_192_64_0p5_0p02_0016_0013" 5124
"/Engine/EngineMaterials/Substrate/GLints/dict_16_192_64_0p5_0p02_0016_0012" 5125
"/Engine/EngineMaterials/Substrate/GLints/dict_16_192_64_0p5_0p02_0018_0007" 5126
"/Engine/EngineMaterials/Substrate/GLints/dict_16_192_64_0p5_0p02_0018_0006" 5127
"/Engine/EngineMaterials/Substrate/GLints/dict_16_192_64_0p5_0p02_0018_0011" 5128
"/Engine/EngineMaterials/Substrate/GLints/dict_16_192_64_0p5_0p02_0018_0010" 5129
"/Engine/EngineMaterials/Substrate/GLints/dict_16_192_64_0p5_0p02_0018_0005" 5130
"/Engine/EngineMaterials/Substrate/GLints/dict_16_192_64_0p5_0p02_0018_0009" 5131
"/Engine/EngineMaterials/Substrate/GLints/dict_16_192_64_0p5_0p02_0018_0004" 5132
"/Engine/EngineMaterials/Substrate/GLints/dict_16_192_64_0p5_0p02_0018_0008" 5133
"../../../Engine/Content/EngineMaterials/Substrate/GLints/dict_16_192_64_0p5_0p02_0018_0013.uasset" 5134
"../../../Engine/Content/EngineMaterials/Substrate/GLints/dict_16_192_64_0p5_0p02_0018_0012.uasset" 5135
"../../../Engine/Content/EngineMaterials/Substrate/GLints/dict_16_192_64_0p5_0p02_0018_0014.uasset" 5136
"../../../Engine/Content/EngineMaterials/Substrate/GLints/dict_16_192_64_0p5_0p02_0019_0000.uasset" 5137
"../../../Engine/Content/EngineMaterials/Substrate/GLints/dict_16_192_64_0p5_0p02_0018_0015.uasset" 5138
"../../../Engine/Content/EngineMaterials/Substrate/GLints/dict_16_192_64_0p5_0p02_0019_0002.uasset" 5139
"../../../Engine/Content/EngineMaterials/Substrate/GLints/dict_16_192_64_0p5_0p02_0019_0001.uasset" 5140
"../../../Engine/Content/EngineMaterials/Substrate/GLints/dict_16_192_64_0p5_0p02_0019_0004.uasset" 5141
"../../../Engine/Content/EngineMaterials/Substrate/GLints/dict_16_192_64_0p5_0p02_0019_0003.uasset" 5142
"../../../Engine/Content/EngineMaterials/Substrate/GLints/dict_16_192_64_0p5_0p02_0019_0005.uasset" 5143
"../../../Engine/Content/EngineMaterials/Substrate/GLints/dict_16_192_64_0p5_0p02_0019_0007.uasset" 5144
"../../../Engine/Content/EngineMaterials/Substrate/GLints/dict_16_192_64_0p5_0p02_0019_0008.uasset" 5145
"../../../Engine/Content/EngineMaterials/Substrate/GLints/dict_16_192_64_0p5_0p02_0019_0009.uasset" 5146
"../../../Engine/Content/EngineMaterials/Substrate/GLints/dict_16_192_64_0p5_0p02_0019_0011.uasset" 5147
"../../../Engine/Content/EngineMaterials/Substrate/GLints/dict_16_192_64_0p5_0p02_0019_0006.uasset" 5148
"../../../Engine/Content/EngineMaterials/Substrate/GLints/dict_16_192_64_0p5_0p02_0019_0010.uasset" 5149
"../../../Engine/Content/EngineMaterials/Substrate/GLints/dict_16_192_64_0p5_0p02_0019_0013.uasset" 5150
"../../../Engine/Content/EngineMaterials/Substrate/GLints/dict_16_192_64_0p5_0p02_0020_0000.uasset" 5151
"../../../Engine/Content/EngineMaterials/Substrate/GLints/dict_16_192_64_0p5_0p02_0020_0001.uasset" 5152
"../../../Engine/Content/EngineMaterials/Substrate/GLints/dict_16_192_64_0p5_0p02_0019_0012.uasset" 5153
"../../../Engine/Content/EngineMaterials/Substrate/GLints/dict_16_192_64_0p5_0p02_0019_0014.uasset" 5154
"../../../Engine/Content/EngineMaterials/Substrate/GLints/dict_16_192_64_0p5_0p02_0019_0015.uasset" 5155
"../../../Engine/Content/EngineMaterials/Substrate/GLints/dict_16_192_64_0p5_0p02_0020_0002.uasset" 5156
"../../../Engine/Content/EngineMaterials/Substrate/GLints/dict_16_192_64_0p5_0p02_0020_0009.uasset" 5157
"../../../Engine/Content/EngineMaterials/Substrate/GLints/dict_16_192_64_0p5_0p02_0020_0006.uasset" 5158
"../../../Engine/Content/EngineMaterials/Substrate/GLints/dict_16_192_64_0p5_0p02_0020_0005.uasset" 5159
"../../../Engine/Content/EngineMaterials/Substrate/GLints/dict_16_192_64_0p5_0p02_0020_0003.uasset" 5160
"../../../Engine/Content/EngineMaterials/Substrate/GLints/dict_16_192_64_0p5_0p02_0020_0004.uasset" 5161
"../../../Engine/Content/EngineMaterials/Substrate/GLints/dict_16_192_64_0p5_0p02_0020_0007.uasset" 5162
"../../../Engine/Content/EngineMaterials/Substrate/GLints/dict_16_192_64_0p5_0p02_0020_0010.uasset" 5163
"../../../Engine/Content/EngineMaterials/Substrate/GLints/dict_16_192_64_0p5_0p02_0020_0008.uasset" 5164
"../../../Engine/Content/EngineMaterials/Substrate/GLints/dict_16_192_64_0p5_0p02_0020_0011.uasset" 5165
"/Engine/EngineMaterials/Substrate/GLints/dict_16_192_64_0p5_0p02_0020_0009" 5166
"/Engine/EngineMaterials/Substrate/GLints/dict_16_192_64_0p5_0p02_0020_0008" 5167
"/Engine/EngineMaterials/Substrate/GLints/dict_16_192_64_0p5_0p02_0020_0007" 5168
"/Engine/EngineMaterials/Substrate/GLints/dict_16_192_64_0p5_0p02_0020_0006" 5169
"/Engine/EngineMaterials/Substrate/GLints/dict_16_192_64_0p5_0p02_0020_0005" 5170
"/Engine/EngineMaterials/Substrate/GLints/dict_16_192_64_0p5_0p02_0020_0004" 5171
"/Engine/EngineMaterials/Substrate/GLints/dict_16_192_64_0p5_0p02_0020_0003" 5172
"/Engine/EngineMaterials/Substrate/GLints/dict_16_192_64_0p5_0p02_0020_0002" 5173
"/Engine/EngineMaterials/Substrate/GLints/dict_16_192_64_0p5_0p02_0020_0001" 5174
"/Engine/EngineMaterials/Substrate/GLints/dict_16_192_64_0p5_0p02_0020_0000" 5175
"/Engine/EngineMaterials/Substrate/GLints/dict_16_192_64_0p5_0p02_0019_0015" 5176
"/Engine/EngineMaterials/Substrate/GLints/dict_16_192_64_0p5_0p02_0019_0014" 5177
"/Engine/EngineMaterials/Substrate/GLints/dict_16_192_64_0p5_0p02_0019_0013" 5178
"/Engine/EngineMaterials/Substrate/GLints/dict_16_192_64_0p5_0p02_0019_0012" 5179
"/Engine/EngineMaterials/Substrate/GLints/dict_16_192_64_0p5_0p02_0019_0011" 5180
"/Engine/EngineMaterials/Substrate/GLints/dict_16_192_64_0p5_0p02_0019_0010" 5181
"/Engine/EngineMaterials/Substrate/GLints/dict_16_192_64_0p5_0p02_0019_0009" 5182
"/Engine/EngineMaterials/Substrate/GLints/dict_16_192_64_0p5_0p02_0019_0008" 5183
"/Engine/EngineMaterials/Substrate/GLints/dict_16_192_64_0p5_0p02_0019_0007" 5184
"/Engine/EngineMaterials/Substrate/GLints/dict_16_192_64_0p5_0p02_0019_0006" 5185
"/Engine/EngineMaterials/Substrate/GLints/dict_16_192_64_0p5_0p02_0019_0005" 5186
"/Engine/EngineMaterials/Substrate/GLints/dict_16_192_64_0p5_0p02_0019_0004" 5187
"/Engine/EngineMaterials/Substrate/GLints/dict_16_192_64_0p5_0p02_0019_0003" 5188
"/Engine/EngineMaterials/Substrate/GLints/dict_16_192_64_0p5_0p02_0019_0002" 5189
"/Engine/EngineMaterials/Substrate/GLints/dict_16_192_64_0p5_0p02_0019_0001" 5190
"/Engine/EngineMaterials/Substrate/GLints/dict_16_192_64_0p5_0p02_0019_0000" 5191
"/Engine/EngineMaterials/Substrate/GLints/dict_16_192_64_0p5_0p02_0018_0015" 5192
"/Engine/EngineMaterials/Substrate/GLints/dict_16_192_64_0p5_0p02_0018_0014" 5193
"/Engine/EngineMaterials/Substrate/GLints/dict_16_192_64_0p5_0p02_0018_0013" 5194
"/Engine/EngineMaterials/Substrate/GLints/dict_16_192_64_0p5_0p02_0018_0012" 5195
"/Engine/EngineMaterials/Substrate/GLints/dict_16_192_64_0p5_0p02_0020_0011" 5196
"/Engine/EngineMaterials/Substrate/GLints/dict_16_192_64_0p5_0p02_0020_0010" 5197
"/Engine/MapTemplates/T_ScreenDirt02_w" 5198
"/Game/_Images/UI_Images/SpliceTable" 5199
"/Engine/Functions/Engine_MaterialFunctions01/Texturing/FlattenNormal" 5200
"/Game/_VFX/PulseGlow/RT_PlantSpawnVFX" 5201
"/Engine/EngineSky/VolumetricClouds/VT_PerlinWorley_Balanced" 5202
"/Engine/EngineSky/VolumetricClouds/T_Profile_08" 5203
"/Engine/EngineSky/VolumetricClouds/T_CloudPattern" 5204
"../../../Engine/Content/EngineMaterials/Substrate/GLints/dict_16_192_64_0p5_0p02_0020_0013.uasset" 5205
"../../../Engine/Content/EngineMaterials/Substrate/GLints/dict_16_192_64_0p5_0p02_0020_0012.uasset" 5206
"../../../Engine/Content/EngineMaterials/Substrate/GLints/dict_16_192_64_0p5_0p02_0020_0014.uasset" 5207
"../../../Engine/Content/EngineMaterials/Substrate/GLints/dict_16_192_64_0p5_0p02_0020_0015.uasset" 5208
"../../../Engine/Content/EngineMaterials/Substrate/GLints/dict_16_192_64_0p5_0p02_0021_0000.uasset" 5209
"../../../Engine/Content/EngineMaterials/Substrate/GLints/dict_16_192_64_0p5_0p02_0021_0001.uasset" 5210
"../../../Engine/Content/EngineMaterials/Substrate/GLints/dict_16_192_64_0p5_0p02_0021_0003.uasset" 5211
"../../../Engine/Content/EngineMaterials/Substrate/GLints/dict_16_192_64_0p5_0p02_0021_0002.uasset" 5212
"/Engine/EngineMaterials/Substrate/GLints/dict_16_192_64_0p5_0p02_0021_0003" 5213
"/Engine/EngineMaterials/Substrate/GLints/dict_16_192_64_0p5_0p02_0021_0002" 5214
"../../../Engine/Content/EngineMaterials/Substrate/GLints/dict_16_192_64_0p5_0p02_0021_0005.uasset" 5215
"../../../Engine/Content/EngineMaterials/Substrate/GLints/dict_16_192_64_0p5_0p02_0021_0004.uasset" 5216
"/Engine/EngineMaterials/Substrate/GLints/dict_16_192_64_0p5_0p02_0021_0001" 5217
"/Engine/EngineMaterials/Substrate/GLints/dict_16_192_64_0p5_0p02_0021_0000" 5218
"/Engine/EngineMaterials/Substrate/GLints/dict_16_192_64_0p5_0p02_0020_0015" 5219
"/Engine/EngineMaterials/Substrate/GLints/dict_16_192_64_0p5_0p02_0020_0014" 5220
"/Engine/EngineMaterials/Substrate/GLints/dict_16_192_64_0p5_0p02_0020_0013" 5221
"/Engine/EngineMaterials/Substrate/GLints/dict_16_192_64_0p5_0p02_0020_0012" 5222
"/Engine/EngineMaterials/Substrate/GLints/dict_16_192_64_0p5_0p02_0021_0005" 5223
"/Engine/EngineMaterials/Substrate/GLints/dict_16_192_64_0p5_0p02_0021_0004" 5224
"../../../Engine/Content/EngineMaterials/Substrate/GLints/dict_16_192_64_0p5_0p02_0021_0006.uasset" 5225
"../../../Engine/Content/EngineMaterials/Substrate/GLints/dict_16_192_64_0p5_0p02_0021_0007.uasset" 5226
"/Engine/EngineMaterials/Substrate/GLints/dict_16_192_64_0p5_0p02_0021_0007" 5227
"/Engine/EngineMaterials/Substrate/GLints/dict_16_192_64_0p5_0p02_0021_0006" 5228
"../../../Engine/Content/EngineMaterials/Substrate/GLints/dict_16_192_64_0p5_0p02_0021_0009.uasset" 5229
"../../../Engine/Content/EngineMaterials/Substrate/GLints/dict_16_192_64_0p5_0p02_0021_0008.uasset" 5230
"../../../Engine/Content/EngineMaterials/Substrate/GLints/dict_16_192_64_0p5_0p02_0021_0010.uasset" 5231
"../../../Engine/Content/EngineMaterials/Substrate/GLints/dict_16_192_64_0p5_0p02_0021_0011.uasset" 5232
"../../../Engine/Content/EngineMaterials/Substrate/GLints/dict_16_192_64_0p5_0p02_0021_0014.uasset" 5233
"../../../Engine/Content/EngineMaterials/Substrate/GLints/dict_16_192_64_0p5_0p02_0021_0013.uasset" 5234
"../../../Engine/Content/EngineMaterials/Substrate/GLints/dict_16_192_64_0p5_0p02_0021_0015.uasset" 5235
"../../../Engine/Content/EngineMaterials/Substrate/GLints/dict_16_192_64_0p5_0p02_0022_0000.uasset" 5236
"../../../Engine/Content/EngineMaterials/Substrate/GLints/dict_16_192_64_0p5_0p02_0022_0001.uasset" 5237
"../../../Engine/Content/EngineMaterials/Substrate/GLints/dict_16_192_64_0p5_0p02_0022_0004.uasset" 5238
"../../../Engine/Content/EngineMaterials/Substrate/GLints/dict_16_192_64_0p5_0p02_0022_0002.uasset" 5239
"../../../Engine/Content/EngineMaterials/Substrate/GLints/dict_16_192_64_0p5_0p02_0022_0003.uasset" 5240
"../../../Engine/Content/EngineMaterials/Substrate/GLints/dict_16_192_64_0p5_0p02_0022_0005.uasset" 5241
"../../../Engine/Content/EngineMaterials/Substrate/GLints/dict_16_192_64_0p5_0p02_0022_0006.uasset" 5242
"../../../Engine/Content/EngineMaterials/Substrate/GLints/dict_16_192_64_0p5_0p02_0022_0009.uasset" 5243
"../../../Engine/Content/EngineMaterials/Substrate/GLints/dict_16_192_64_0p5_0p02_0022_0007.uasset" 5244
"../../../Engine/Content/EngineMaterials/Substrate/GLints/dict_16_192_64_0p5_0p02_0022_0008.uasset" 5245
"../../../Engine/Content/EngineMaterials/Substrate/GLints/dict_16_192_64_0p5_0p02_0022_0010.uasset" 5246
"../../../Engine/Content/EngineMaterials/Substrate/GLints/dict_16_192_64_0p5_0p02_0021_0012.uasset" 5247
"../../../Engine/Content/EngineMaterials/Substrate/GLints/dict_16_192_64_0p5_0p02_0022_0011.uasset" 5248
"/Engine/EngineMaterials/Substrate/GLints/dict_16_192_64_0p5_0p02_0022_0003" 5249
"/Engine/EngineMaterials/Substrate/GLints/dict_16_192_64_0p5_0p02_0022_0002" 5250
"/Engine/EngineMaterials/Substrate/GLints/dict_16_192_64_0p5_0p02_0022_0001" 5251
"/Engine/EngineMaterials/Substrate/GLints/dict_16_192_64_0p5_0p02_0022_0000" 5252
"/Engine/EngineMaterials/Substrate/GLints/dict_16_192_64_0p5_0p02_0021_0015" 5253
"/Engine/EngineMaterials/Substrate/GLints/dict_16_192_64_0p5_0p02_0021_0014" 5254
"/Engine/EngineMaterials/Substrate/GLints/dict_16_192_64_0p5_0p02_0021_0013" 5255
"/Engine/EngineMaterials/Substrate/GLints/dict_16_192_64_0p5_0p02_0021_0012" 5256
"/Engine/EngineMaterials/Substrate/GLints/dict_16_192_64_0p5_0p02_0021_0011" 5257
"/Engine/EngineMaterials/Substrate/GLints/dict_16_192_64_0p5_0p02_0021_0010" 5258
"/Engine/EngineMaterials/Substrate/GLints/dict_16_192_64_0p5_0p02_0021_0009" 5259
"/Engine/EngineMaterials/Substrate/GLints/dict_16_192_64_0p5_0p02_0021_0008" 5260
"/Game/_Blueprints/Path_LayerInfo" 5261
"/Game/_Blueprints/Grass_LayerInfo" 5262
"/Game/SwampGrass_Lv3LayerInfo" 5263
"/Game/Path_Lv3LayerInfo" 5264
"/Game/Path_LayerInfo" 5265
"/Game/Grass_LayerInfo" 5266
"/Game/Path_Lv2LayerInfo" 5267
"/Game/Grass_Lv2LayerInfo" 5268
"/Engine/EngineSky/M_SimpleSkyDome" 5269
"/Game/_Blueprints/Character/Plants/WC_SpawnPlant" 5270
"/Engine/EngineMaterials/Substrate/GLints/dict_16_192_64_0p5_0p02_0022_0011" 5271
"/Engine/EngineMaterials/Substrate/GLints/dict_16_192_64_0p5_0p02_0022_0010" 5272
"/Engine/EngineMaterials/Substrate/GLints/dict_16_192_64_0p5_0p02_0022_0009" 5273
"/Engine/EngineMaterials/Substrate/GLints/dict_16_192_64_0p5_0p02_0022_0008" 5274
"/Engine/EngineMaterials/Substrate/GLints/dict_16_192_64_0p5_0p02_0022_0007" 5275
"/Engine/EngineMaterials/Substrate/GLints/dict_16_192_64_0p5_0p02_0022_0006" 5276
"/Engine/EngineMaterials/Substrate/GLints/dict_16_192_64_0p5_0p02_0022_0005" 5277
"/Engine/EngineMaterials/Substrate/GLints/dict_16_192_64_0p5_0p02_0022_0004" 5278
"/InterchangeAssets/gltf/Textures/T_Generic_N" 5279
"/InterchangeAssets/gltf/MaterialFunctions/MF_Fresnel_DS" 5280
"../../../Engine/Content/EngineMaterials/Substrate/GLints/dict_16_192_64_0p5_0p02_0022_0013.uasset" 5281
"../../../Engine/Content/EngineMaterials/Substrate/GLints/dict_16_192_64_0p5_0p02_0022_0012.uasset" 5282
"../../../Engine/Content/EngineMaterials/Substrate/GLints/dict_16_192_64_0p5_0p02_0022_0014.uasset" 5283
"../../../Engine/Content/EngineMaterials/Substrate/GLints/dict_16_192_64_0p5_0p02_0023_0000.uasset" 5284
"../../../Engine/Content/EngineMaterials/Substrate/GLints/dict_16_192_64_0p5_0p02_0023_0002.uasset" 5285
"../../../Engine/Content/EngineMaterials/Substrate/GLints/dict_16_192_64_0p5_0p02_0022_0015.uasset" 5286
"/Engine/EngineMaterials/Substrate/GLints/dict_16_192_64_0p5_0p02_0023_0002" 5287
"../../../Engine/Content/EngineMaterials/Substrate/GLints/dict_16_192_64_0p5_0p02_0023_0001.uasset" 5288
"/Engine/EngineMaterials/Substrate/GLints/dict_16_192_64_0p5_0p02_0023_0000" 5289
"/Engine/EngineMaterials/Substrate/GLints/dict_16_192_64_0p5_0p02_0022_0015" 5290
"/Engine/EngineMaterials/Substrate/GLints/dict_16_192_64_0p5_0p02_0022_0014" 5291
"/Engine/EngineMaterials/Substrate/GLints/dict_16_192_64_0p5_0p02_0022_0013" 5292
"../../../Engine/Content/EngineMaterials/Substrate/GLints/dict_16_192_64_0p5_0p02_0023_0004.uasset" 5293
"/Engine/EngineMaterials/Substrate/GLints/dict_16_192_64_0p5_0p02_0022_0012" 5294
"../../../Engine/Content/EngineMaterials/Substrate/GLints/dict_16_192_64_0p5_0p02_0023_0005.uasset" 5295
"/Engine/EngineMaterials/Substrate/GLints/dict_16_192_64_0p5_0p02_0023_0004" 5296
"../../../Engine/Content/EngineMaterials/Substrate/GLints/dict_16_192_64_0p5_0p02_0023_0003.uasset" 5297
"/Engine/EngineMaterials/Substrate/GLints/dict_16_192_64_0p5_0p02_0023_0001" 5298
"/Engine/EngineMaterials/Substrate/GLints/dict_16_192_64_0p5_0p02_0023_0005" 5299
"/Engine/EngineMaterials/Substrate/GLints/dict_16_192_64_0p5_0p02_0023_0003" 5300
"../../../Engine/Content/EngineMaterials/Substrate/GLints/dict_16_192_64_0p5_0p02_0023_0006.uasset" 5301
"../../../Engine/Content/EngineMaterials/Substrate/GLints/dict_16_192_64_0p5_0p02_0023_0007.uasset" 5302
"../../../Engine/Content/EngineMaterials/Substrate/GLints/dict_16_192_64_0p5_0p02_0023_0009.uasset" 5303
"../../../Engine/Content/EngineMaterials/Substrate/GLints/dict_16_192_64_0p5_0p02_0023_0010.uasset" 5304
"../../../Engine/Content/EngineMaterials/Substrate/GLints/dict_16_192_64_0p5_0p02_0023_0012.uasset" 5305
"../../../Engine/Content/EngineMaterials/Substrate/GLints/dict_16_192_64_0p5_0p02_0023_0014.uasset" 5306
"../../../Engine/Content/EngineMaterials/Substrate/GLints/dict_16_192_64_0p5_0p02_0023_0013.uasset" 5307
"../../../Engine/Content/EngineMaterials/Substrate/GLints/dict_16_192_64_0p5_0p02_0023_0011.uasset" 5308
"../../../Engine/Content/EngineMaterials/Substrate/GLints/dict_16_192_64_0p5_0p02_0024_0001.uasset" 5309
"../../../Engine/Content/EngineMaterials/Substrate/GLints/dict_16_192_64_0p5_0p02_0024_0002.uasset" 5310
"../../../Engine/Content/EngineMaterials/Substrate/GLints/dict_16_192_64_0p5_0p02_0024_0003.uasset" 5311
"../../../Engine/Content/EngineMaterials/Substrate/GLints/dict_16_192_64_0p5_0p02_0024_0000.uasset" 5312
"../../../Engine/Content/EngineMaterials/Substrate/GLints/dict_16_192_64_0p5_0p02_0023_0008.uasset" 5313
"../../../Engine/Content/EngineMaterials/Substrate/GLints/dict_16_192_64_0p5_0p02_0024_0007.uasset" 5314
"../../../Engine/Content/EngineMaterials/Substrate/GLints/dict_16_192_64_0p5_0p02_0023_0015.uasset" 5315
"../../../Engine/Content/EngineMaterials/Substrate/GLints/dict_16_192_64_0p5_0p02_0024_0006.uasset" 5316
"../../../Engine/Content/EngineMaterials/Substrate/GLints/dict_16_192_64_0p5_0p02_0024_0005.uasset" 5317
"../../../Engine/Content/EngineMaterials/Substrate/GLints/dict_16_192_64_0p5_0p02_0024_0009.uasset" 5318
"../../../Engine/Content/EngineMaterials/Substrate/GLints/dict_16_192_64_0p5_0p02_0024_0011.uasset" 5319
"../../../Engine/Content/EngineMaterials/Substrate/GLints/dict_16_192_64_0p5_0p02_0024_0004.uasset" 5320
"../../../Engine/Content/EngineMaterials/Substrate/GLints/dict_16_192_64_0p5_0p02_0024_0008.uasset" 5321
"../../../Engine/Content/EngineMaterials/Substrate/GLints/dict_16_192_64_0p5_0p02_0024_0013.uasset" 5322
"../../../Engine/Content/EngineMaterials/Substrate/GLints/dict_16_192_64_0p5_0p02_0024_0012.uasset" 5323
"../../../Engine/Content/EngineMaterials/Substrate/GLints/dict_16_192_64_0p5_0p02_0024_0014.uasset" 5324
"../../../Engine/Content/EngineMaterials/Substrate/GLints/dict_16_192_64_0p5_0p02_0024_0015.uasset" 5325
"../../../Engine/Content/EngineMaterials/Substrate/GLints/dict_16_192_64_0p5_0p02_0025_0001.uasset" 5326
"../../../Engine/Content/EngineMaterials/Substrate/GLints/dict_16_192_64_0p5_0p02_0024_0010.uasset" 5327
"../../../Engine/Content/EngineMaterials/Substrate/GLints/dict_16_192_64_0p5_0p02_0025_0000.uasset" 5328
"../../../Engine/Content/EngineMaterials/Substrate/GLints/dict_16_192_64_0p5_0p02_0025_0004.uasset" 5329
"../../../Engine/Content/EngineMaterials/Substrate/GLints/dict_16_192_64_0p5_0p02_0025_0002.uasset" 5330
"../../../Engine/Content/EngineMaterials/Substrate/GLints/dict_16_192_64_0p5_0p02_0025_0003.uasset" 5331
"../../../Engine/Content/EngineMaterials/Substrate/GLints/dict_16_192_64_0p5_0p02_0025_0005.uasset" 5332
"/Engine/EngineMaterials/Substrate/GLints/dict_16_192_64_0p5_0p02_0024_0007" 5333
"/Engine/EngineMaterials/Substrate/GLints/dict_16_192_64_0p5_0p02_0024_0006" 5334
"/Engine/EngineMaterials/Substrate/GLints/dict_16_192_64_0p5_0p02_0024_0005" 5335
"/Engine/EngineMaterials/Substrate/GLints/dict_16_192_64_0p5_0p02_0024_0004" 5336
"/Engine/EngineMaterials/Substrate/GLints/dict_16_192_64_0p5_0p02_0024_0003" 5337
"/Engine/EngineMaterials/Substrate/GLints/dict_16_192_64_0p5_0p02_0024_0002" 5338
"/Engine/EngineMaterials/Substrate/GLints/dict_16_192_64_0p5_0p02_0024_0001" 5339
"/Engine/EngineMaterials/Substrate/GLints/dict_16_192_64_0p5_0p02_0024_0000" 5340
"/Engine/EngineMaterials/Substrate/GLints/dict_16_192_64_0p5_0p02_0023_0015" 5341
"/Engine/EngineMaterials/Substrate/GLints/dict_16_192_64_0p5_0p02_0023_0014" 5342
"/Engine/EngineMaterials/Substrate/GLints/dict_16_192_64_0p5_0p02_0023_0013" 5343
"/Engine/EngineMaterials/Substrate/GLints/dict_16_192_64_0p5_0p02_0023_0012" 5344
"/Engine/EngineMaterials/Substrate/GLints/dict_16_192_64_0p5_0p02_0023_0011" 5345
"/Engine/EngineMaterials/Substrate/GLints/dict_16_192_64_0p5_0p02_0023_0010" 5346
"/Engine/EngineMaterials/Substrate/GLints/dict_16_192_64_0p5_0p02_0023_0009" 5347
"/Engine/EngineMaterials/Substrate/GLints/dict_16_192_64_0p5_0p02_0023_0008" 5348
"/Engine/EngineMaterials/Substrate/GLints/dict_16_192_64_0p5_0p02_0023_0007" 5349
"/Engine/EngineMaterials/Substrate/GLints/dict_16_192_64_0p5_0p02_0023_0006" 5350
"/Engine/EngineMaterials/Substrate/GLints/dict_16_192_64_0p5_0p02_0025_0005" 5351
"/Engine/EngineMaterials/Substrate/GLints/dict_16_192_64_0p5_0p02_0025_0003" 5352
"/Engine/EngineMaterials/Substrate/GLints/dict_16_192_64_0p5_0p02_0025_0004" 5353
"/Engine/EngineMaterials/Substrate/GLints/dict_16_192_64_0p5_0p02_0025_0001" 5354
"/Engine/EngineMaterials/Substrate/GLints/dict_16_192_64_0p5_0p02_0025_0002" 5355
"/Engine/EngineMaterials/Substrate/GLints/dict_16_192_64_0p5_0p02_0025_0000" 5356
"/Engine/EngineMaterials/Substrate/GLints/dict_16_192_64_0p5_0p02_0024_0015" 5357
"/Engine/EngineMaterials/Substrate/GLints/dict_16_192_64_0p5_0p02_0024_0014" 5358
"/Engine/EngineMaterials/Substrate/GLints/dict_16_192_64_0p5_0p02_0024_0013" 5359
"/Engine/EngineMaterials/Substrate/GLints/dict_16_192_64_0p5_0p02_0024_0012" 5360
"/Engine/EngineMaterials/Substrate/GLints/dict_16_192_64_0p5_0p02_0024_0011" 5361
"/Engine/EngineMaterials/Substrate/GLints/dict_16_192_64_0p5_0p02_0024_0010" 5362
"/Engine/EngineMaterials/Substrate/GLints/dict_16_192_64_0p5_0p02_0024_0009" 5363
"/Engine/EngineMaterials/Substrate/GLints/dict_16_192_64_0p5_0p02_0024_0008" 5364
"../../../Engine/Content/EngineMaterials/Substrate/GLints/dict_16_192_64_0p5_0p02_0025_0006.uasset" 5365
"../../../Engine/Content/EngineMaterials/Substrate/GLints/dict_16_192_64_0p5_0p02_0025_0011.uasset" 5366
"../../../Engine/Content/EngineMaterials/Substrate/GLints/dict_16_192_64_0p5_0p02_0025_0009.uasset" 5367
"../../../Engine/Content/EngineMaterials/Substrate/GLints/dict_16_192_64_0p5_0p02_0025_0010.uasset" 5368
"../../../Engine/Content/EngineMaterials/Substrate/GLints/dict_16_192_64_0p5_0p02_0025_0008.uasset" 5369
"../../../Engine/Content/EngineMaterials/Substrate/GLints/dict_16_192_64_0p5_0p02_0025_0007.uasset" 5370
"../../../Engine/Content/EngineMaterials/Substrate/GLints/dict_16_192_64_0p5_0p02_0025_0012.uasset" 5371
"../../../Engine/Content/EngineMaterials/Substrate/GLints/dict_16_192_64_0p5_0p02_0025_0014.uasset" 5372
"../../../Engine/Content/EngineMaterials/Substrate/GLints/dict_16_192_64_0p5_0p02_0025_0013.uasset" 5373
"../../../Engine/Content/EngineMaterials/Substrate/GLints/dict_16_192_64_0p5_0p02_0025_0015.uasset" 5374
"../../../Engine/Content/EngineMaterials/Substrate/GLints/dict_16_192_64_0p5_0p02_0026_0002.uasset" 5375
"../../../Engine/Content/EngineMaterials/Substrate/GLints/dict_16_192_64_0p5_0p02_0026_0000.uasset" 5376
"../../../Engine/Content/EngineMaterials/Substrate/GLints/dict_16_192_64_0p5_0p02_0026_0001.uasset" 5377
"../../../Engine/Content/EngineMaterials/Substrate/GLints/dict_16_192_64_0p5_0p02_0026_0003.uasset" 5378
"../../../Engine/Content/EngineMaterials/Substrate/GLints/dict_16_192_64_0p5_0p02_0026_0005.uasset" 5379
"../../../Engine/Content/EngineMaterials/Substrate/GLints/dict_16_192_64_0p5_0p02_0026_0004.uasset" 5380
"../../../Engine/Content/EngineMaterials/Substrate/GLints/dict_16_192_64_0p5_0p02_0026_0006.uasset" 5381
"../../../Engine/Content/EngineMaterials/Substrate/GLints/dict_16_192_64_0p5_0p02_0026_0007.uasset" 5382
"../../../Engine/Content/EngineMaterials/Substrate/GLints/dict_16_192_64_0p5_0p02_0026_0009.uasset" 5383
"../../../Engine/Content/EngineMaterials/Substrate/GLints/dict_16_192_64_0p5_0p02_0026_0010.uasset" 5384
"../../../Engine/Content/EngineMaterials/Substrate/GLints/dict_16_192_64_0p5_0p02_0026_0013.uasset" 5385
"../../../Engine/Content/EngineMaterials/Substrate/GLints/dict_16_192_64_0p5_0p02_0026_0008.uasset" 5386
"../../../Engine/Content/EngineMaterials/Substrate/GLints/dict_16_192_64_0p5_0p02_0026_0012.uasset" 5387
"../../../Engine/Content/EngineMaterials/Substrate/GLints/dict_16_192_64_0p5_0p02_0026_0014.uasset" 5388
"../../../Engine/Content/EngineMaterials/Substrate/GLints/dict_16_192_64_0p5_0p02_0026_0011.uasset" 5389
"../../../Engine/Content/EngineMaterials/Substrate/GLints/dict_16_192_64_0p5_0p02_0027_0001.uasset" 5390
"../../../Engine/Content/EngineMaterials/Substrate/GLints/dict_16_192_64_0p5_0p02_0027_0000.uasset" 5391
"../../../Engine/Content/EngineMaterials/Substrate/GLints/dict_16_192_64_0p5_0p02_0026_0015.uasset" 5392
"../../../Engine/Content/EngineMaterials/Substrate/GLints/dict_16_192_64_0p5_0p02_0027_0002.uasset" 5393
"../../../Engine/Content/EngineMaterials/Substrate/GLints/dict_16_192_64_0p5_0p02_0027_0003.uasset" 5394
"../../../Engine/Content/EngineMaterials/Substrate/GLints/dict_16_192_64_0p5_0p02_0027_0005.uasset" 5395
"../../../Engine/Content/EngineMaterials/Substrate/GLints/dict_16_192_64_0p5_0p02_0027_0004.uasset" 5396
"/Engine/EngineMaterials/Substrate/GLints/dict_16_192_64_0p5_0p02_0027_0005" 5397
"/Engine/EngineMaterials/Substrate/GLints/dict_16_192_64_0p5_0p02_0027_0004" 5398
"/Engine/EngineMaterials/Substrate/GLints/dict_16_192_64_0p5_0p02_0027_0003" 5399
"/Engine/EngineMaterials/Substrate/GLints/dict_16_192_64_0p5_0p02_0027_0002" 5400
"/Engine/EngineMaterials/Substrate/GLints/dict_16_192_64_0p5_0p02_0027_0001" 5401
"/Engine/EngineMaterials/Substrate/GLints/dict_16_192_64_0p5_0p02_0027_0000" 5402
"/Engine/EngineMaterials/Substrate/GLints/dict_16_192_64_0p5_0p02_0026_0015" 5403
"/Engine/EngineMaterials/Substrate/GLints/dict_16_192_64_0p5_0p02_0026_0014" 5404
"/Engine/EngineMaterials/Substrate/GLints/dict_16_192_64_0p5_0p02_0026_0013" 5405
"/Engine/EngineMaterials/Substrate/GLints/dict_16_192_64_0p5_0p02_0026_0012" 5406
"/Engine/EngineMaterials/Substrate/GLints/dict_16_192_64_0p5_0p02_0026_0011" 5407
"/Engine/EngineMaterials/Substrate/GLints/dict_16_192_64_0p5_0p02_0026_0010" 5408
"/Engine/EngineMaterials/Substrate/GLints/dict_16_192_64_0p5_0p02_0026_0009" 5409
"/Engine/EngineMaterials/Substrate/GLints/dict_16_192_64_0p5_0p02_0026_0008" 5410
"/Engine/EngineMaterials/Substrate/GLints/dict_16_192_64_0p5_0p02_0026_0007" 5411
"/Engine/EngineMaterials/Substrate/GLints/dict_16_192_64_0p5_0p02_0026_0006" 5412
"/Engine/EngineMaterials/Substrate/GLints/dict_16_192_64_0p5_0p02_0026_0005" 5413
"/Engine/EngineMaterials/Substrate/GLints/dict_16_192_64_0p5_0p02_0026_0004" 5414
"/Engine/EngineMaterials/Substrate/GLints/dict_16_192_64_0p5_0p02_0026_0003" 5415
"/Engine/EngineMaterials/Substrate/GLints/dict_16_192_64_0p5_0p02_0026_0002" 5416
"/Engine/EngineMaterials/Substrate/GLints/dict_16_192_64_0p5_0p02_0026_0001" 5417
"/Engine/EngineMaterials/Substrate/GLints/dict_16_192_64_0p5_0p02_0026_0000" 5418
"/Engine/EngineMaterials/Substrate/GLints/dict_16_192_64_0p5_0p02_0025_0015" 5419
"/Engine/EngineMaterials/Substrate/GLints/dict_16_192_64_0p5_0p02_0025_0014" 5420
"/Engine/EngineMaterials/Substrate/GLints/dict_16_192_64_0p5_0p02_0025_0013" 5421
"/Engine/EngineMaterials/Substrate/GLints/dict_16_192_64_0p5_0p02_0025_0012" 5422
"/Engine/EngineMaterials/Substrate/GLints/dict_16_192_64_0p5_0p02_0025_0011" 5423
"/Engine/EngineMaterials/Substrate/GLints/dict_16_192_64_0p5_0p02_0025_0010" 5424
"/Engine/EngineMaterials/Substrate/GLints/dict_16_192_64_0p5_0p02_0025_0009" 5425
"/Engine/EngineMaterials/Substrate/GLints/dict_16_192_64_0p5_0p02_0025_0008" 5426
"/Engine/EngineMaterials/Substrate/GLints/dict_16_192_64_0p5_0p02_0025_0007" 5427
"/Engine/EngineMaterials/Substrate/GLints/dict_16_192_64_0p5_0p02_0025_0006" 5428
"../../../Engine/Content/EngineMaterials/Substrate/GLints/dict_16_192_64_0p5_0p02_0028_0002.uasset" 5429
"../../../Engine/Content/EngineMaterials/Substrate/GLints/dict_16_192_64_0p5_0p02_0028_0003.uasset" 5430
"../../../Engine/Content/EngineMaterials/Substrate/GLints/dict_16_192_64_0p5_0p02_0027_0012.uasset" 5431
"../../../Engine/Content/EngineMaterials/Substrate/GLints/dict_16_192_64_0p5_0p02_0027_0015.uasset" 5432
"../../../Engine/Content/EngineMaterials/Substrate/GLints/dict_16_192_64_0p5_0p02_0027_0008.uasset" 5433
"../../../Engine/Content/EngineMaterials/Substrate/GLints/dict_16_192_64_0p5_0p02_0028_0000.uasset" 5434
"../../../Engine/Content/EngineMaterials/Substrate/GLints/dict_16_192_64_0p5_0p02_0028_0001.uasset" 5435
"../../../Engine/Content/EngineMaterials/Substrate/GLints/dict_16_192_64_0p5_0p02_0027_0010.uasset" 5436
"../../../Engine/Content/EngineMaterials/Substrate/GLints/dict_16_192_64_0p5_0p02_0027_0006.uasset" 5437
"../../../Engine/Content/EngineMaterials/Substrate/GLints/dict_16_192_64_0p5_0p02_0027_0009.uasset" 5438
"../../../Engine/Content/EngineMaterials/Substrate/GLints/dict_16_192_64_0p5_0p02_0027_0014.uasset" 5439
"../../../Engine/Content/EngineMaterials/Substrate/GLints/dict_16_192_64_0p5_0p02_0027_0007.uasset" 5440
"../../../Engine/Content/EngineMaterials/Substrate/GLints/dict_16_192_64_0p5_0p02_0027_0013.uasset" 5441
"../../../Engine/Content/EngineMaterials/Substrate/GLints/dict_16_192_64_0p5_0p02_0027_0011.uasset" 5442
"../../../Engine/Content/EngineMaterials/Substrate/GLints/dict_16_192_64_0p5_0p02_0028_0013.uasset" 5443
"../../../Engine/Content/EngineMaterials/Substrate/GLints/dict_16_192_64_0p5_0p02_0028_0005.uasset" 5444
"../../../Engine/Content/EngineMaterials/Substrate/GLints/dict_16_192_64_0p5_0p02_0028_0004.uasset" 5445
"../../../Engine/Content/EngineMaterials/Substrate/GLints/dict_16_192_64_0p5_0p02_0028_0011.uasset" 5446
"../../../Engine/Content/EngineMaterials/Substrate/GLints/dict_16_192_64_0p5_0p02_0028_0009.uasset" 5447
"../../../Engine/Content/EngineMaterials/Substrate/GLints/dict_16_192_64_0p5_0p02_0028_0012.uasset" 5448
"../../../Engine/Content/EngineMaterials/Substrate/GLints/dict_16_192_64_0p5_0p02_0028_0010.uasset" 5449
"../../../Engine/Content/EngineMaterials/Substrate/GLints/dict_16_192_64_0p5_0p02_0028_0006.uasset" 5450
"/Engine/EngineMaterials/Substrate/GLints/dict_16_192_64_0p5_0p02_0028_0013" 5451
"../../../Engine/Content/EngineMaterials/Substrate/GLints/dict_16_192_64_0p5_0p02_0028_0014.uasset" 5452
"/Engine/EngineMaterials/Substrate/GLints/dict_16_192_64_0p5_0p02_0028_0012" 5453
"/Engine/EngineMaterials/Substrate/GLints/dict_16_192_64_0p5_0p02_0028_0011" 5454
"../../../Engine/Content/EngineMaterials/Substrate/GLints/dict_16_192_64_0p5_0p02_0028_0008.uasset" 5455
"../../../Engine/Content/EngineMaterials/Substrate/GLints/dict_16_192_64_0p5_0p02_0028_0015.uasset" 5456
"/Engine/EngineMaterials/Substrate/GLints/dict_16_192_64_0p5_0p02_0028_0010" 5457
"/Engine/EngineMaterials/Substrate/GLints/dict_16_192_64_0p5_0p02_0028_0009" 5458
"../../../Engine/Content/EngineMaterials/Substrate/GLints/dict_16_192_64_0p5_0p02_0029_0000.uasset" 5459
"../../../Engine/Content/EngineMaterials/Substrate/GLints/dict_16_192_64_0p5_0p02_0028_0007.uasset" 5460
"../../../Engine/Content/EngineMaterials/Substrate/GLints/dict_16_192_64_0p5_0p02_0029_0001.uasset" 5461
"/Engine/EngineMaterials/Substrate/GLints/dict_16_192_64_0p5_0p02_0028_0005" 5462
"/Engine/EngineMaterials/Substrate/GLints/dict_16_192_64_0p5_0p02_0028_0004" 5463
"/Engine/EngineMaterials/Substrate/GLints/dict_16_192_64_0p5_0p02_0028_0003" 5464
"/Engine/EngineMaterials/Substrate/GLints/dict_16_192_64_0p5_0p02_0028_0002" 5465
"/Engine/EngineMaterials/Substrate/GLints/dict_16_192_64_0p5_0p02_0028_0001" 5466
"/Engine/EngineMaterials/Substrate/GLints/dict_16_192_64_0p5_0p02_0028_0000" 5467
"/Engine/EngineMaterials/Substrate/GLints/dict_16_192_64_0p5_0p02_0027_0015" 5468
"/Engine/EngineMaterials/Substrate/GLints/dict_16_192_64_0p5_0p02_0027_0014" 5469
"/Engine/EngineMaterials/Substrate/GLints/dict_16_192_64_0p5_0p02_0027_0013" 5470
"/Engine/EngineMaterials/Substrate/GLints/dict_16_192_64_0p5_0p02_0027_0012" 5471
"/Engine/EngineMaterials/Substrate/GLints/dict_16_192_64_0p5_0p02_0027_0011" 5472
"/Engine/EngineMaterials/Substrate/GLints/dict_16_192_64_0p5_0p02_0027_0010" 5473
"../../../Engine/Content/EngineMaterials/Substrate/GLints/dict_16_192_64_0p5_0p02_0029_0005.uasset" 5474
"../../../Engine/Content/EngineMaterials/Substrate/GLints/dict_16_192_64_0p5_0p02_0029_0004.uasset" 5475
"../../../Engine/Content/EngineMaterials/Substrate/GLints/dict_16_192_64_0p5_0p02_0029_0002.uasset" 5476
"/Engine/EngineMaterials/Substrate/GLints/dict_16_192_64_0p5_0p02_0027_0009" 5477
"../../../Engine/Content/EngineMaterials/Substrate/GLints/dict_16_192_64_0p5_0p02_0029_0003.uasset" 5478
"/Engine/EngineMaterials/Substrate/GLints/dict_16_192_64_0p5_0p02_0027_0008" 5479
"/Engine/EngineMaterials/Substrate/GLints/dict_16_192_64_0p5_0p02_0027_0007" 5480
"/Engine/EngineMaterials/Substrate/GLints/dict_16_192_64_0p5_0p02_0027_0006" 5481
"/Engine/EngineMaterials/Substrate/GLints/dict_16_192_64_0p5_0p02_0029_0005" 5482
"/Engine/EngineMaterials/Substrate/GLints/dict_16_192_64_0p5_0p02_0029_0004" 5483
"/Engine/EngineMaterials/Substrate/GLints/dict_16_192_64_0p5_0p02_0029_0003" 5484
"/Engine/EngineMaterials/Substrate/GLints/dict_16_192_64_0p5_0p02_0029_0002" 5485
"/Engine/EngineMaterials/Substrate/GLints/dict_16_192_64_0p5_0p02_0029_0001" 5486
"/Engine/EngineMaterials/Substrate/GLints/dict_16_192_64_0p5_0p02_0029_0000" 5487
"/Engine/EngineMaterials/Substrate/GLints/dict_16_192_64_0p5_0p02_0028_0015" 5488
"/Engine/EngineMaterials/Substrate/GLints/dict_16_192_64_0p5_0p02_0028_0014" 5489
"/Engine/EngineMaterials/Substrate/GLints/dict_16_192_64_0p5_0p02_0028_0008" 5490
"/Engine/EngineMaterials/Substrate/GLints/dict_16_192_64_0p5_0p02_0028_0007" 5491
"/Engine/EngineMaterials/Substrate/GLints/dict_16_192_64_0p5_0p02_0028_0006" 5492
"../../../Engine/Content/EngineMaterials/Substrate/GLints/dict_16_192_64_0p5_0p02_0029_0009.uasset" 5493
"../../../Engine/Content/EngineMaterials/Substrate/GLints/dict_16_192_64_0p5_0p02_0029_0014.uasset" 5494
"../../../Engine/Content/EngineMaterials/Substrate/GLints/dict_16_192_64_0p5_0p02_0030_0000.uasset" 5495
"../../../Engine/Content/EngineMaterials/Substrate/GLints/dict_16_192_64_0p5_0p02_0029_0012.uasset" 5496
"../../../Engine/Content/EngineMaterials/Substrate/GLints/dict_16_192_64_0p5_0p02_0029_0013.uasset" 5497
"../../../Engine/Content/EngineMaterials/Substrate/GLints/dict_16_192_64_0p5_0p02_0029_0010.uasset" 5498
"../../../Engine/Content/EngineMaterials/Substrate/GLints/dict_16_192_64_0p5_0p02_0029_0007.uasset" 5499
"../../../Engine/Content/EngineMaterials/Substrate/GLints/dict_16_192_64_0p5_0p02_0029_0011.uasset" 5500
"../../../Engine/Content/EngineMaterials/Substrate/GLints/dict_16_192_64_0p5_0p02_0029_0015.uasset" 5501
"../../../Engine/Content/EngineMaterials/Substrate/GLints/dict_16_192_64_0p5_0p02_0029_0008.uasset" 5502
"../../../Engine/Content/EngineMaterials/Substrate/GLints/dict_16_192_64_0p5_0p02_0029_0006.uasset" 5503
"/Engine/EngineMaterials/Substrate/GLints/dict_16_192_64_0p5_0p02_0030_0000" 5504
"/Engine/EngineMaterials/Substrate/GLints/dict_16_192_64_0p5_0p02_0029_0015" 5505
"/Engine/EngineMaterials/Substrate/GLints/dict_16_192_64_0p5_0p02_0029_0014" 5506
"/Engine/EngineMaterials/Substrate/GLints/dict_16_192_64_0p5_0p02_0029_0013" 5507
"../../../Engine/Content/EngineMaterials/Substrate/GLints/dict_16_192_64_0p5_0p02_0030_0002.uasset" 5508
"/Engine/EngineMaterials/Substrate/GLints/dict_16_192_64_0p5_0p02_0029_0012" 5509
"../../../Engine/Content/EngineMaterials/Substrate/GLints/dict_16_192_64_0p5_0p02_0030_0006.uasset" 5510
"../../../Engine/Content/EngineMaterials/Substrate/GLints/dict_16_192_64_0p5_0p02_0030_0005.uasset" 5511
"../../../Engine/Content/EngineMaterials/Substrate/GLints/dict_16_192_64_0p5_0p02_0030_0008.uasset" 5512
"../../../Engine/Content/EngineMaterials/Substrate/GLints/dict_16_192_64_0p5_0p02_0030_0007.uasset" 5513
"../../../Engine/Content/EngineMaterials/Substrate/GLints/dict_16_192_64_0p5_0p02_0030_0004.uasset" 5514
"../../../Engine/Content/EngineMaterials/Substrate/GLints/dict_16_192_64_0p5_0p02_0030_0001.uasset" 5515
"/Engine/EngineMaterials/Substrate/GLints/dict_16_192_64_0p5_0p02_0029_0011" 5516
"../../../Engine/Content/EngineMaterials/Substrate/GLints/dict_16_192_64_0p5_0p02_0030_0009.uasset" 5517
"../../../Engine/Content/EngineMaterials/Substrate/GLints/dict_16_192_64_0p5_0p02_0030_0003.uasset" 5518
"/Engine/EngineMaterials/Substrate/GLints/dict_16_192_64_0p5_0p02_0029_0010" 5519
"/Engine/EngineMaterials/Substrate/GLints/dict_16_192_64_0p5_0p02_0029_0009" 5520
"/Engine/EngineMaterials/Substrate/GLints/dict_16_192_64_0p5_0p02_0029_0008" 5521
"../../../Engine/Content/EngineMaterials/Substrate/GLints/dict_16_192_64_0p5_0p02_0030_0010.uasset" 5522
"/Engine/EngineMaterials/Substrate/GLints/dict_16_192_64_0p5_0p02_0029_0007" 5523
"/Engine/EngineMaterials/Substrate/GLints/dict_16_192_64_0p5_0p02_0029_0006" 5524
"/Engine/EngineMaterials/Substrate/GLints/dict_16_192_64_0p5_0p02_0030_0010" 5525
"/Engine/EngineMaterials/Substrate/GLints/dict_16_192_64_0p5_0p02_0030_0009" 5526
"/Engine/EngineMaterials/Substrate/GLints/dict_16_192_64_0p5_0p02_0030_0008" 5527
"/Engine/EngineMaterials/Substrate/GLints/dict_16_192_64_0p5_0p02_0030_0007" 5528
"../../../Engine/Content/EngineMaterials/Substrate/GLints/dict_16_192_64_0p5_0p02_0030_0011.uasset" 5529
"/Engine/EngineMaterials/Substrate/GLints/dict_16_192_64_0p5_0p02_0030_0006" 5530
"/Engine/EngineMaterials/Substrate/GLints/dict_16_192_64_0p5_0p02_0030_0005" 5531
"/Engine/EngineMaterials/Substrate/GLints/dict_16_192_64_0p5_0p02_0030_0004" 5532
"/Engine/EngineMaterials/Substrate/GLints/dict_16_192_64_0p5_0p02_0030_0003" 5533
"/Engine/EngineMaterials/Substrate/GLints/dict_16_192_64_0p5_0p02_0030_0002" 5534
"/Engine/EngineMaterials/Substrate/GLints/dict_16_192_64_0p5_0p02_0030_0001" 5535
"/Engine/EngineMaterials/Substrate/GLints/dict_16_192_64_0p5_0p02_0030_0011" 5536
"../../../Engine/Content/EngineMaterials/Substrate/GLints/dict_16_192_64_0p5_0p02_0031_0002.uasset" 5537
"../../../Engine/Content/EngineMaterials/Substrate/GLints/dict_16_192_64_0p5_0p02_0030_0012.uasset" 5538
"../../../Engine/Content/EngineMaterials/Substrate/GLints/dict_16_192_64_0p5_0p02_0030_0015.uasset" 5539
"../../../Engine/Content/EngineMaterials/Substrate/GLints/dict_16_192_64_0p5_0p02_0031_0004.uasset" 5540
"../../../Engine/Content/EngineMaterials/Substrate/GLints/dict_16_192_64_0p5_0p02_0031_0001.uasset" 5541
"../../../Engine/Content/EngineMaterials/Substrate/GLints/dict_16_192_64_0p5_0p02_0030_0013.uasset" 5542
"../../../Engine/Content/EngineMaterials/Substrate/GLints/dict_16_192_64_0p5_0p02_0031_0000.uasset" 5543
"../../../Engine/Content/EngineMaterials/Substrate/GLints/dict_16_192_64_0p5_0p02_0030_0014.uasset" 5544
"../../../Engine/Content/EngineMaterials/Substrate/GLints/dict_16_192_64_0p5_0p02_0031_0003.uasset" 5545
"../../../Engine/Content/EngineMaterials/Substrate/GLints/dict_16_192_64_0p5_0p02_0031_0006.uasset" 5546
"../../../Engine/Content/EngineMaterials/Substrate/GLints/dict_16_192_64_0p5_0p02_0031_0005.uasset" 5547
"../../../Engine/Content/EngineMaterials/Substrate/GLints/dict_16_192_64_0p5_0p02_0031_0013.uasset" 5548
"/Engine/EngineMaterials/Substrate/GLints/dict_16_192_64_0p5_0p02_0031_0005" 5549
"../../../Engine/Content/EngineMaterials/Substrate/GLints/dict_16_192_64_0p5_0p02_0031_0010.uasset" 5550
"/Engine/EngineMaterials/Substrate/GLints/dict_16_192_64_0p5_0p02_0031_0004" 5551
"../../../Engine/Content/EngineMaterials/Substrate/GLints/dict_16_192_64_0p5_0p02_0031_0007.uasset" 5552
"../../../Engine/Content/EngineMaterials/Substrate/GLints/dict_16_192_64_0p5_0p02_0031_0015.uasset" 5553
"/Engine/EngineMaterials/Substrate/GLints/dict_16_192_64_0p5_0p02_0031_0003" 5554
"../../../Engine/Content/EngineMaterials/Substrate/GLints/dict_16_192_64_0p5_0p02_0031_0011.uasset" 5555
"../../../Engine/Content/EngineMaterials/Substrate/GLints/dict_16_192_64_0p5_0p02_0031_0008.uasset" 5556
"../../../Engine/Content/EngineMaterials/Substrate/GLints/dict_16_192_64_0p5_0p02_0031_0012.uasset" 5557
"../../../Engine/Content/EngineMaterials/Substrate/GLints/dict_16_192_64_0p5_0p02_0031_0009.uasset" 5558
"../../../Engine/Content/EngineMaterials/Substrate/GLints/dict_16_192_64_0p5_0p02_0031_0014.uasset" 5559
"/Engine/EngineMaterials/Substrate/GLints/dict_16_192_64_0p5_0p02_0031_0002" 5560
"../../../Engine/Content/EngineMaterials/Substrate/GLints/dict_16_192_64_0p5_0p02_0032_0002.uasset" 5561
"../../../Engine/Content/EngineMaterials/Substrate/GLints/dict_16_192_64_0p5_0p02_0032_0000.uasset" 5562
"/Engine/EngineMaterials/Substrate/GLints/dict_16_192_64_0p5_0p02_0031_0001" 5563
"/Engine/EngineMaterials/Substrate/GLints/dict_16_192_64_0p5_0p02_0031_0000" 5564
"/Engine/EngineMaterials/Substrate/GLints/dict_16_192_64_0p5_0p02_0030_0015" 5565
"/Engine/EngineMaterials/Substrate/GLints/dict_16_192_64_0p5_0p02_0030_0014" 5566
"../../../Engine/Content/EngineMaterials/Substrate/GLints/dict_16_192_64_0p5_0p02_0032_0001.uasset" 5567
"/Engine/EngineMaterials/Substrate/GLints/dict_16_192_64_0p5_0p02_0030_0013" 5568
"/Engine/EngineMaterials/Substrate/GLints/dict_16_192_64_0p5_0p02_0030_0012" 5569
"/Engine/EngineMaterials/Substrate/GLints/dict_16_192_64_0p5_0p02_0031_0013" 5570
"/Engine/EngineMaterials/Substrate/GLints/dict_16_192_64_0p5_0p02_0031_0006" 5571
"/Engine/EngineMaterials/Substrate/GLints/dict_16_192_64_0p5_0p02_0032_0002" 5572
"/Engine/EngineMaterials/Substrate/GLints/dict_16_192_64_0p5_0p02_0032_0001" 5573
"/Engine/EngineMaterials/Substrate/GLints/dict_16_192_64_0p5_0p02_0032_0000" 5574
"/Engine/EngineMaterials/Substrate/GLints/dict_16_192_64_0p5_0p02_0031_0015" 5575
"/Engine/EngineMaterials/Substrate/GLints/dict_16_192_64_0p5_0p02_0031_0014" 5576
"/Engine/EngineMaterials/Substrate/GLints/dict_16_192_64_0p5_0p02_0031_0012" 5577
"/Engine/EngineMaterials/Substrate/GLints/dict_16_192_64_0p5_0p02_0031_0011" 5578
"../../../Engine/Content/EngineMaterials/Substrate/GLints/dict_16_192_64_0p5_0p02_0032_0007.uasset" 5579
"../../../Engine/Content/EngineMaterials/Substrate/GLints/dict_16_192_64_0p5_0p02_0032_0008.uasset" 5580
"../../../Engine/Content/EngineMaterials/Substrate/GLints/dict_16_192_64_0p5_0p02_0032_0006.uasset" 5581
"../../../Engine/Content/EngineMaterials/Substrate/GLints/dict_16_192_64_0p5_0p02_0032_0003.uasset" 5582
"../../../Engine/Content/EngineMaterials/Substrate/GLints/dict_16_192_64_0p5_0p02_0032_0005.uasset" 5583
"../../../Engine/Content/EngineMaterials/Substrate/GLints/dict_16_192_64_0p5_0p02_0032_0004.uasset" 5584
"/Engine/EngineMaterials/Substrate/GLints/dict_16_192_64_0p5_0p02_0031_0010" 5585
"/Engine/EngineMaterials/Substrate/GLints/dict_16_192_64_0p5_0p02_0031_0009" 5586
"/Engine/EngineMaterials/Substrate/GLints/dict_16_192_64_0p5_0p02_0031_0008" 5587
"/Engine/EngineMaterials/Substrate/GLints/dict_16_192_64_0p5_0p02_0031_0007" 5588
"../../../Engine/Content/EngineMaterials/Substrate/GLints/dict_16_192_64_0p5_0p02_0032_0009.uasset" 5589
"/Engine/EngineMaterials/Substrate/GLints/dict_16_192_64_0p5_0p02_0032_0008" 5590
"../../../Engine/Content/EngineMaterials/Substrate/GLints/dict_16_192_64_0p5_0p02_0032_0010.uasset" 5591
"/Engine/EngineMaterials/Substrate/GLints/dict_16_192_64_0p5_0p02_0032_0007" 5592
"/Engine/EngineMaterials/Substrate/GLints/dict_16_192_64_0p5_0p02_0032_0006" 5593
"../../../Engine/Content/EngineMaterials/Substrate/GLints/dict_16_192_64_0p5_0p02_0032_0011.uasset" 5594
"/Engine/EngineMaterials/Substrate/GLints/dict_16_192_64_0p5_0p02_0032_0005" 5595
"/Engine/EngineMaterials/Substrate/GLints/dict_16_192_64_0p5_0p02_0032_0004" 5596
"/Engine/EngineMaterials/Substrate/GLints/dict_16_192_64_0p5_0p02_0032_0003" 5597
"/Engine/EngineMaterials/Substrate/GLints/dict_16_192_64_0p5_0p02_0032_0010" 5598
"/Engine/EngineMaterials/Substrate/GLints/dict_16_192_64_0p5_0p02_0032_0009" 5599
"/Engine/EngineMaterials/Substrate/GLints/dict_16_192_64_0p5_0p02_0032_0011" 5600
"../../../Engine/Content/EngineMaterials/Substrate/GLints/dict_16_192_64_0p5_0p02_0032_0015.uasset" 5601
"../../../Engine/Content/EngineMaterials/Substrate/GLints/dict_16_192_64_0p5_0p02_0032_0013.uasset" 5602
"../../../Engine/Content/EngineMaterials/Substrate/GLints/dict_16_192_64_0p5_0p02_0032_0012.uasset" 5603
"../../../Engine/Content/EngineMaterials/Substrate/GLints/dict_16_192_64_0p5_0p02_0033_0000.uasset" 5604
"../../../Engine/Content/EngineMaterials/Substrate/GLints/dict_16_192_64_0p5_0p02_0032_0014.uasset" 5605
"../../../Engine/Content/EngineMaterials/Substrate/GLints/dict_16_192_64_0p5_0p02_0033_0001.uasset" 5606
"../../../Engine/Content/EngineMaterials/Substrate/GLints/dict_16_192_64_0p5_0p02_0033_0005.uasset" 5607
"../../../Engine/Content/EngineMaterials/Substrate/GLints/dict_16_192_64_0p5_0p02_0033_0006.uasset" 5608
"../../../Engine/Content/EngineMaterials/Substrate/GLints/dict_16_192_64_0p5_0p02_0033_0003.uasset" 5609
"../../../Engine/Content/EngineMaterials/Substrate/GLints/dict_16_192_64_0p5_0p02_0033_0002.uasset" 5610
"../../../Engine/Content/EngineMaterials/Substrate/GLints/dict_16_192_64_0p5_0p02_0033_0004.uasset" 5611
"../../../Engine/Content/EngineMaterials/Substrate/GLints/dict_16_192_64_0p5_0p02_0033_0008.uasset" 5612
"../../../Engine/Content/EngineMaterials/Substrate/GLints/dict_16_192_64_0p5_0p02_0033_0009.uasset" 5613
"../../../Engine/Content/EngineMaterials/Substrate/GLints/dict_16_192_64_0p5_0p02_0033_0007.uasset" 5614
"../../../Engine/Content/EngineMaterials/Substrate/GLints/dict_16_192_64_0p5_0p02_0033_0015.uasset" 5615
"../../../Engine/Content/EngineMaterials/Substrate/GLints/dict_16_192_64_0p5_0p02_0033_0011.uasset" 5616
"../../../Engine/Content/EngineMaterials/Substrate/GLints/dict_16_192_64_0p5_0p02_0033_0012.uasset" 5617
"../../../Engine/Content/EngineMaterials/Substrate/GLints/dict_16_192_64_0p5_0p02_0033_0010.uasset" 5618
"../../../Engine/Content/EngineMaterials/Substrate/GLints/dict_16_192_64_0p5_0p02_0033_0014.uasset" 5619
"../../../Engine/Content/EngineMaterials/Substrate/GLints/dict_16_192_64_0p5_0p02_0033_0013.uasset" 5620
"../../../Engine/Content/EngineMaterials/Substrate/GLints/dict_16_192_64_0p5_0p02_0034_0000.uasset" 5621
"../../../Engine/Content/EngineMaterials/Substrate/GLints/dict_16_192_64_0p5_0p02_0034_0004.uasset" 5622
"../../../Engine/Content/EngineMaterials/Substrate/GLints/dict_16_192_64_0p5_0p02_0034_0002.uasset" 5623
"../../../Engine/Content/EngineMaterials/Substrate/GLints/dict_16_192_64_0p5_0p02_0034_0005.uasset" 5624
"../../../Engine/Content/EngineMaterials/Substrate/GLints/dict_16_192_64_0p5_0p02_0034_0003.uasset" 5625
"../../../Engine/Content/EngineMaterials/Substrate/GLints/dict_16_192_64_0p5_0p02_0034_0011.uasset" 5626
"../../../Engine/Content/EngineMaterials/Substrate/GLints/dict_16_192_64_0p5_0p02_0034_0006.uasset" 5627
"../../../Engine/Content/EngineMaterials/Substrate/GLints/dict_16_192_64_0p5_0p02_0034_0010.uasset" 5628
"../../../Engine/Content/EngineMaterials/Substrate/GLints/dict_16_192_64_0p5_0p02_0034_0001.uasset" 5629
"../../../Engine/Content/EngineMaterials/Substrate/GLints/dict_16_192_64_0p5_0p02_0034_0007.uasset" 5630
"../../../Engine/Content/EngineMaterials/Substrate/GLints/dict_16_192_64_0p5_0p02_0034_0009.uasset" 5631
"../../../Engine/Content/EngineMaterials/Substrate/GLints/dict_16_192_64_0p5_0p02_0034_0008.uasset" 5632
"/Engine/EngineMaterials/Substrate/GLints/dict_16_192_64_0p5_0p02_0033_0007" 5633
"/Engine/EngineMaterials/Substrate/GLints/dict_16_192_64_0p5_0p02_0033_0006" 5634
"/Engine/EngineMaterials/Substrate/GLints/dict_16_192_64_0p5_0p02_0033_0005" 5635
"/Engine/EngineMaterials/Substrate/GLints/dict_16_192_64_0p5_0p02_0033_0004" 5636
"/Engine/EngineMaterials/Substrate/GLints/dict_16_192_64_0p5_0p02_0033_0003" 5637
"/Engine/EngineMaterials/Substrate/GLints/dict_16_192_64_0p5_0p02_0033_0002" 5638
"/Engine/EngineMaterials/Substrate/GLints/dict_16_192_64_0p5_0p02_0033_0001" 5639
"/Engine/EngineMaterials/Substrate/GLints/dict_16_192_64_0p5_0p02_0033_0000" 5640
"/Engine/EngineMaterials/Substrate/GLints/dict_16_192_64_0p5_0p02_0034_0011" 5641
"/Engine/EngineMaterials/Substrate/GLints/dict_16_192_64_0p5_0p02_0034_0010" 5642
"/Engine/EngineMaterials/Substrate/GLints/dict_16_192_64_0p5_0p02_0034_0008" 5643
"/Engine/EngineMaterials/Substrate/GLints/dict_16_192_64_0p5_0p02_0034_0007" 5644
"/Engine/EngineMaterials/Substrate/GLints/dict_16_192_64_0p5_0p02_0034_0006" 5645
"/Engine/EngineMaterials/Substrate/GLints/dict_16_192_64_0p5_0p02_0032_0015" 5646
"/Engine/EngineMaterials/Substrate/GLints/dict_16_192_64_0p5_0p02_0032_0014" 5647
"/Engine/EngineMaterials/Substrate/GLints/dict_16_192_64_0p5_0p02_0034_0009" 5648
"/Engine/EngineMaterials/Substrate/GLints/dict_16_192_64_0p5_0p02_0034_0005" 5649
"/Engine/EngineMaterials/Substrate/GLints/dict_16_192_64_0p5_0p02_0034_0004" 5650
"/Engine/EngineMaterials/Substrate/GLints/dict_16_192_64_0p5_0p02_0034_0003" 5651
"/Engine/EngineMaterials/Substrate/GLints/dict_16_192_64_0p5_0p02_0034_0002" 5652
"/Engine/EngineMaterials/Substrate/GLints/dict_16_192_64_0p5_0p02_0034_0001" 5653
"/Engine/EngineMaterials/Substrate/GLints/dict_16_192_64_0p5_0p02_0034_0000" 5654
"/Engine/EngineMaterials/Substrate/GLints/dict_16_192_64_0p5_0p02_0033_0015" 5655
"/Engine/EngineMaterials/Substrate/GLints/dict_16_192_64_0p5_0p02_0033_0014" 5656
"/Engine/EngineMaterials/Substrate/GLints/dict_16_192_64_0p5_0p02_0032_0013" 5657
"/Engine/EngineMaterials/Substrate/GLints/dict_16_192_64_0p5_0p02_0033_0013" 5658
"/Engine/EngineMaterials/Substrate/GLints/dict_16_192_64_0p5_0p02_0033_0012" 5659
"/Engine/EngineMaterials/Substrate/GLints/dict_16_192_64_0p5_0p02_0033_0011" 5660
"/Engine/EngineMaterials/Substrate/GLints/dict_16_192_64_0p5_0p02_0033_0010" 5661
"/Engine/EngineMaterials/Substrate/GLints/dict_16_192_64_0p5_0p02_0033_0009" 5662
"/Engine/EngineMaterials/Substrate/GLints/dict_16_192_64_0p5_0p02_0033_0008" 5663
"/Engine/EngineMaterials/Substrate/GLints/dict_16_192_64_0p5_0p02_0032_0012" 5664
"../../../Engine/Content/EngineMaterials/Substrate/GLints/dict_16_192_64_0p5_0p02_0034_0013.uasset" 5665
"../../../Engine/Content/EngineMaterials/Substrate/GLints/dict_16_192_64_0p5_0p02_0034_0014.uasset" 5666
"/Engine/EngineMaterials/Substrate/GLints/dict_16_192_64_0p5_0p02_0034_0014" 5667
"../../../Engine/Content/EngineMaterials/Substrate/GLints/dict_16_192_64_0p5_0p02_0034_0012.uasset" 5668
"/Engine/EngineMaterials/Substrate/GLints/dict_16_192_64_0p5_0p02_0034_0013" 5669
"/Engine/EngineMaterials/Substrate/GLints/dict_16_192_64_0p5_0p02_0034_0012" 5670
"../../../Engine/Content/EngineMaterials/Substrate/GLints/dict_16_192_64_0p5_0p02_0034_0015.uasset" 5671
"../../../Engine/Content/EngineMaterials/Substrate/GLints/dict_16_192_64_0p5_0p02_0035_0001.uasset" 5672
"../../../Engine/Content/EngineMaterials/Substrate/GLints/dict_16_192_64_0p5_0p02_0035_0000.uasset" 5673
"../../../Engine/Content/EngineMaterials/Substrate/GLints/dict_16_192_64_0p5_0p02_0035_0003.uasset" 5674
"/Engine/EngineMaterials/Substrate/GLints/dict_16_192_64_0p5_0p02_0035_0003" 5675
"../../../Engine/Content/EngineMaterials/Substrate/GLints/dict_16_192_64_0p5_0p02_0035_0004.uasset" 5676
"../../../Engine/Content/EngineMaterials/Substrate/GLints/dict_16_192_64_0p5_0p02_0035_0005.uasset" 5677
"../../../Engine/Content/EngineMaterials/Substrate/GLints/dict_16_192_64_0p5_0p02_0035_0002.uasset" 5678
"/Engine/EngineMaterials/Substrate/GLints/dict_16_192_64_0p5_0p02_0035_0001" 5679
"/Engine/EngineMaterials/Substrate/GLints/dict_16_192_64_0p5_0p02_0035_0000" 5680
"/Engine/EngineMaterials/Substrate/GLints/dict_16_192_64_0p5_0p02_0034_0015" 5681
"/Engine/EngineMaterials/Substrate/GLints/dict_16_192_64_0p5_0p02_0035_0005" 5682
"/Engine/EngineMaterials/Substrate/GLints/dict_16_192_64_0p5_0p02_0035_0004" 5683
"/Engine/EngineMaterials/Substrate/GLints/dict_16_192_64_0p5_0p02_0035_0002" 5684
"../../../Engine/Content/EngineMaterials/Substrate/GLints/dict_16_192_64_0p5_0p02_0035_0007.uasset" 5685
"../../../Engine/Content/EngineMaterials/Substrate/GLints/dict_16_192_64_0p5_0p02_0035_0006.uasset" 5686
"../../../Engine/Content/EngineMaterials/Substrate/GLints/dict_16_192_64_0p5_0p02_0035_0011.uasset" 5687
"../../../Engine/Content/EngineMaterials/Substrate/GLints/dict_16_192_64_0p5_0p02_0035_0009.uasset" 5688
"../../../Engine/Content/EngineMaterials/Substrate/GLints/dict_16_192_64_0p5_0p02_0035_0008.uasset" 5689
"../../../Engine/Content/EngineMaterials/Substrate/GLints/dict_16_192_64_0p5_0p02_0035_0012.uasset" 5690
"../../../Engine/Content/EngineMaterials/Substrate/GLints/dict_16_192_64_0p5_0p02_0035_0010.uasset" 5691
"../../../Engine/Content/EngineMaterials/Substrate/GLints/dict_16_192_64_0p5_0p02_0035_0015.uasset" 5692
"../../../Engine/Content/EngineMaterials/Substrate/GLints/dict_16_192_64_0p5_0p02_0035_0014.uasset" 5693
"../../../Engine/Content/EngineMaterials/Substrate/GLints/dict_16_192_64_0p5_0p02_0035_0013.uasset" 5694
"../../../Engine/Content/EngineMaterials/Substrate/GLints/dict_16_192_64_0p5_0p02_0036_0000.uasset" 5695
"/Engine/EngineMaterials/Substrate/GLints/dict_16_192_64_0p5_0p02_0036_0000" 5696
"/Engine/EngineMaterials/Substrate/GLints/dict_16_192_64_0p5_0p02_0035_0015" 5697
"/Engine/EngineMaterials/Substrate/GLints/dict_16_192_64_0p5_0p02_0035_0014" 5698
"/Engine/EngineMaterials/Substrate/GLints/dict_16_192_64_0p5_0p02_0035_0013" 5699
"/Engine/EngineMaterials/Substrate/GLints/dict_16_192_64_0p5_0p02_0035_0012" 5700
"/Engine/EngineMaterials/Substrate/GLints/dict_16_192_64_0p5_0p02_0035_0011" 5701
"../../../Engine/Content/EngineMaterials/Substrate/GLints/dict_16_192_64_0p5_0p02_0036_0002.uasset" 5702
"/Engine/EngineMaterials/Substrate/GLints/dict_16_192_64_0p5_0p02_0035_0010" 5703
"/Engine/EngineMaterials/Substrate/GLints/dict_16_192_64_0p5_0p02_0035_0009" 5704
"/Engine/EngineMaterials/Substrate/GLints/dict_16_192_64_0p5_0p02_0035_0008" 5705
"/Engine/EngineMaterials/Substrate/GLints/dict_16_192_64_0p5_0p02_0035_0007" 5706
"/Engine/EngineMaterials/Substrate/GLints/dict_16_192_64_0p5_0p02_0035_0006" 5707
"/Engine/EngineMaterials/Substrate/GLints/dict_16_192_64_0p5_0p02_0036_0002" 5708
"../../../Engine/Content/EngineMaterials/Substrate/GLints/dict_16_192_64_0p5_0p02_0036_0004.uasset" 5709
"../../../Engine/Content/EngineMaterials/Substrate/GLints/dict_16_192_64_0p5_0p02_0036_0005.uasset" 5710
"../../../Engine/Content/EngineMaterials/Substrate/GLints/dict_16_192_64_0p5_0p02_0036_0008.uasset" 5711
"/Engine/EngineMaterials/Substrate/GLints/dict_16_192_64_0p5_0p02_0036_0005" 5712
"../../../Engine/Content/EngineMaterials/Substrate/GLints/dict_16_192_64_0p5_0p02_0036_0003.uasset" 5713
"../../../Engine/Content/EngineMaterials/Substrate/GLints/dict_16_192_64_0p5_0p02_0036_0009.uasset" 5714
"../../../Engine/Content/EngineMaterials/Substrate/GLints/dict_16_192_64_0p5_0p02_0036_0007.uasset" 5715
"../../../Engine/Content/EngineMaterials/Substrate/GLints/dict_16_192_64_0p5_0p02_0036_0001.uasset" 5716
"/Engine/EngineMaterials/Substrate/GLints/dict_16_192_64_0p5_0p02_0036_0004" 5717
"../../../Engine/Content/EngineMaterials/Substrate/GLints/dict_16_192_64_0p5_0p02_0036_0010.uasset" 5718
"../../../Engine/Content/EngineMaterials/Substrate/GLints/dict_16_192_64_0p5_0p02_0036_0006.uasset" 5719
"/Engine/EngineMaterials/Substrate/GLints/dict_16_192_64_0p5_0p02_0036_0010" 5720
"/Engine/EngineMaterials/Substrate/GLints/dict_16_192_64_0p5_0p02_0036_0009" 5721
"/Engine/EngineMaterials/Substrate/GLints/dict_16_192_64_0p5_0p02_0036_0008" 5722
"/Engine/EngineMaterials/Substrate/GLints/dict_16_192_64_0p5_0p02_0036_0007" 5723
"/Engine/EngineMaterials/Substrate/GLints/dict_16_192_64_0p5_0p02_0036_0003" 5724
"/Engine/EngineMaterials/Substrate/GLints/dict_16_192_64_0p5_0p02_0036_0001" 5725
"/Engine/EngineMaterials/Substrate/GLints/dict_16_192_64_0p5_0p02_0036_0006" 5726
"../../../Engine/Content/EngineMaterials/Substrate/GLints/dict_16_192_64_0p5_0p02_0036_0013.uasset" 5727
"../../../Engine/Content/EngineMaterials/Substrate/GLints/dict_16_192_64_0p5_0p02_0036_0012.uasset" 5728
"../../../Engine/Content/EngineMaterials/Substrate/GLints/dict_16_192_64_0p5_0p02_0036_0011.uasset" 5729
"../../../Engine/Content/EngineMaterials/Substrate/GLints/dict_16_192_64_0p5_0p02_0036_0014.uasset" 5730
"../../../Engine/Content/EngineMaterials/Substrate/GLints/dict_16_192_64_0p5_0p02_0037_0001.uasset" 5731
"../../../Engine/Content/EngineMaterials/Substrate/GLints/dict_16_192_64_0p5_0p02_0037_0000.uasset" 5732
"../../../Engine/Content/EngineMaterials/Substrate/GLints/dict_16_192_64_0p5_0p02_0037_0004.uasset" 5733
"../../../Engine/Content/EngineMaterials/Substrate/GLints/dict_16_192_64_0p5_0p02_0037_0003.uasset" 5734
"../../../Engine/Content/EngineMaterials/Substrate/GLints/dict_16_192_64_0p5_0p02_0036_0015.uasset" 5735
"../../../Engine/Content/EngineMaterials/Substrate/GLints/dict_16_192_64_0p5_0p02_0037_0002.uasset" 5736
"/Engine/EngineMaterials/Substrate/GLints/dict_16_192_64_0p5_0p02_0036_0011" 5737
"/Engine/EngineMaterials/Substrate/GLints/dict_16_192_64_0p5_0p02_0037_0004" 5738
"../../../Engine/Content/EngineMaterials/Substrate/GLints/dict_16_192_64_0p5_0p02_0037_0008.uasset" 5739
"../../../Engine/Content/EngineMaterials/Substrate/GLints/dict_16_192_64_0p5_0p02_0037_0010.uasset" 5740
"../../../Engine/Content/EngineMaterials/Substrate/GLints/dict_16_192_64_0p5_0p02_0037_0006.uasset" 5741
"../../../Engine/Content/EngineMaterials/Substrate/GLints/dict_16_192_64_0p5_0p02_0037_0009.uasset" 5742
"/Engine/EngineMaterials/Substrate/GLints/dict_16_192_64_0p5_0p02_0037_0002" 5743
"../../../Engine/Content/EngineMaterials/Substrate/GLints/dict_16_192_64_0p5_0p02_0037_0011.uasset" 5744
"/Engine/EngineMaterials/Substrate/GLints/dict_16_192_64_0p5_0p02_0037_0003" 5745
"/Engine/EngineMaterials/Substrate/GLints/dict_16_192_64_0p5_0p02_0037_0001" 5746
"../../../Engine/Content/EngineMaterials/Substrate/GLints/dict_16_192_64_0p5_0p02_0037_0013.uasset" 5747
"../../../Engine/Content/EngineMaterials/Substrate/GLints/dict_16_192_64_0p5_0p02_0037_0005.uasset" 5748
"../../../Engine/Content/EngineMaterials/Substrate/GLints/dict_16_192_64_0p5_0p02_0037_0014.uasset" 5749
"/Engine/EngineMaterials/Substrate/GLints/dict_16_192_64_0p5_0p02_0037_0000" 5750
"../../../Engine/Content/EngineMaterials/Substrate/GLints/dict_16_192_64_0p5_0p02_0037_0012.uasset" 5751
"/Engine/EngineMaterials/Substrate/GLints/dict_16_192_64_0p5_0p02_0036_0015" 5752
"/Engine/EngineMaterials/Substrate/GLints/dict_16_192_64_0p5_0p02_0036_0013" 5753
"/Engine/EngineMaterials/Substrate/GLints/dict_16_192_64_0p5_0p02_0036_0012" 5754
"/Engine/EngineMaterials/Substrate/GLints/dict_16_192_64_0p5_0p02_0036_0014" 5755
"/Engine/EngineMaterials/Substrate/GLints/dict_16_192_64_0p5_0p02_0037_0014" 5756
"../../../Engine/Content/EngineMaterials/Substrate/GLints/dict_16_192_64_0p5_0p02_0037_0007.uasset" 5757
"/Engine/EngineMaterials/Substrate/GLints/dict_16_192_64_0p5_0p02_0037_0013" 5758
"/Engine/EngineMaterials/Substrate/GLints/dict_16_192_64_0p5_0p02_0037_0012" 5759
"/Engine/EngineMaterials/Substrate/GLints/dict_16_192_64_0p5_0p02_0037_0011" 5760
"/Engine/EngineMaterials/Substrate/GLints/dict_16_192_64_0p5_0p02_0037_0010" 5761
"/Engine/EngineMaterials/Substrate/GLints/dict_16_192_64_0p5_0p02_0037_0009" 5762
"/Engine/EngineMaterials/Substrate/GLints/dict_16_192_64_0p5_0p02_0037_0008" 5763
"/Engine/EngineMaterials/Substrate/GLints/dict_16_192_64_0p5_0p02_0037_0006" 5764
"/Engine/EngineMaterials/Substrate/GLints/dict_16_192_64_0p5_0p02_0037_0005" 5765
"/Engine/EngineMaterials/Substrate/GLints/dict_16_192_64_0p5_0p02_0037_0007" 5766
"../../../Engine/Content/EngineMaterials/Substrate/GLints/dict_16_192_64_0p5_0p02_0038_0000.uasset" 5767
"../../../Engine/Content/EngineMaterials/Substrate/GLints/dict_16_192_64_0p5_0p02_0038_0005.uasset" 5768
"../../../Engine/Content/EngineMaterials/Substrate/GLints/dict_16_192_64_0p5_0p02_0038_0003.uasset" 5769
"../../../Engine/Content/EngineMaterials/Substrate/GLints/dict_16_192_64_0p5_0p02_0037_0015.uasset" 5770
"../../../Engine/Content/EngineMaterials/Substrate/GLints/dict_16_192_64_0p5_0p02_0038_0001.uasset" 5771
"../../../Engine/Content/EngineMaterials/Substrate/GLints/dict_16_192_64_0p5_0p02_0038_0009.uasset" 5772
"../../../Engine/Content/EngineMaterials/Substrate/GLints/dict_16_192_64_0p5_0p02_0038_0008.uasset" 5773
"../../../Engine/Content/EngineMaterials/Substrate/GLints/dict_16_192_64_0p5_0p02_0038_0006.uasset" 5774
"../../../Engine/Content/EngineMaterials/Substrate/GLints/dict_16_192_64_0p5_0p02_0038_0004.uasset" 5775
"../../../Engine/Content/EngineMaterials/Substrate/GLints/dict_16_192_64_0p5_0p02_0038_0007.uasset" 5776
"../../../Engine/Content/EngineMaterials/Substrate/GLints/dict_16_192_64_0p5_0p02_0038_0011.uasset" 5777
"../../../Engine/Content/EngineMaterials/Substrate/GLints/dict_16_192_64_0p5_0p02_0038_0010.uasset" 5778
"../../../Engine/Content/EngineMaterials/Substrate/GLints/dict_16_192_64_0p5_0p02_0038_0002.uasset" 5779
"../../../Engine/Content/EngineMaterials/Substrate/GLints/dict_16_192_64_0p5_0p02_0038_0012.uasset" 5780
"../../../Engine/Content/EngineMaterials/Substrate/GLints/dict_16_192_64_0p5_0p02_0039_0001.uasset" 5781
"../../../Engine/Content/EngineMaterials/Substrate/GLints/dict_16_192_64_0p5_0p02_0039_0002.uasset" 5782
"../../../Engine/Content/EngineMaterials/Substrate/GLints/dict_16_192_64_0p5_0p02_0038_0013.uasset" 5783
"../../../Engine/Content/EngineMaterials/Substrate/GLints/dict_16_192_64_0p5_0p02_0038_0014.uasset" 5784
"../../../Engine/Content/EngineMaterials/Substrate/GLints/dict_16_192_64_0p5_0p02_0039_0004.uasset" 5785
"/Engine/EngineMaterials/Substrate/GLints/dict_16_192_64_0p5_0p02_0038_0009" 5786
"/Engine/EngineMaterials/Substrate/GLints/dict_16_192_64_0p5_0p02_0038_0008" 5787
"../../../Engine/Content/EngineMaterials/Substrate/GLints/dict_16_192_64_0p5_0p02_0039_0005.uasset" 5788
"../../../Engine/Content/EngineMaterials/Substrate/GLints/dict_16_192_64_0p5_0p02_0038_0015.uasset" 5789
"/Engine/EngineMaterials/Substrate/GLints/dict_16_192_64_0p5_0p02_0038_0007" 5790
"/Engine/EngineMaterials/Substrate/GLints/dict_16_192_64_0p5_0p02_0038_0006" 5791
"/Engine/EngineMaterials/Substrate/GLints/dict_16_192_64_0p5_0p02_0038_0010" 5792
"/Engine/EngineMaterials/Substrate/GLints/dict_16_192_64_0p5_0p02_0038_0003" 5793
"../../../Engine/Content/EngineMaterials/Substrate/GLints/dict_16_192_64_0p5_0p02_0039_0003.uasset" 5794
"/Engine/EngineMaterials/Substrate/GLints/dict_16_192_64_0p5_0p02_0038_0002" 5795
"/Engine/EngineMaterials/Substrate/GLints/dict_16_192_64_0p5_0p02_0038_0005" 5796
"/Engine/EngineMaterials/Substrate/GLints/dict_16_192_64_0p5_0p02_0038_0001" 5797
"/Engine/EngineMaterials/Substrate/GLints/dict_16_192_64_0p5_0p02_0038_0004" 5798
"/Engine/EngineMaterials/Substrate/GLints/dict_16_192_64_0p5_0p02_0038_0000" 5799
"../../../Engine/Content/EngineMaterials/Substrate/GLints/dict_16_192_64_0p5_0p02_0039_0000.uasset" 5800
"../../../Engine/Content/EngineMaterials/Substrate/GLints/dict_16_192_64_0p5_0p02_0039_0006.uasset" 5801
"/Engine/EngineMaterials/Substrate/GLints/dict_16_192_64_0p5_0p02_0037_0015" 5802
"../../../Engine/Content/EngineMaterials/Substrate/GLints/dict_16_192_64_0p5_0p02_0039_0007.uasset" 5803
"../../../Engine/Content/EngineMaterials/Substrate/GLints/dict_16_192_64_0p5_0p02_0039_0009.uasset" 5804
"/Engine/EngineMaterials/Substrate/GLints/dict_16_192_64_0p5_0p02_0039_0002" 5805
"/Engine/EngineMaterials/Substrate/GLints/dict_16_192_64_0p5_0p02_0039_0001" 5806
"../../../Engine/Content/EngineMaterials/Substrate/GLints/dict_16_192_64_0p5_0p02_0039_0008.uasset" 5807
"../../../Engine/Content/EngineMaterials/Substrate/GLints/dict_16_192_64_0p5_0p02_0039_0010.uasset" 5808
"/Engine/EngineMaterials/Substrate/GLints/dict_16_192_64_0p5_0p02_0038_0014" 5809
"/Engine/EngineMaterials/Substrate/GLints/dict_16_192_64_0p5_0p02_0038_0013" 5810
"/Engine/EngineMaterials/Substrate/GLints/dict_16_192_64_0p5_0p02_0038_0012" 5811
"../../../Engine/Content/EngineMaterials/Substrate/GLints/dict_16_192_64_0p5_0p02_0039_0014.uasset" 5812
"/Engine/EngineMaterials/Substrate/GLints/dict_16_192_64_0p5_0p02_0038_0011" 5813
"/Engine/EngineMaterials/Substrate/GLints/dict_16_192_64_0p5_0p02_0039_0004" 5814
"/Engine/EngineMaterials/Substrate/GLints/dict_16_192_64_0p5_0p02_0039_0010" 5815
"/Engine/EngineMaterials/Substrate/GLints/dict_16_192_64_0p5_0p02_0039_0009" 5816
"/Engine/EngineMaterials/Substrate/GLints/dict_16_192_64_0p5_0p02_0039_0008" 5817
"../../../Engine/Content/EngineMaterials/Substrate/GLints/dict_16_192_64_0p5_0p02_0039_0011.uasset" 5818
"/Engine/EngineMaterials/Substrate/GLints/dict_16_192_64_0p5_0p02_0039_0007" 5819
"/Engine/EngineMaterials/Substrate/GLints/dict_16_192_64_0p5_0p02_0039_0014" 5820
"/Engine/EngineMaterials/Substrate/GLints/dict_16_192_64_0p5_0p02_0039_0006" 5821
"/Engine/EngineMaterials/Substrate/GLints/dict_16_192_64_0p5_0p02_0039_0005" 5822
"/Engine/EngineMaterials/Substrate/GLints/dict_16_192_64_0p5_0p02_0039_0003" 5823
"/Engine/EngineMaterials/Substrate/GLints/dict_16_192_64_0p5_0p02_0039_0000" 5824
"/Engine/EngineMaterials/Substrate/GLints/dict_16_192_64_0p5_0p02_0038_0015" 5825
"/Engine/EngineMaterials/Substrate/GLints/dict_16_192_64_0p5_0p02_0039_0011" 5826
"../../../Engine/Content/EngineMaterials/Substrate/GLints/dict_16_192_64_0p5_0p02_0039_0012.uasset" 5827
"../../../Engine/Content/EngineMaterials/Substrate/GLints/dict_16_192_64_0p5_0p02_0040_0006.uasset" 5828
"../../../Engine/Content/EngineMaterials/Substrate/GLints/dict_16_192_64_0p5_0p02_0040_0008.uasset" 5829
"../../../Engine/Content/EngineMaterials/Substrate/GLints/dict_16_192_64_0p5_0p02_0040_0005.uasset" 5830
"../../../Engine/Content/EngineMaterials/Substrate/GLints/dict_16_192_64_0p5_0p02_0040_0009.uasset" 5831
"../../../Engine/Content/EngineMaterials/Substrate/GLints/dict_16_192_64_0p5_0p02_0040_0000.uasset" 5832
"../../../Engine/Content/EngineMaterials/Substrate/GLints/dict_16_192_64_0p5_0p02_0040_0004.uasset" 5833
"../../../Engine/Content/EngineMaterials/Substrate/GLints/dict_16_192_64_0p5_0p02_0039_0013.uasset" 5834
"../../../Engine/Content/EngineMaterials/Substrate/GLints/dict_16_192_64_0p5_0p02_0039_0015.uasset" 5835
"../../../Engine/Content/EngineMaterials/Substrate/GLints/dict_16_192_64_0p5_0p02_0040_0003.uasset" 5836
"../../../Engine/Content/EngineMaterials/Substrate/GLints/dict_16_192_64_0p5_0p02_0040_0007.uasset" 5837
"../../../Engine/Content/EngineMaterials/Substrate/GLints/dict_16_192_64_0p5_0p02_0040_0001.uasset" 5838
"../../../Engine/Content/EngineMaterials/Substrate/GLints/dict_16_192_64_0p5_0p02_0040_0010.uasset" 5839
"../../../Engine/Content/EngineMaterials/Substrate/GLints/dict_16_192_64_0p5_0p02_0040_0014.uasset" 5840
"../../../Engine/Content/EngineMaterials/Substrate/GLints/dict_16_192_64_0p5_0p02_0040_0015.uasset" 5841
"../../../Engine/Content/EngineMaterials/Substrate/GLints/dict_16_192_64_0p5_0p02_0040_0011.uasset" 5842
"/Engine/EngineMaterials/Substrate/GLints/dict_16_192_64_0p5_0p02_0040_0010" 5843
"../../../Engine/Content/EngineMaterials/Substrate/GLints/dict_16_192_64_0p5_0p02_0040_0012.uasset" 5844
"../../../Engine/Content/EngineMaterials/Substrate/GLints/dict_16_192_64_0p5_0p02_0041_0000.uasset" 5845
"../../../Engine/Content/EngineMaterials/Substrate/GLints/dict_16_192_64_0p5_0p02_0040_0013.uasset" 5846
"/Engine/EngineMaterials/Substrate/GLints/dict_16_192_64_0p5_0p02_0040_0009" 5847
"../../../Engine/Content/EngineMaterials/Substrate/GLints/dict_16_192_64_0p5_0p02_0040_0002.uasset" 5848
"../../../Engine/Content/EngineMaterials/Substrate/GLints/dict_16_192_64_0p5_0p02_0041_0002.uasset" 5849
"/Engine/EngineMaterials/Substrate/GLints/dict_16_192_64_0p5_0p02_0040_0008" 5850
"../../../Engine/Content/EngineMaterials/Substrate/GLints/dict_16_192_64_0p5_0p02_0041_0001.uasset" 5851
"../../../Engine/Content/EngineMaterials/Substrate/GLints/dict_16_192_64_0p5_0p02_0041_0003.uasset" 5852
"/Engine/EngineMaterials/Substrate/GLints/dict_16_192_64_0p5_0p02_0040_0007" 5853
"../../../Engine/Content/EngineMaterials/Substrate/GLints/dict_16_192_64_0p5_0p02_0041_0004.uasset" 5854
"/Engine/EngineMaterials/Substrate/GLints/dict_16_192_64_0p5_0p02_0040_0006" 5855
"/Engine/EngineMaterials/Substrate/GLints/dict_16_192_64_0p5_0p02_0040_0005" 5856
"/Engine/EngineMaterials/Substrate/GLints/dict_16_192_64_0p5_0p02_0039_0013" 5857
"/Engine/EngineMaterials/Substrate/GLints/dict_16_192_64_0p5_0p02_0039_0012" 5858
"../../../Engine/Content/EngineMaterials/Substrate/GLints/dict_16_192_64_0p5_0p02_0041_0006.uasset" 5859
"/Engine/EngineMaterials/Substrate/GLints/dict_16_192_64_0p5_0p02_0040_0004" 5860
"/Engine/EngineMaterials/Substrate/GLints/dict_16_192_64_0p5_0p02_0040_0003" 5861
"../../../Engine/Content/EngineMaterials/Substrate/GLints/dict_16_192_64_0p5_0p02_0041_0005.uasset" 5862
"/Engine/EngineMaterials/Substrate/GLints/dict_16_192_64_0p5_0p02_0040_0001" 5863
"/Engine/EngineMaterials/Substrate/GLints/dict_16_192_64_0p5_0p02_0040_0000" 5864
"/Engine/EngineMaterials/Substrate/GLints/dict_16_192_64_0p5_0p02_0039_0015" 5865
"/Engine/EngineMaterials/Substrate/GLints/dict_16_192_64_0p5_0p02_0041_0000" 5866
"/Engine/EngineMaterials/Substrate/GLints/dict_16_192_64_0p5_0p02_0040_0015" 5867
"/Engine/EngineMaterials/Substrate/GLints/dict_16_192_64_0p5_0p02_0040_0014" 5868
"../../../Engine/Content/EngineMaterials/Substrate/GLints/dict_16_192_64_0p5_0p02_0041_0009.uasset" 5869
"/Engine/EngineMaterials/Substrate/GLints/dict_16_192_64_0p5_0p02_0040_0013" 5870
"/Engine/EngineMaterials/Substrate/GLints/dict_16_192_64_0p5_0p02_0040_0012" 5871
"../../../Engine/Content/EngineMaterials/Substrate/GLints/dict_16_192_64_0p5_0p02_0041_0011.uasset" 5872
"../../../Engine/Content/EngineMaterials/Substrate/GLints/dict_16_192_64_0p5_0p02_0041_0008.uasset" 5873
"/Engine/EngineMaterials/Substrate/GLints/dict_16_192_64_0p5_0p02_0040_0011" 5874
"/Engine/EngineMaterials/Substrate/GLints/dict_16_192_64_0p5_0p02_0041_0006" 5875
"../../../Engine/Content/EngineMaterials/Substrate/GLints/dict_16_192_64_0p5_0p02_0041_0012.uasset" 5876
"/Engine/EngineMaterials/Substrate/GLints/dict_16_192_64_0p5_0p02_0041_0005" 5877
"/Engine/EngineMaterials/Substrate/GLints/dict_16_192_64_0p5_0p02_0041_0004" 5878
"/Engine/EngineMaterials/Substrate/GLints/dict_16_192_64_0p5_0p02_0041_0003" 5879
"/Engine/EngineMaterials/Substrate/GLints/dict_16_192_64_0p5_0p02_0041_0002" 5880
"/Engine/EngineMaterials/Substrate/GLints/dict_16_192_64_0p5_0p02_0041_0001" 5881
"/Engine/EngineMaterials/Substrate/GLints/dict_16_192_64_0p5_0p02_0040_0002" 5882
"/Engine/EngineMaterials/Substrate/GLints/dict_16_192_64_0p5_0p02_0041_0011" 5883
"/Engine/EngineMaterials/Substrate/GLints/dict_16_192_64_0p5_0p02_0041_0012" 5884
"/Engine/EngineMaterials/Substrate/GLints/dict_16_192_64_0p5_0p02_0041_0009" 5885
"/Engine/EngineMaterials/Substrate/GLints/dict_16_192_64_0p5_0p02_0041_0008" 5886
"../../../Engine/Content/EngineMaterials/Substrate/GLints/dict_16_192_64_0p5_0p02_0042_0005.uasset" 5887
"../../../Engine/Content/EngineMaterials/Substrate/GLints/dict_16_192_64_0p5_0p02_0041_0013.uasset" 5888
"../../../Engine/Content/EngineMaterials/Substrate/GLints/dict_16_192_64_0p5_0p02_0041_0014.uasset" 5889
"../../../Engine/Content/EngineMaterials/Substrate/GLints/dict_16_192_64_0p5_0p02_0041_0007.uasset" 5890
"../../../Engine/Content/EngineMaterials/Substrate/GLints/dict_16_192_64_0p5_0p02_0041_0015.uasset" 5891
"../../../Engine/Content/EngineMaterials/Substrate/GLints/dict_16_192_64_0p5_0p02_0042_0000.uasset" 5892
"../../../Engine/Content/EngineMaterials/Substrate/GLints/dict_16_192_64_0p5_0p02_0041_0010.uasset" 5893
"../../../Engine/Content/EngineMaterials/Substrate/GLints/dict_16_192_64_0p5_0p02_0042_0002.uasset" 5894
"../../../Engine/Content/EngineMaterials/Substrate/GLints/dict_16_192_64_0p5_0p02_0042_0007.uasset" 5895
"../../../Engine/Content/EngineMaterials/Substrate/GLints/dict_16_192_64_0p5_0p02_0042_0004.uasset" 5896
"../../../Engine/Content/EngineMaterials/Substrate/GLints/dict_16_192_64_0p5_0p02_0042_0003.uasset" 5897
"../../../Engine/Content/EngineMaterials/Substrate/GLints/dict_16_192_64_0p5_0p02_0042_0008.uasset" 5898
"../../../Engine/Content/EngineMaterials/Substrate/GLints/dict_16_192_64_0p5_0p02_0042_0001.uasset" 5899
"../../../Engine/Content/EngineMaterials/Substrate/GLints/dict_16_192_64_0p5_0p02_0042_0006.uasset" 5900
"../../../Engine/Content/EngineMaterials/Substrate/GLints/dict_16_192_64_0p5_0p02_0042_0009.uasset" 5901
"../../../Engine/Content/EngineMaterials/Substrate/GLints/dict_16_192_64_0p5_0p02_0042_0013.uasset" 5902
"../../../Engine/Content/EngineMaterials/Substrate/GLints/dict_16_192_64_0p5_0p02_0042_0011.uasset" 5903
"/Engine/EngineMaterials/Substrate/GLints/dict_16_192_64_0p5_0p02_0042_0009" 5904
"../../../Engine/Content/EngineMaterials/Substrate/GLints/dict_16_192_64_0p5_0p02_0042_0012.uasset" 5905
"../../../Engine/Content/EngineMaterials/Substrate/GLints/dict_16_192_64_0p5_0p02_0043_0002.uasset" 5906
"../../../Engine/Content/EngineMaterials/Substrate/GLints/dict_16_192_64_0p5_0p02_0042_0010.uasset" 5907
"/Engine/EngineMaterials/Substrate/GLints/dict_16_192_64_0p5_0p02_0042_0008" 5908
"../../../Engine/Content/EngineMaterials/Substrate/GLints/dict_16_192_64_0p5_0p02_0043_0000.uasset" 5909
"../../../Engine/Content/EngineMaterials/Substrate/GLints/dict_16_192_64_0p5_0p02_0043_0003.uasset" 5910
"../../../Engine/Content/EngineMaterials/Substrate/GLints/dict_16_192_64_0p5_0p02_0042_0014.uasset" 5911
"/Engine/EngineMaterials/Substrate/GLints/dict_16_192_64_0p5_0p02_0042_0007" 5912
"../../../Engine/Content/EngineMaterials/Substrate/GLints/dict_16_192_64_0p5_0p02_0043_0001.uasset" 5913
"../../../Engine/Content/EngineMaterials/Substrate/GLints/dict_16_192_64_0p5_0p02_0043_0005.uasset" 5914
"/Engine/EngineMaterials/Substrate/GLints/dict_16_192_64_0p5_0p02_0042_0006" 5915
"/Engine/EngineMaterials/Substrate/GLints/dict_16_192_64_0p5_0p02_0042_0005" 5916
"/Engine/EngineMaterials/Substrate/GLints/dict_16_192_64_0p5_0p02_0042_0004" 5917
"/Engine/EngineMaterials/Substrate/GLints/dict_16_192_64_0p5_0p02_0042_0003" 5918
"/Engine/EngineMaterials/Substrate/GLints/dict_16_192_64_0p5_0p02_0042_0002" 5919
"/Engine/EngineMaterials/Substrate/GLints/dict_16_192_64_0p5_0p02_0041_0010" 5920
"../../../Engine/Content/EngineMaterials/Substrate/GLints/dict_16_192_64_0p5_0p02_0042_0015.uasset" 5921
"/Engine/EngineMaterials/Substrate/GLints/dict_16_192_64_0p5_0p02_0041_0007" 5922
"../../../Engine/Content/EngineMaterials/Substrate/GLints/dict_16_192_64_0p5_0p02_0043_0004.uasset" 5923
"/Engine/EngineMaterials/Substrate/GLints/dict_16_192_64_0p5_0p02_0042_0013" 5924
"/Engine/EngineMaterials/Substrate/GLints/dict_16_192_64_0p5_0p02_0042_0001" 5925
"/Engine/EngineMaterials/Substrate/GLints/dict_16_192_64_0p5_0p02_0042_0000" 5926
"/Engine/EngineMaterials/Substrate/GLints/dict_16_192_64_0p5_0p02_0041_0015" 5927
"/Engine/EngineMaterials/Substrate/GLints/dict_16_192_64_0p5_0p02_0041_0014" 5928
"/Engine/EngineMaterials/Substrate/GLints/dict_16_192_64_0p5_0p02_0041_0013" 5929
"/Engine/EngineMaterials/Substrate/GLints/dict_16_192_64_0p5_0p02_0043_0005" 5930
"/Engine/EngineMaterials/Substrate/GLints/dict_16_192_64_0p5_0p02_0043_0004" 5931
"/Engine/EngineMaterials/Substrate/GLints/dict_16_192_64_0p5_0p02_0043_0003" 5932
"../../../Engine/Content/EngineMaterials/Substrate/GLints/dict_16_192_64_0p5_0p02_0043_0009.uasset" 5933
"../../../Engine/Content/EngineMaterials/Substrate/GLints/dict_16_192_64_0p5_0p02_0043_0008.uasset" 5934
"../../../Engine/Content/EngineMaterials/Substrate/GLints/dict_16_192_64_0p5_0p02_0043_0006.uasset" 5935
"/Engine/EngineMaterials/Substrate/GLints/dict_16_192_64_0p5_0p02_0043_0002" 5936
"/Engine/EngineMaterials/Substrate/GLints/dict_16_192_64_0p5_0p02_0043_0001" 5937
"/Engine/EngineMaterials/Substrate/GLints/dict_16_192_64_0p5_0p02_0043_0000" 5938
"../../../Engine/Content/EngineMaterials/Substrate/GLints/dict_16_192_64_0p5_0p02_0043_0007.uasset" 5939
"/Engine/EngineMaterials/Substrate/GLints/dict_16_192_64_0p5_0p02_0042_0015" 5940
"/Engine/EngineMaterials/Substrate/GLints/dict_16_192_64_0p5_0p02_0042_0014" 5941
"/Engine/EngineMaterials/Substrate/GLints/dict_16_192_64_0p5_0p02_0042_0012" 5942
"/Engine/EngineMaterials/Substrate/GLints/dict_16_192_64_0p5_0p02_0042_0011" 5943
"/Engine/EngineMaterials/Substrate/GLints/dict_16_192_64_0p5_0p02_0042_0010" 5944
"/Engine/EngineMaterials/Substrate/GLints/dict_16_192_64_0p5_0p02_0043_0006" 5945
"/Engine/EngineMaterials/Substrate/GLints/dict_16_192_64_0p5_0p02_0043_0009" 5946
"/Engine/EngineMaterials/Substrate/GLints/dict_16_192_64_0p5_0p02_0043_0008" 5947
"/Engine/EngineMaterials/Substrate/GLints/dict_16_192_64_0p5_0p02_0043_0007" 5948
"../../../Engine/Content/EngineMaterials/Substrate/GLints/dict_16_192_64_0p5_0p02_0043_0012.uasset" 5949
"../../../Engine/Content/EngineMaterials/Substrate/GLints/dict_16_192_64_0p5_0p02_0044_0000.uasset" 5950
"../../../Engine/Content/EngineMaterials/Substrate/GLints/dict_16_192_64_0p5_0p02_0044_0005.uasset" 5951
"../../../Engine/Content/EngineMaterials/Substrate/GLints/dict_16_192_64_0p5_0p02_0043_0010.uasset" 5952
"../../../Engine/Content/EngineMaterials/Substrate/GLints/dict_16_192_64_0p5_0p02_0044_0004.uasset" 5953
"../../../Engine/Content/EngineMaterials/Substrate/GLints/dict_16_192_64_0p5_0p02_0043_0013.uasset" 5954
"../../../Engine/Content/EngineMaterials/Substrate/GLints/dict_16_192_64_0p5_0p02_0043_0011.uasset" 5955
"../../../Engine/Content/EngineMaterials/Substrate/GLints/dict_16_192_64_0p5_0p02_0044_0007.uasset" 5956
"../../../Engine/Content/EngineMaterials/Substrate/GLints/dict_16_192_64_0p5_0p02_0044_0002.uasset" 5957
"../../../Engine/Content/EngineMaterials/Substrate/GLints/dict_16_192_64_0p5_0p02_0043_0014.uasset" 5958
"../../../Engine/Content/EngineMaterials/Substrate/GLints/dict_16_192_64_0p5_0p02_0044_0003.uasset" 5959
"../../../Engine/Content/EngineMaterials/Substrate/GLints/dict_16_192_64_0p5_0p02_0044_0001.uasset" 5960
"../../../Engine/Content/EngineMaterials/Substrate/GLints/dict_16_192_64_0p5_0p02_0043_0015.uasset" 5961
"../../../Engine/Content/EngineMaterials/Substrate/GLints/dict_16_192_64_0p5_0p02_0044_0006.uasset" 5962
"/Engine/EngineMaterials/Substrate/GLints/dict_16_192_64_0p5_0p02_0043_0010" 5963
"/Engine/EngineMaterials/Substrate/GLints/dict_16_192_64_0p5_0p02_0044_0007" 5964
"/Engine/EngineMaterials/Substrate/GLints/dict_16_192_64_0p5_0p02_0044_0006" 5965
"/Engine/EngineMaterials/Substrate/GLints/dict_16_192_64_0p5_0p02_0044_0005" 5966
"../../../Engine/Content/EngineMaterials/Substrate/GLints/dict_16_192_64_0p5_0p02_0044_0008.uasset" 5967
"../../../Engine/Content/EngineMaterials/Substrate/GLints/dict_16_192_64_0p5_0p02_0044_0011.uasset" 5968
"/Engine/EngineMaterials/Substrate/GLints/dict_16_192_64_0p5_0p02_0044_0004" 5969
"../../../Engine/Content/EngineMaterials/Substrate/GLints/dict_16_192_64_0p5_0p02_0044_0015.uasset" 5970
"/Engine/EngineMaterials/Substrate/GLints/dict_16_192_64_0p5_0p02_0044_0003" 5971
"../../../Engine/Content/EngineMaterials/Substrate/GLints/dict_16_192_64_0p5_0p02_0044_0013.uasset" 5972
"../../../Engine/Content/EngineMaterials/Substrate/GLints/dict_16_192_64_0p5_0p02_0044_0009.uasset" 5973
"../../../Engine/Content/EngineMaterials/Substrate/GLints/dict_16_192_64_0p5_0p02_0044_0014.uasset" 5974
"/Engine/EngineMaterials/Substrate/GLints/dict_16_192_64_0p5_0p02_0044_0002" 5975
"../../../Engine/Content/EngineMaterials/Substrate/GLints/dict_16_192_64_0p5_0p02_0044_0010.uasset" 5976
"/Engine/EngineMaterials/Substrate/GLints/dict_16_192_64_0p5_0p02_0044_0001" 5977
"../../../Engine/Content/EngineMaterials/Substrate/GLints/dict_16_192_64_0p5_0p02_0044_0012.uasset" 5978
"/Engine/EngineMaterials/Substrate/GLints/dict_16_192_64_0p5_0p02_0044_0000" 5979
"../../../Engine/Content/EngineMaterials/Substrate/GLints/dict_16_192_64_0p5_0p02_0045_0000.uasset" 5980
"../../../Engine/Content/EngineMaterials/Substrate/GLints/dict_16_192_64_0p5_0p02_0045_0002.uasset" 5981
"/Engine/EngineMaterials/Substrate/GLints/dict_16_192_64_0p5_0p02_0043_0015" 5982
"/Engine/EngineMaterials/Substrate/GLints/dict_16_192_64_0p5_0p02_0043_0014" 5983
"../../../Engine/Content/EngineMaterials/Substrate/GLints/dict_16_192_64_0p5_0p02_0045_0004.uasset" 5984
"../../../Engine/Content/EngineMaterials/Substrate/GLints/dict_16_192_64_0p5_0p02_0045_0005.uasset" 5985
"/Engine/EngineMaterials/Substrate/GLints/dict_16_192_64_0p5_0p02_0043_0013" 5986
"../../../Engine/Content/EngineMaterials/Substrate/GLints/dict_16_192_64_0p5_0p02_0045_0003.uasset" 5987
"/Engine/EngineMaterials/Substrate/GLints/dict_16_192_64_0p5_0p02_0043_0012" 5988
"/Engine/EngineMaterials/Substrate/GLints/dict_16_192_64_0p5_0p02_0043_0011" 5989
"/Engine/EngineMaterials/Substrate/GLints/dict_16_192_64_0p5_0p02_0045_0005" 5990
"/Engine/EngineMaterials/Substrate/GLints/dict_16_192_64_0p5_0p02_0045_0004" 5991
"/Engine/EngineMaterials/Substrate/GLints/dict_16_192_64_0p5_0p02_0045_0003" 5992
"/Engine/EngineMaterials/Substrate/GLints/dict_16_192_64_0p5_0p02_0045_0002" 5993
"/Engine/EngineMaterials/Substrate/GLints/dict_16_192_64_0p5_0p02_0044_0010" 5994
"/Engine/EngineMaterials/Substrate/GLints/dict_16_192_64_0p5_0p02_0044_0009" 5995
"/Engine/EngineMaterials/Substrate/GLints/dict_16_192_64_0p5_0p02_0044_0008" 5996
"/Engine/EngineMaterials/Substrate/GLints/dict_16_192_64_0p5_0p02_0045_0000" 5997
"/Engine/EngineMaterials/Substrate/GLints/dict_16_192_64_0p5_0p02_0044_0015" 5998
"/Engine/EngineMaterials/Substrate/GLints/dict_16_192_64_0p5_0p02_0044_0014" 5999
"/Engine/EngineMaterials/Substrate/GLints/dict_16_192_64_0p5_0p02_0044_0013" 6000
"../../../Engine/Content/EngineMaterials/Substrate/GLints/dict_16_192_64_0p5_0p02_0045_0001.uasset" 6001
"../../../Engine/Content/EngineMaterials/Substrate/GLints/dict_16_192_64_0p5_0p02_0045_0007.uasset" 6002
"../../../Engine/Content/EngineMaterials/Substrate/GLints/dict_16_192_64_0p5_0p02_0045_0006.uasset" 6003
"/Engine/EngineMaterials/Substrate/GLints/dict_16_192_64_0p5_0p02_0044_0012" 6004
"/Engine/EngineMaterials/Substrate/GLints/dict_16_192_64_0p5_0p02_0044_0011" 6005
"/Engine/EngineMaterials/Substrate/GLints/dict_16_192_64_0p5_0p02_0045_0001" 6006
"../../../Engine/Content/EngineMaterials/Substrate/GLints/dict_16_192_64_0p5_0p02_0045_0009.uasset" 6007
"/Engine/EngineMaterials/Substrate/GLints/dict_16_192_64_0p5_0p02_0045_0007" 6008
"/Engine/EngineMaterials/Substrate/GLints/dict_16_192_64_0p5_0p02_0045_0006" 6009
"/Engine/EngineMaterials/Substrate/GLints/dict_16_192_64_0p5_0p02_0045_0009" 6010
"../../../Engine/Content/EngineMaterials/Substrate/GLints/dict_16_192_64_0p5_0p02_0045_0008.uasset" 6011
"../../../Engine/Content/EngineMaterials/Substrate/GLints/dict_16_192_64_0p5_0p02_0045_0011.uasset" 6012
"../../../Engine/Content/EngineMaterials/Substrate/GLints/dict_16_192_64_0p5_0p02_0045_0015.uasset" 6013
"../../../Engine/Content/EngineMaterials/Substrate/GLints/dict_16_192_64_0p5_0p02_0045_0012.uasset" 6014
"../../../Engine/Content/EngineMaterials/Substrate/GLints/dict_16_192_64_0p5_0p02_0046_0001.uasset" 6015
"../../../Engine/Content/EngineMaterials/Substrate/GLints/dict_16_192_64_0p5_0p02_0046_0000.uasset" 6016
"../../../Engine/Content/EngineMaterials/Substrate/GLints/dict_16_192_64_0p5_0p02_0045_0014.uasset" 6017
"../../../Engine/Content/EngineMaterials/Substrate/GLints/dict_16_192_64_0p5_0p02_0045_0010.uasset" 6018
"../../../Engine/Content/EngineMaterials/Substrate/GLints/dict_16_192_64_0p5_0p02_0045_0013.uasset" 6019
"../../../Engine/Content/EngineMaterials/Substrate/GLints/dict_16_192_64_0p5_0p02_0046_0002.uasset" 6020
"../../../Engine/Content/EngineMaterials/Substrate/GLints/dict_16_192_64_0p5_0p02_0046_0006.uasset" 6021
"../../../Engine/Content/EngineMaterials/Substrate/GLints/dict_16_192_64_0p5_0p02_0046_0005.uasset" 6022
"../../../Engine/Content/EngineMaterials/Substrate/GLints/dict_16_192_64_0p5_0p02_0046_0004.uasset" 6023
"../../../Engine/Content/EngineMaterials/Substrate/GLints/dict_16_192_64_0p5_0p02_0046_0007.uasset" 6024
"../../../Engine/Content/EngineMaterials/Substrate/GLints/dict_16_192_64_0p5_0p02_0046_0003.uasset" 6025
"../../../Engine/Content/EngineMaterials/Substrate/GLints/dict_16_192_64_0p5_0p02_0046_0008.uasset" 6026
"/Engine/EngineMaterials/Substrate/GLints/dict_16_192_64_0p5_0p02_0046_0007" 6027
"../../../Engine/Content/EngineMaterials/Substrate/GLints/dict_16_192_64_0p5_0p02_0046_0011.uasset" 6028
"../../../Engine/Content/EngineMaterials/Substrate/GLints/dict_16_192_64_0p5_0p02_0046_0013.uasset" 6029
"../../../Engine/Content/EngineMaterials/Substrate/GLints/dict_16_192_64_0p5_0p02_0046_0009.uasset" 6030
"/Engine/EngineMaterials/Substrate/GLints/dict_16_192_64_0p5_0p02_0046_0006" 6031
"/Engine/EngineMaterials/Substrate/GLints/dict_16_192_64_0p5_0p02_0046_0005" 6032
"../../../Engine/Content/EngineMaterials/Substrate/GLints/dict_16_192_64_0p5_0p02_0046_0014.uasset" 6033
"../../../Engine/Content/EngineMaterials/Substrate/GLints/dict_16_192_64_0p5_0p02_0046_0015.uasset" 6034
"/Engine/EngineMaterials/Substrate/GLints/dict_16_192_64_0p5_0p02_0046_0004" 6035
"../../../Engine/Content/EngineMaterials/Substrate/GLints/dict_16_192_64_0p5_0p02_0046_0010.uasset" 6036
"/Engine/EngineMaterials/Substrate/GLints/dict_16_192_64_0p5_0p02_0046_0003" 6037
"/Engine/EngineMaterials/Substrate/GLints/dict_16_192_64_0p5_0p02_0046_0002" 6038
"../../../Engine/Content/EngineMaterials/Substrate/GLints/dict_16_192_64_0p5_0p02_0046_0012.uasset" 6039
"../../../Engine/Content/EngineMaterials/Substrate/GLints/dict_16_192_64_0p5_0p02_0047_0000.uasset" 6040
"/Engine/EngineMaterials/Substrate/GLints/dict_16_192_64_0p5_0p02_0045_0008" 6041
"/Engine/EngineMaterials/Substrate/GLints/dict_16_192_64_0p5_0p02_0046_0001" 6042
"/Engine/EngineMaterials/Substrate/GLints/dict_16_192_64_0p5_0p02_0046_0000" 6043
"/Engine/EngineMaterials/Substrate/GLints/dict_16_192_64_0p5_0p02_0045_0015" 6044
"/Engine/EngineMaterials/Substrate/GLints/dict_16_192_64_0p5_0p02_0045_0014" 6045
"/Engine/EngineMaterials/Substrate/GLints/dict_16_192_64_0p5_0p02_0045_0013" 6046
"/Engine/EngineMaterials/Substrate/GLints/dict_16_192_64_0p5_0p02_0046_0008" 6047
"/Engine/EngineMaterials/Substrate/GLints/dict_16_192_64_0p5_0p02_0045_0012" 6048
"/Engine/EngineMaterials/Substrate/GLints/dict_16_192_64_0p5_0p02_0045_0011" 6049
"/Engine/EngineMaterials/Substrate/GLints/dict_16_192_64_0p5_0p02_0045_0010" 6050
"/Engine/EngineMaterials/Substrate/GLints/dict_16_192_64_0p5_0p02_0047_0000" 6051
"../../../Engine/Content/EngineMaterials/Substrate/GLints/dict_16_192_64_0p5_0p02_0047_0001.uasset" 6052
"../../../Engine/Content/EngineMaterials/Substrate/GLints/dict_16_192_64_0p5_0p02_0047_0003.uasset" 6053
"../../../Engine/Content/EngineMaterials/Substrate/GLints/dict_16_192_64_0p5_0p02_0047_0004.uasset" 6054
"../../../Engine/Content/EngineMaterials/Substrate/GLints/dict_16_192_64_0p5_0p02_0047_0005.uasset" 6055
"../../../Engine/Content/EngineMaterials/Substrate/GLints/dict_16_192_64_0p5_0p02_0047_0007.uasset" 6056
"/Engine/EngineMaterials/Substrate/GLints/dict_16_192_64_0p5_0p02_0046_0015" 6057
"/Engine/EngineMaterials/Substrate/GLints/dict_16_192_64_0p5_0p02_0046_0014" 6058
"../../../Engine/Content/EngineMaterials/Substrate/GLints/dict_16_192_64_0p5_0p02_0047_0008.uasset" 6059
"/Engine/EngineMaterials/Substrate/GLints/dict_16_192_64_0p5_0p02_0046_0013" 6060
"/Engine/EngineMaterials/Substrate/GLints/dict_16_192_64_0p5_0p02_0046_0012" 6061
"../../../Engine/Content/EngineMaterials/Substrate/GLints/dict_16_192_64_0p5_0p02_0047_0002.uasset" 6062
"/Engine/EngineMaterials/Substrate/GLints/dict_16_192_64_0p5_0p02_0046_0011" 6063
"/Engine/EngineMaterials/Substrate/GLints/dict_16_192_64_0p5_0p02_0046_0010" 6064
"/Engine/EngineMaterials/Substrate/GLints/dict_16_192_64_0p5_0p02_0046_0009" 6065
"../../../Engine/Content/EngineMaterials/Substrate/GLints/dict_16_192_64_0p5_0p02_0047_0006.uasset" 6066
"/Engine/EngineMaterials/Substrate/GLints/dict_16_192_64_0p5_0p02_0047_0008" 6067
"/Engine/EngineMaterials/Substrate/GLints/dict_16_192_64_0p5_0p02_0047_0004" 6068
"/Engine/EngineMaterials/Substrate/GLints/dict_16_192_64_0p5_0p02_0047_0003" 6069
"/Engine/EngineMaterials/Substrate/GLints/dict_16_192_64_0p5_0p02_0047_0002" 6070
"/Engine/EngineMaterials/Substrate/GLints/dict_16_192_64_0p5_0p02_0047_0001" 6071
"/Engine/EngineMaterials/Substrate/GLints/dict_16_192_64_0p5_0p02_0047_0007" 6072
"/Engine/EngineMaterials/Substrate/GLints/dict_16_192_64_0p5_0p02_0047_0006" 6073
"/Engine/EngineMaterials/Substrate/GLints/dict_16_192_64_0p5_0p02_0047_0005" 6074
"../../../Engine/Content/EngineMaterials/Substrate/GLints/dict_16_192_64_0p5_0p02_0048_0000.uasset" 6075
"../../../Engine/Content/EngineMaterials/Substrate/GLints/dict_16_192_64_0p5_0p02_0047_0015.uasset" 6076
"../../../Engine/Content/EngineMaterials/Substrate/GLints/dict_16_192_64_0p5_0p02_0048_0001.uasset" 6077
"../../../Engine/Content/EngineMaterials/Substrate/GLints/dict_16_192_64_0p5_0p02_0047_0010.uasset" 6078
"../../../Engine/Content/EngineMaterials/Substrate/GLints/dict_16_192_64_0p5_0p02_0048_0003.uasset" 6079
"../../../Engine/Content/EngineMaterials/Substrate/GLints/dict_16_192_64_0p5_0p02_0047_0013.uasset" 6080
"../../../Engine/Content/EngineMaterials/Substrate/GLints/dict_16_192_64_0p5_0p02_0047_0011.uasset" 6081
"../../../Engine/Content/EngineMaterials/Substrate/GLints/dict_16_192_64_0p5_0p02_0047_0012.uasset" 6082
"../../../Engine/Content/EngineMaterials/Substrate/GLints/dict_16_192_64_0p5_0p02_0048_0002.uasset" 6083
"../../../Engine/Content/EngineMaterials/Substrate/GLints/dict_16_192_64_0p5_0p02_0048_0005.uasset" 6084
"../../../Engine/Content/EngineMaterials/Substrate/GLints/dict_16_192_64_0p5_0p02_0047_0009.uasset" 6085
"../../../Engine/Content/EngineMaterials/Substrate/GLints/dict_16_192_64_0p5_0p02_0048_0006.uasset" 6086
"../../../Engine/Content/EngineMaterials/Substrate/GLints/dict_16_192_64_0p5_0p02_0048_0004.uasset" 6087
"../../../Engine/Content/EngineMaterials/Substrate/GLints/dict_16_192_64_0p5_0p02_0047_0014.uasset" 6088
"/Engine/EngineMaterials/Substrate/GLints/dict_16_192_64_0p5_0p02_0048_0006" 6089
"/Engine/EngineMaterials/Substrate/GLints/dict_16_192_64_0p5_0p02_0048_0005" 6090
"/Engine/EngineMaterials/Substrate/GLints/dict_16_192_64_0p5_0p02_0048_0004" 6091
"../../../Engine/Content/EngineMaterials/Substrate/GLints/dict_16_192_64_0p5_0p02_0048_0009.uasset" 6092
"../../../Engine/Content/EngineMaterials/Substrate/GLints/dict_16_192_64_0p5_0p02_0048_0013.uasset" 6093
"../../../Engine/Content/EngineMaterials/Substrate/GLints/dict_16_192_64_0p5_0p02_0048_0012.uasset" 6094
"../../../Engine/Content/EngineMaterials/Substrate/GLints/dict_16_192_64_0p5_0p02_0048_0011.uasset" 6095
"../../../Engine/Content/EngineMaterials/Substrate/GLints/dict_16_192_64_0p5_0p02_0048_0008.uasset" 6096
"/Engine/EngineMaterials/Substrate/GLints/dict_16_192_64_0p5_0p02_0048_0003" 6097
"../../../Engine/Content/EngineMaterials/Substrate/GLints/dict_16_192_64_0p5_0p02_0048_0010.uasset" 6098
"/Engine/EngineMaterials/Substrate/GLints/dict_16_192_64_0p5_0p02_0048_0002" 6099
"/Engine/EngineMaterials/Substrate/GLints/dict_16_192_64_0p5_0p02_0048_0001" 6100
"/Engine/EngineMaterials/Substrate/GLints/dict_16_192_64_0p5_0p02_0048_0000" 6101
"/Engine/EngineMaterials/Substrate/GLints/dict_16_192_64_0p5_0p02_0047_0015" 6102
"/Engine/EngineMaterials/Substrate/GLints/dict_16_192_64_0p5_0p02_0047_0014" 6103
"/Engine/EngineMaterials/Substrate/GLints/dict_16_192_64_0p5_0p02_0047_0013" 6104
"/Engine/EngineMaterials/Substrate/GLints/dict_16_192_64_0p5_0p02_0047_0012" 6105
"../../../Engine/Content/EngineMaterials/Substrate/GLints/dict_16_192_64_0p5_0p02_0049_0000.uasset" 6106
"/Engine/EngineMaterials/Substrate/GLints/dict_16_192_64_0p5_0p02_0047_0011" 6107
"../../../Engine/Content/EngineMaterials/Substrate/GLints/dict_16_192_64_0p5_0p02_0048_0007.uasset" 6108
"/Engine/EngineMaterials/Substrate/GLints/dict_16_192_64_0p5_0p02_0047_0010" 6109
"/Engine/EngineMaterials/Substrate/GLints/dict_16_192_64_0p5_0p02_0047_0009" 6110
"../../../Engine/Content/EngineMaterials/Substrate/GLints/dict_16_192_64_0p5_0p02_0049_0001.uasset" 6111
"/Engine/EngineMaterials/Substrate/GLints/dict_16_192_64_0p5_0p02_0048_0008" 6112
"../../../Engine/Content/EngineMaterials/Substrate/GLints/dict_16_192_64_0p5_0p02_0049_0003.uasset" 6113
"../../../Engine/Content/EngineMaterials/Substrate/GLints/dict_16_192_64_0p5_0p02_0048_0015.uasset" 6114
"../../../Engine/Content/EngineMaterials/Substrate/GLints/dict_16_192_64_0p5_0p02_0048_0014.uasset" 6115
"/Engine/EngineMaterials/Substrate/GLints/dict_16_192_64_0p5_0p02_0049_0000" 6116
"../../../Engine/Content/EngineMaterials/Substrate/GLints/dict_16_192_64_0p5_0p02_0049_0002.uasset" 6117
"/Engine/EngineMaterials/Substrate/GLints/dict_16_192_64_0p5_0p02_0048_0007" 6118
"/Engine/EngineMaterials/Substrate/GLints/dict_16_192_64_0p5_0p02_0049_0001" 6119
"/Engine/EngineMaterials/Substrate/GLints/dict_16_192_64_0p5_0p02_0048_0013" 6120
"/Engine/EngineMaterials/Substrate/GLints/dict_16_192_64_0p5_0p02_0048_0012" 6121
"/Engine/EngineMaterials/Substrate/GLints/dict_16_192_64_0p5_0p02_0048_0011" 6122
"/Engine/EngineMaterials/Substrate/GLints/dict_16_192_64_0p5_0p02_0048_0010" 6123
"../../../Engine/Content/EngineMaterials/Substrate/GLints/dict_16_192_64_0p5_0p02_0049_0008.uasset" 6124
"../../../Engine/Content/EngineMaterials/Substrate/GLints/dict_16_192_64_0p5_0p02_0049_0006.uasset" 6125
"../../../Engine/Content/EngineMaterials/Substrate/GLints/dict_16_192_64_0p5_0p02_0049_0005.uasset" 6126
"/Engine/EngineMaterials/Substrate/GLints/dict_16_192_64_0p5_0p02_0048_0009" 6127
"/Engine/EngineMaterials/Substrate/GLints/dict_16_192_64_0p5_0p02_0049_0008" 6128
"/Engine/EngineMaterials/Substrate/GLints/dict_16_192_64_0p5_0p02_0049_0006" 6129
"../../../Engine/Content/EngineMaterials/Substrate/GLints/dict_16_192_64_0p5_0p02_0049_0004.uasset" 6130
"../../../Engine/Content/EngineMaterials/Substrate/GLints/dict_16_192_64_0p5_0p02_0049_0007.uasset" 6131
"/Engine/EngineMaterials/Substrate/GLints/dict_16_192_64_0p5_0p02_0049_0005" 6132
"../../../Engine/Content/EngineMaterials/Substrate/GLints/dict_16_192_64_0p5_0p02_0049_0011.uasset" 6133
"../../../Engine/Content/EngineMaterials/Substrate/GLints/dict_16_192_64_0p5_0p02_0049_0010.uasset" 6134
"../../../Engine/Content/EngineMaterials/Substrate/GLints/dict_16_192_64_0p5_0p02_0049_0015.uasset" 6135
"/Engine/EngineMaterials/Substrate/GLints/dict_16_192_64_0p5_0p02_0049_0003" 6136
"../../../Engine/Content/EngineMaterials/Substrate/GLints/dict_16_192_64_0p5_0p02_0050_0000.uasset" 6137
"../../../Engine/Content/EngineMaterials/Substrate/GLints/dict_16_192_64_0p5_0p02_0049_0013.uasset" 6138
"../../../Engine/Content/EngineMaterials/Substrate/GLints/dict_16_192_64_0p5_0p02_0049_0009.uasset" 6139
"../../../Engine/Content/EngineMaterials/Substrate/GLints/dict_16_192_64_0p5_0p02_0049_0012.uasset" 6140
"../../../Engine/Content/EngineMaterials/Substrate/GLints/dict_16_192_64_0p5_0p02_0050_0001.uasset" 6141
"/Engine/EngineMaterials/Substrate/GLints/dict_16_192_64_0p5_0p02_0048_0015" 6142
"/Engine/EngineMaterials/Substrate/GLints/dict_16_192_64_0p5_0p02_0048_0014" 6143
"/Engine/EngineMaterials/Substrate/GLints/dict_16_192_64_0p5_0p02_0049_0002" 6144
"/Engine/EngineMaterials/Substrate/GLints/dict_16_192_64_0p5_0p02_0049_0007" 6145
"/Engine/EngineMaterials/Substrate/GLints/dict_16_192_64_0p5_0p02_0049_0004" 6146
"/Engine/EngineMaterials/Substrate/GLints/dict_16_192_64_0p5_0p02_0050_0001" 6147
"/Engine/EngineMaterials/Substrate/GLints/dict_16_192_64_0p5_0p02_0050_0000" 6148
"/Engine/EngineMaterials/Substrate/GLints/dict_16_192_64_0p5_0p02_0049_0015" 6149
"../../../Engine/Content/EngineMaterials/Substrate/GLints/dict_16_192_64_0p5_0p02_0050_0004.uasset" 6150
"../../../Engine/Content/EngineMaterials/Substrate/GLints/dict_16_192_64_0p5_0p02_0050_0002.uasset" 6151
"/Engine/EngineMaterials/Substrate/GLints/dict_16_192_64_0p5_0p02_0049_0013" 6152
"/Engine/EngineMaterials/Substrate/GLints/dict_16_192_64_0p5_0p02_0049_0012" 6153
"../../../Engine/Content/EngineMaterials/Substrate/GLints/dict_16_192_64_0p5_0p02_0049_0014.uasset" 6154
"../../../Engine/Content/EngineMaterials/Substrate/GLints/dict_16_192_64_0p5_0p02_0050_0003.uasset" 6155
"/Engine/EngineMaterials/Substrate/GLints/dict_16_192_64_0p5_0p02_0049_0011" 6156
"/Engine/EngineMaterials/Substrate/GLints/dict_16_192_64_0p5_0p02_0049_0010" 6157
"/Engine/EngineMaterials/Substrate/GLints/dict_16_192_64_0p5_0p02_0049_0009" 6158
"/Engine/EngineMaterials/Substrate/GLints/dict_16_192_64_0p5_0p02_0050_0004" 6159
"../../../Engine/Content/EngineMaterials/Substrate/GLints/dict_16_192_64_0p5_0p02_0050_0007.uasset" 6160
"../../../Engine/Content/EngineMaterials/Substrate/GLints/dict_16_192_64_0p5_0p02_0050_0014.uasset" 6161
"../../../Engine/Content/EngineMaterials/Substrate/GLints/dict_16_192_64_0p5_0p02_0050_0011.uasset" 6162
"../../../Engine/Content/EngineMaterials/Substrate/GLints/dict_16_192_64_0p5_0p02_0050_0005.uasset" 6163
"../../../Engine/Content/EngineMaterials/Substrate/GLints/dict_16_192_64_0p5_0p02_0050_0009.uasset" 6164
"../../../Engine/Content/EngineMaterials/Substrate/GLints/dict_16_192_64_0p5_0p02_0050_0006.uasset" 6165
"../../../Engine/Content/EngineMaterials/Substrate/GLints/dict_16_192_64_0p5_0p02_0050_0010.uasset" 6166
"../../../Engine/Content/EngineMaterials/Substrate/GLints/dict_16_192_64_0p5_0p02_0050_0008.uasset" 6167
"/Engine/EngineMaterials/Substrate/GLints/dict_16_192_64_0p5_0p02_0050_0003" 6168
"../../../Engine/Content/EngineMaterials/Substrate/GLints/dict_16_192_64_0p5_0p02_0050_0013.uasset" 6169
"../../../Engine/Content/EngineMaterials/Substrate/GLints/dict_16_192_64_0p5_0p02_0050_0012.uasset" 6170
"/Engine/EngineMaterials/Substrate/GLints/dict_16_192_64_0p5_0p02_0050_0002" 6171
"/Engine/EngineMaterials/Substrate/GLints/dict_16_192_64_0p5_0p02_0049_0014" 6172
"/Engine/EngineMaterials/Substrate/GLints/dict_16_192_64_0p5_0p02_0050_0014" 6173
"/Engine/EngineMaterials/Substrate/GLints/dict_16_192_64_0p5_0p02_0050_0013" 6174
"/Engine/EngineMaterials/Substrate/GLints/dict_16_192_64_0p5_0p02_0050_0006" 6175
"/Engine/EngineMaterials/Substrate/GLints/dict_16_192_64_0p5_0p02_0050_0005" 6176
"/Engine/EngineMaterials/Substrate/GLints/dict_16_192_64_0p5_0p02_0050_0012" 6177
"../../../Engine/Content/EngineMaterials/Substrate/GLints/dict_16_192_64_0p5_0p02_0050_0015.uasset" 6178
"../../../Engine/Content/EngineMaterials/Substrate/GLints/dict_16_192_64_0p5_0p02_0051_0000.uasset" 6179
"/Engine/EngineMaterials/Substrate/GLints/dict_16_192_64_0p5_0p02_0050_0011" 6180
"/Engine/EngineMaterials/Substrate/GLints/dict_16_192_64_0p5_0p02_0050_0010" 6181
"/Engine/EngineMaterials/Substrate/GLints/dict_16_192_64_0p5_0p02_0050_0009" 6182
"/Engine/EngineMaterials/Substrate/GLints/dict_16_192_64_0p5_0p02_0050_0008" 6183
"/Engine/EngineMaterials/Substrate/GLints/dict_16_192_64_0p5_0p02_0050_0007" 6184
"/Engine/EngineMaterials/Substrate/GLints/dict_16_192_64_0p5_0p02_0050_0015" 6185
"/Engine/EngineMaterials/Substrate/GLints/dict_16_192_64_0p5_0p02_0051_0000" 6186
"../../../Engine/Content/EngineMaterials/Substrate/GLints/dict_16_192_64_0p5_0p02_0051_0003.uasset" 6187
"../../../Engine/Content/EngineMaterials/Substrate/GLints/dict_16_192_64_0p5_0p02_0051_0007.uasset" 6188
"../../../Engine/Content/EngineMaterials/Substrate/GLints/dict_16_192_64_0p5_0p02_0051_0002.uasset" 6189
"/Engine/EngineMaterials/Substrate/GLints/dict_16_192_64_0p5_0p02_0051_0003" 6190
"../../../Engine/Content/EngineMaterials/Substrate/GLints/dict_16_192_64_0p5_0p02_0051_0005.uasset" 6191
"../../../Engine/Content/EngineMaterials/Substrate/GLints/dict_16_192_64_0p5_0p02_0051_0001.uasset" 6192
"../../../Engine/Content/EngineMaterials/Substrate/GLints/dict_16_192_64_0p5_0p02_0051_0011.uasset" 6193
"../../../Engine/Content/EngineMaterials/Substrate/GLints/dict_16_192_64_0p5_0p02_0051_0004.uasset" 6194
"/Engine/EngineMaterials/Substrate/GLints/dict_16_192_64_0p5_0p02_0051_0002" 6195
"../../../Engine/Content/EngineMaterials/Substrate/GLints/dict_16_192_64_0p5_0p02_0051_0008.uasset" 6196
"../../../Engine/Content/EngineMaterials/Substrate/GLints/dict_16_192_64_0p5_0p02_0051_0010.uasset" 6197
"/Engine/EngineMaterials/Substrate/GLints/dict_16_192_64_0p5_0p02_0051_0007" 6198
"../../../Engine/Content/EngineMaterials/Substrate/GLints/dict_16_192_64_0p5_0p02_0051_0006.uasset" 6199
"/Engine/EngineMaterials/Substrate/GLints/dict_16_192_64_0p5_0p02_0051_0006" 6200
"/Engine/EngineMaterials/Substrate/GLints/dict_16_192_64_0p5_0p02_0051_0005" 6201
"/Engine/EngineMaterials/Substrate/GLints/dict_16_192_64_0p5_0p02_0051_0004" 6202
"/Engine/EngineMaterials/Substrate/GLints/dict_16_192_64_0p5_0p02_0051_0001" 6203
"/Engine/EngineMaterials/Substrate/GLints/dict_16_192_64_0p5_0p02_0051_0011" 6204
"../../../Engine/Content/EngineMaterials/Substrate/GLints/dict_16_192_64_0p5_0p02_0051_0009.uasset" 6205
"/Engine/EngineMaterials/Substrate/GLints/dict_16_192_64_0p5_0p02_0051_0010" 6206
"/Engine/EngineMaterials/Substrate/GLints/dict_16_192_64_0p5_0p02_0051_0008" 6207
"../../../Engine/Content/EngineMaterials/Substrate/GLints/dict_16_192_64_0p5_0p02_0051_0012.uasset" 6208
"../../../Engine/Content/EngineMaterials/Substrate/GLints/dict_16_192_64_0p5_0p02_0051_0014.uasset" 6209
"/Engine/EngineMaterials/Substrate/GLints/dict_16_192_64_0p5_0p02_0051_0012" 6210
"/Engine/EngineMaterials/Substrate/GLints/dict_16_192_64_0p5_0p02_0051_0009" 6211
"../../../Engine/Content/EngineMaterials/Substrate/GLints/dict_16_192_64_0p5_0p02_0051_0013.uasset" 6212
"../../../Engine/Content/EngineMaterials/Substrate/GLints/dict_16_192_64_0p5_0p02_0052_0000.uasset" 6213
"../../../Engine/Content/EngineMaterials/Substrate/GLints/dict_16_192_64_0p5_0p02_0052_0008.uasset" 6214
"../../../Engine/Content/EngineMaterials/Substrate/GLints/dict_16_192_64_0p5_0p02_0052_0001.uasset" 6215
"../../../Engine/Content/EngineMaterials/Substrate/GLints/dict_16_192_64_0p5_0p02_0052_0007.uasset" 6216
"../../../Engine/Content/EngineMaterials/Substrate/GLints/dict_16_192_64_0p5_0p02_0051_0015.uasset" 6217
"../../../Engine/Content/EngineMaterials/Substrate/GLints/dict_16_192_64_0p5_0p02_0052_0006.uasset" 6218
"../../../Engine/Content/EngineMaterials/Substrate/GLints/dict_16_192_64_0p5_0p02_0052_0005.uasset" 6219
"../../../Engine/Content/EngineMaterials/Substrate/GLints/dict_16_192_64_0p5_0p02_0052_0004.uasset" 6220
"../../../Engine/Content/EngineMaterials/Substrate/GLints/dict_16_192_64_0p5_0p02_0052_0003.uasset" 6221
"/Engine/EngineMaterials/Substrate/GLints/dict_16_192_64_0p5_0p02_0052_0000" 6222
"../../../Engine/Content/EngineMaterials/Substrate/GLints/dict_16_192_64_0p5_0p02_0052_0002.uasset" 6223
"/Engine/EngineMaterials/Substrate/GLints/dict_16_192_64_0p5_0p02_0051_0014" 6224
"/Engine/EngineMaterials/Substrate/GLints/dict_16_192_64_0p5_0p02_0051_0013" 6225
"/Engine/EngineMaterials/Substrate/GLints/dict_16_192_64_0p5_0p02_0052_0008" 6226
"/Engine/EngineMaterials/Substrate/GLints/dict_16_192_64_0p5_0p02_0052_0007" 6227
"/Engine/EngineMaterials/Substrate/GLints/dict_16_192_64_0p5_0p02_0052_0001" 6228
"/Engine/EngineMaterials/Substrate/GLints/dict_16_192_64_0p5_0p02_0052_0006" 6229
"/Engine/EngineMaterials/Substrate/GLints/dict_16_192_64_0p5_0p02_0052_0005" 6230
"/Engine/EngineMaterials/Substrate/GLints/dict_16_192_64_0p5_0p02_0051_0015" 6231
"../../../Engine/Content/EngineMaterials/Substrate/GLints/dict_16_192_64_0p5_0p02_0052_0012.uasset" 6232
"/Engine/EngineMaterials/Substrate/GLints/dict_16_192_64_0p5_0p02_0052_0004" 6233
"../../../Engine/Content/EngineMaterials/Substrate/GLints/dict_16_192_64_0p5_0p02_0052_0011.uasset" 6234
"../../../Engine/Content/EngineMaterials/Substrate/GLints/dict_16_192_64_0p5_0p02_0052_0009.uasset" 6235
"/Engine/EngineMaterials/Substrate/GLints/dict_16_192_64_0p5_0p02_0052_0003" 6236
"/Engine/EngineMaterials/Substrate/GLints/dict_16_192_64_0p5_0p02_0052_0002" 6237
"/Engine/EngineMaterials/Substrate/GLints/dict_16_192_64_0p5_0p02_0052_0012" 6238
"/Engine/EngineMaterials/Substrate/GLints/dict_16_192_64_0p5_0p02_0052_0011" 6239
"/Engine/EngineMaterials/Substrate/GLints/dict_16_192_64_0p5_0p02_0052_0009" 6240
"../../../Engine/Content/EngineMaterials/Substrate/GLints/dict_16_192_64_0p5_0p02_0052_0013.uasset" 6241
"../../../Engine/Content/EngineMaterials/Substrate/GLints/dict_16_192_64_0p5_0p02_0053_0006.uasset" 6242
"../../../Engine/Content/EngineMaterials/Substrate/GLints/dict_16_192_64_0p5_0p02_0052_0010.uasset" 6243
"../../../Engine/Content/EngineMaterials/Substrate/GLints/dict_16_192_64_0p5_0p02_0052_0015.uasset" 6244
"../../../Engine/Content/EngineMaterials/Substrate/GLints/dict_16_192_64_0p5_0p02_0053_0001.uasset" 6245
"../../../Engine/Content/EngineMaterials/Substrate/GLints/dict_16_192_64_0p5_0p02_0053_0002.uasset" 6246
"../../../Engine/Content/EngineMaterials/Substrate/GLints/dict_16_192_64_0p5_0p02_0053_0005.uasset" 6247
"../../../Engine/Content/EngineMaterials/Substrate/GLints/dict_16_192_64_0p5_0p02_0053_0003.uasset" 6248
"../../../Engine/Content/EngineMaterials/Substrate/GLints/dict_16_192_64_0p5_0p02_0053_0009.uasset" 6249
"../../../Engine/Content/EngineMaterials/Substrate/GLints/dict_16_192_64_0p5_0p02_0053_0008.uasset" 6250
"../../../Engine/Content/EngineMaterials/Substrate/GLints/dict_16_192_64_0p5_0p02_0053_0010.uasset" 6251
"../../../Engine/Content/EngineMaterials/Substrate/GLints/dict_16_192_64_0p5_0p02_0053_0013.uasset" 6252
"../../../Engine/Content/EngineMaterials/Substrate/GLints/dict_16_192_64_0p5_0p02_0053_0014.uasset" 6253
"/Engine/EngineMaterials/Substrate/GLints/dict_16_192_64_0p5_0p02_0053_0010" 6254
"../../../Engine/Content/EngineMaterials/Substrate/GLints/dict_16_192_64_0p5_0p02_0053_0015.uasset" 6255
"../../../Engine/Content/EngineMaterials/Substrate/GLints/dict_16_192_64_0p5_0p02_0053_0007.uasset" 6256
"/Engine/EngineMaterials/Substrate/GLints/dict_16_192_64_0p5_0p02_0053_0009" 6257
"../../../Engine/Content/EngineMaterials/Substrate/GLints/dict_16_192_64_0p5_0p02_0053_0012.uasset" 6258
"../../../Engine/Content/EngineMaterials/Substrate/GLints/dict_16_192_64_0p5_0p02_0053_0011.uasset" 6259
"/Engine/EngineMaterials/Substrate/GLints/dict_16_192_64_0p5_0p02_0053_0008" 6260
"/Engine/EngineMaterials/Substrate/GLints/dict_16_192_64_0p5_0p02_0053_0003" 6261
"/Engine/EngineMaterials/Substrate/GLints/dict_16_192_64_0p5_0p02_0053_0002" 6262
"/Engine/EngineMaterials/Substrate/GLints/dict_16_192_64_0p5_0p02_0052_0013" 6263
"../../../Engine/Content/EngineMaterials/Substrate/GLints/dict_16_192_64_0p5_0p02_0054_0003.uasset" 6264
"../../../Engine/Content/EngineMaterials/Substrate/GLints/dict_16_192_64_0p5_0p02_0054_0002.uasset" 6265
"/Engine/EngineMaterials/Substrate/GLints/dict_16_192_64_0p5_0p02_0052_0015" 6266
"/Engine/EngineMaterials/Substrate/GLints/dict_16_192_64_0p5_0p02_0052_0010" 6267
"/Engine/EngineMaterials/Substrate/GLints/dict_16_192_64_0p5_0p02_0053_0006" 6268
"../../../Engine/Content/EngineMaterials/Substrate/GLints/dict_16_192_64_0p5_0p02_0054_0001.uasset" 6269
"/Engine/EngineMaterials/Substrate/GLints/dict_16_192_64_0p5_0p02_0053_0014" 6270
"/Engine/EngineMaterials/Substrate/GLints/dict_16_192_64_0p5_0p02_0053_0013" 6271
"/Engine/EngineMaterials/Substrate/GLints/dict_16_192_64_0p5_0p02_0053_0005" 6272
"/Engine/EngineMaterials/Substrate/GLints/dict_16_192_64_0p5_0p02_0053_0001" 6273
"/Engine/EngineMaterials/Substrate/GLints/dict_16_192_64_0p5_0p02_0053_0007" 6274
"/Engine/EngineMaterials/Substrate/GLints/dict_16_192_64_0p5_0p02_0054_0003" 6275
"/Engine/EngineMaterials/Substrate/GLints/dict_16_192_64_0p5_0p02_0054_0002" 6276
"/Engine/EngineMaterials/Substrate/GLints/dict_16_192_64_0p5_0p02_0054_0001" 6277
"../../../Engine/Content/EngineMaterials/Substrate/GLints/dict_16_192_64_0p5_0p02_0052_0014.uasset" 6278
"../../../Engine/Content/EngineMaterials/Substrate/GLints/dict_16_192_64_0p5_0p02_0054_0006.uasset" 6279
"../../../Engine/Content/EngineMaterials/Substrate/GLints/dict_16_192_64_0p5_0p02_0054_0004.uasset" 6280
"/Engine/EngineMaterials/Substrate/GLints/dict_16_192_64_0p5_0p02_0053_0012" 6281
"/Engine/EngineMaterials/Substrate/GLints/dict_16_192_64_0p5_0p02_0053_0015" 6282
"/Engine/EngineMaterials/Substrate/GLints/dict_16_192_64_0p5_0p02_0053_0011" 6283
"../../../Engine/Content/EngineMaterials/Substrate/GLints/dict_16_192_64_0p5_0p02_0054_0000.uasset" 6284
"../../../Engine/Content/EngineMaterials/Substrate/GLints/dict_16_192_64_0p5_0p02_0054_0008.uasset" 6285
"/Engine/EngineMaterials/Substrate/GLints/dict_16_192_64_0p5_0p02_0054_0004" 6286
"../../../Engine/Content/EngineMaterials/Substrate/GLints/dict_16_192_64_0p5_0p02_0054_0010.uasset" 6287
"/Engine/EngineMaterials/Substrate/GLints/dict_16_192_64_0p5_0p02_0054_0008" 6288
"../../../Engine/Content/EngineMaterials/Substrate/GLints/dict_16_192_64_0p5_0p02_0054_0005.uasset" 6289
"../../../Engine/Content/EngineMaterials/Substrate/GLints/dict_16_192_64_0p5_0p02_0053_0000.uasset" 6290
"../../../Engine/Content/EngineMaterials/Substrate/GLints/dict_16_192_64_0p5_0p02_0054_0009.uasset" 6291
"../../../Engine/Content/EngineMaterials/Substrate/GLints/dict_16_192_64_0p5_0p02_0054_0007.uasset" 6292
"/Engine/EngineMaterials/Substrate/GLints/dict_16_192_64_0p5_0p02_0052_0014" 6293
"/Engine/EngineMaterials/Substrate/GLints/dict_16_192_64_0p5_0p02_0054_0006" 6294
"/Engine/EngineMaterials/Substrate/GLints/dict_16_192_64_0p5_0p02_0054_0000" 6295
"/Engine/EngineMaterials/Substrate/GLints/dict_16_192_64_0p5_0p02_0053_0000" 6296
"/Engine/EngineMaterials/Substrate/GLints/dict_16_192_64_0p5_0p02_0054_0010" 6297
"/Engine/EngineMaterials/Substrate/GLints/dict_16_192_64_0p5_0p02_0054_0007" 6298
"/Engine/EngineMaterials/Substrate/GLints/dict_16_192_64_0p5_0p02_0054_0005" 6299
"/Engine/EngineMaterials/Substrate/GLints/dict_16_192_64_0p5_0p02_0054_0009" 6300
"../../../Engine/Content/EngineMaterials/Substrate/GLints/dict_16_192_64_0p5_0p02_0054_0011.uasset" 6301
"/Engine/EngineMaterials/Substrate/GLints/dict_16_192_64_0p5_0p02_0054_0011" 6302
"../../../Engine/Content/EngineMaterials/Substrate/GLints/dict_16_192_64_0p5_0p02_0054_0013.uasset" 6303
"../../../Engine/Content/EngineMaterials/Substrate/GLints/dict_16_192_64_0p5_0p02_0055_0000.uasset" 6304
"../../../Engine/Content/EngineMaterials/Substrate/GLints/dict_16_192_64_0p5_0p02_0054_0014.uasset" 6305
"../../../Engine/Content/EngineMaterials/Substrate/GLints/dict_16_192_64_0p5_0p02_0053_0004.uasset" 6306
"../../../Engine/Content/EngineMaterials/Substrate/GLints/dict_16_192_64_0p5_0p02_0055_0001.uasset" 6307
"../../../Engine/Content/EngineMaterials/Substrate/GLints/dict_16_192_64_0p5_0p02_0055_0006.uasset" 6308
"../../../Engine/Content/EngineMaterials/Substrate/GLints/dict_16_192_64_0p5_0p02_0055_0007.uasset" 6309
"../../../Engine/Content/EngineMaterials/Substrate/GLints/dict_16_192_64_0p5_0p02_0055_0002.uasset" 6310
"../../../Engine/Content/EngineMaterials/Substrate/GLints/dict_16_192_64_0p5_0p02_0055_0010.uasset" 6311
"../../../Engine/Content/EngineMaterials/Substrate/GLints/dict_16_192_64_0p5_0p02_0055_0011.uasset" 6312
"../../../Engine/Content/EngineMaterials/Substrate/GLints/dict_16_192_64_0p5_0p02_0055_0012.uasset" 6313
"../../../Engine/Content/EngineMaterials/Substrate/GLints/dict_16_192_64_0p5_0p02_0054_0012.uasset" 6314
"../../../Engine/Content/EngineMaterials/Substrate/GLints/dict_16_192_64_0p5_0p02_0055_0004.uasset" 6315
"../../../Engine/Content/EngineMaterials/Substrate/GLints/dict_16_192_64_0p5_0p02_0054_0015.uasset" 6316
"/Engine/EngineMaterials/Substrate/GLints/dict_16_192_64_0p5_0p02_0055_0007" 6317
"/Engine/EngineMaterials/Substrate/GLints/dict_16_192_64_0p5_0p02_0055_0006" 6318
"../../../Engine/Content/EngineMaterials/Substrate/GLints/dict_16_192_64_0p5_0p02_0055_0003.uasset" 6319
"/Engine/EngineMaterials/Substrate/GLints/dict_16_192_64_0p5_0p02_0055_0004" 6320
"/Engine/EngineMaterials/Substrate/GLints/dict_16_192_64_0p5_0p02_0055_0002" 6321
"/Engine/EngineMaterials/Substrate/GLints/dict_16_192_64_0p5_0p02_0055_0001" 6322
"/Engine/EngineMaterials/Substrate/GLints/dict_16_192_64_0p5_0p02_0055_0012" 6323
"../../../Engine/Content/EngineMaterials/Substrate/GLints/dict_16_192_64_0p5_0p02_0055_0008.uasset" 6324
"/Engine/EngineMaterials/Substrate/GLints/dict_16_192_64_0p5_0p02_0055_0011" 6325
"../../../Engine/Content/EngineMaterials/Substrate/GLints/dict_16_192_64_0p5_0p02_0055_0009.uasset" 6326
"../../../Engine/Content/EngineMaterials/Substrate/GLints/dict_16_192_64_0p5_0p02_0055_0013.uasset" 6327
"/Engine/EngineMaterials/Substrate/GLints/dict_16_192_64_0p5_0p02_0055_0010" 6328
"/Engine/EngineMaterials/Substrate/GLints/dict_16_192_64_0p5_0p02_0055_0000" 6329
"/Engine/EngineMaterials/Substrate/GLints/dict_16_192_64_0p5_0p02_0054_0014" 6330
"/Engine/EngineMaterials/Substrate/GLints/dict_16_192_64_0p5_0p02_0054_0013" 6331
"../../../Engine/Content/EngineMaterials/Substrate/GLints/dict_16_192_64_0p5_0p02_0055_0005.uasset" 6332
"../../../Engine/Content/EngineMaterials/Substrate/GLints/dict_16_192_64_0p5_0p02_0055_0014.uasset" 6333
"/Engine/EngineMaterials/Substrate/GLints/dict_16_192_64_0p5_0p02_0053_0004" 6334
"/Engine/EngineMaterials/Substrate/GLints/dict_16_192_64_0p5_0p02_0054_0012" 6335
"/Engine/EngineMaterials/Substrate/GLints/dict_16_192_64_0p5_0p02_0055_0008" 6336
"/Engine/EngineMaterials/Substrate/GLints/dict_16_192_64_0p5_0p02_0055_0005" 6337
"/Engine/EngineMaterials/Substrate/GLints/dict_16_192_64_0p5_0p02_0055_0003" 6338
"/Engine/EngineMaterials/Substrate/GLints/dict_16_192_64_0p5_0p02_0055_0014" 6339
"/Engine/EngineMaterials/Substrate/GLints/dict_16_192_64_0p5_0p02_0055_0013" 6340
"../../../Engine/Content/EngineMaterials/Substrate/GLints/dict_16_192_64_0p5_0p02_0056_0000.uasset" 6341
"../../../Engine/Content/EngineMaterials/Substrate/GLints/dict_16_192_64_0p5_0p02_0056_0005.uasset" 6342
"../../../Engine/Content/EngineMaterials/Substrate/GLints/dict_16_192_64_0p5_0p02_0056_0004.uasset" 6343
"../../../Engine/Content/EngineMaterials/Substrate/GLints/dict_16_192_64_0p5_0p02_0056_0002.uasset" 6344
"../../../Engine/Content/EngineMaterials/Substrate/GLints/dict_16_192_64_0p5_0p02_0056_0003.uasset" 6345
"../../../Engine/Content/EngineMaterials/Substrate/GLints/dict_16_192_64_0p5_0p02_0056_0001.uasset" 6346
"/Engine/EngineMaterials/Substrate/GLints/dict_16_192_64_0p5_0p02_0054_0015" 6347
"../../../Engine/Content/EngineMaterials/Substrate/GLints/dict_16_192_64_0p5_0p02_0055_0015.uasset" 6348
"/Engine/EngineMaterials/Substrate/GLints/dict_16_192_64_0p5_0p02_0055_0009" 6349
"/Engine/EngineMaterials/Substrate/GLints/dict_16_192_64_0p5_0p02_0056_0004" 6350
"/Engine/EngineMaterials/Substrate/GLints/dict_16_192_64_0p5_0p02_0056_0003" 6351
"../../../Engine/Content/EngineMaterials/Substrate/GLints/dict_16_192_64_0p5_0p02_0056_0007.uasset" 6352
"/Engine/EngineMaterials/Substrate/GLints/dict_16_192_64_0p5_0p02_0056_0002" 6353
"/Engine/EngineMaterials/Substrate/GLints/dict_16_192_64_0p5_0p02_0055_0015" 6354
"../../../Engine/Content/EngineMaterials/Substrate/GLints/dict_16_192_64_0p5_0p02_0056_0006.uasset" 6355
"../../../Engine/Content/EngineMaterials/Substrate/GLints/dict_16_192_64_0p5_0p02_0056_0010.uasset" 6356
"../../../Engine/Content/EngineMaterials/Substrate/GLints/dict_16_192_64_0p5_0p02_0056_0008.uasset" 6357
"../../../Engine/Content/EngineMaterials/Substrate/GLints/dict_16_192_64_0p5_0p02_0056_0009.uasset" 6358
"/Engine/EngineMaterials/Substrate/GLints/dict_16_192_64_0p5_0p02_0056_0001" 6359
"/Engine/EngineMaterials/Substrate/GLints/dict_16_192_64_0p5_0p02_0056_0005" 6360
"/Engine/EngineMaterials/Substrate/GLints/dict_16_192_64_0p5_0p02_0056_0000" 6361
"/Engine/EngineMaterials/Substrate/GLints/dict_16_192_64_0p5_0p02_0056_0009" 6362
"/Engine/EngineMaterials/Substrate/GLints/dict_16_192_64_0p5_0p02_0056_0010" 6363
"/Engine/EngineMaterials/Substrate/GLints/dict_16_192_64_0p5_0p02_0056_0008" 6364
"/Engine/EngineMaterials/Substrate/GLints/dict_16_192_64_0p5_0p02_0056_0007" 6365
"/Engine/EngineMaterials/Substrate/GLints/dict_16_192_64_0p5_0p02_0056_0006" 6366
"../../../Engine/Content/EngineMaterials/Substrate/GLints/dict_16_192_64_0p5_0p02_0056_0012.uasset" 6367
"../../../Engine/Content/EngineMaterials/Substrate/GLints/dict_16_192_64_0p5_0p02_0056_0015.uasset" 6368
"../../../Engine/Content/EngineMaterials/Substrate/GLints/dict_16_192_64_0p5_0p02_0057_0000.uasset" 6369
"../../../Engine/Content/EngineMaterials/Substrate/GLints/dict_16_192_64_0p5_0p02_0056_0014.uasset" 6370
"../../../Engine/Content/EngineMaterials/Substrate/GLints/dict_16_192_64_0p5_0p02_0057_0001.uasset" 6371
"../../../Engine/Content/EngineMaterials/Substrate/GLints/dict_16_192_64_0p5_0p02_0057_0002.uasset" 6372
"../../../Engine/Content/EngineMaterials/Substrate/GLints/dict_16_192_64_0p5_0p02_0056_0011.uasset" 6373
"../../../Engine/Content/EngineMaterials/Substrate/GLints/dict_16_192_64_0p5_0p02_0056_0013.uasset" 6374
"../../../Engine/Content/EngineMaterials/Substrate/GLints/dict_16_192_64_0p5_0p02_0057_0005.uasset" 6375
"../../../Engine/Content/EngineMaterials/Substrate/GLints/dict_16_192_64_0p5_0p02_0057_0007.uasset" 6376
"../../../Engine/Content/EngineMaterials/Substrate/GLints/dict_16_192_64_0p5_0p02_0057_0004.uasset" 6377
"../../../Engine/Content/EngineMaterials/Substrate/GLints/dict_16_192_64_0p5_0p02_0057_0006.uasset" 6378
"../../../Engine/Content/EngineMaterials/Substrate/GLints/dict_16_192_64_0p5_0p02_0057_0003.uasset" 6379
"../../../Engine/Content/EngineMaterials/Substrate/GLints/dict_16_192_64_0p5_0p02_0057_0009.uasset" 6380
"../../../Engine/Content/EngineMaterials/Substrate/GLints/dict_16_192_64_0p5_0p02_0057_0011.uasset" 6381
"/Engine/EngineMaterials/Substrate/GLints/dict_16_192_64_0p5_0p02_0057_0007" 6382
"../../../Engine/Content/EngineMaterials/Substrate/GLints/dict_16_192_64_0p5_0p02_0057_0014.uasset" 6383
"../../../Engine/Content/EngineMaterials/Substrate/GLints/dict_16_192_64_0p5_0p02_0057_0008.uasset" 6384
"/Engine/EngineMaterials/Substrate/GLints/dict_16_192_64_0p5_0p02_0057_0006" 6385
"../../../Engine/Content/EngineMaterials/Substrate/GLints/dict_16_192_64_0p5_0p02_0057_0013.uasset" 6386
"/Engine/EngineMaterials/Substrate/GLints/dict_16_192_64_0p5_0p02_0057_0005" 6387
"/Engine/EngineMaterials/Substrate/GLints/dict_16_192_64_0p5_0p02_0057_0011" 6388
"/Engine/EngineMaterials/Substrate/GLints/dict_16_192_64_0p5_0p02_0057_0004" 6389
"../../../Engine/Content/EngineMaterials/Substrate/GLints/dict_16_192_64_0p5_0p02_0057_0015.uasset" 6390
"/Engine/EngineMaterials/Substrate/GLints/dict_16_192_64_0p5_0p02_0057_0003" 6391
"../../../Engine/Content/EngineMaterials/Substrate/GLints/dict_16_192_64_0p5_0p02_0058_0003.uasset" 6392
"/Engine/EngineMaterials/Substrate/GLints/dict_16_192_64_0p5_0p02_0057_0002" 6393
"../../../Engine/Content/EngineMaterials/Substrate/GLints/dict_16_192_64_0p5_0p02_0057_0010.uasset" 6394
"/Engine/EngineMaterials/Substrate/GLints/dict_16_192_64_0p5_0p02_0057_0001" 6395
"../../../Engine/Content/EngineMaterials/Substrate/GLints/dict_16_192_64_0p5_0p02_0057_0012.uasset" 6396
"../../../Engine/Content/EngineMaterials/Substrate/GLints/dict_16_192_64_0p5_0p02_0058_0001.uasset" 6397
"/Engine/EngineMaterials/Substrate/GLints/dict_16_192_64_0p5_0p02_0057_0000" 6398
"/Engine/EngineMaterials/Substrate/GLints/dict_16_192_64_0p5_0p02_0056_0015" 6399
"../../../Engine/Content/EngineMaterials/Substrate/GLints/dict_16_192_64_0p5_0p02_0058_0004.uasset" 6400
"/Engine/EngineMaterials/Substrate/GLints/dict_16_192_64_0p5_0p02_0057_0009" 6401
"/Engine/EngineMaterials/Substrate/GLints/dict_16_192_64_0p5_0p02_0056_0014" 6402
"/Engine/EngineMaterials/Substrate/GLints/dict_16_192_64_0p5_0p02_0056_0013" 6403
"/Engine/EngineMaterials/Substrate/GLints/dict_16_192_64_0p5_0p02_0056_0012" 6404
"/Engine/EngineMaterials/Substrate/GLints/dict_16_192_64_0p5_0p02_0056_0011" 6405
"../../../Engine/Content/EngineMaterials/Substrate/GLints/dict_16_192_64_0p5_0p02_0058_0002.uasset" 6406
"../../../Engine/Content/EngineMaterials/Substrate/GLints/dict_16_192_64_0p5_0p02_0058_0000.uasset" 6407
"/Engine/EngineMaterials/Substrate/GLints/dict_16_192_64_0p5_0p02_0057_0014" 6408
"/Engine/EngineMaterials/Substrate/GLints/dict_16_192_64_0p5_0p02_0058_0004" 6409
"/Engine/EngineMaterials/Substrate/GLints/dict_16_192_64_0p5_0p02_0057_0013" 6410
"/Engine/EngineMaterials/Substrate/GLints/dict_16_192_64_0p5_0p02_0058_0003" 6411
"../../../Engine/Content/EngineMaterials/Substrate/GLints/dict_16_192_64_0p5_0p02_0058_0005.uasset" 6412
"../../../Engine/Content/EngineMaterials/Substrate/GLints/dict_16_192_64_0p5_0p02_0058_0006.uasset" 6413
"../../../Engine/Content/EngineMaterials/Substrate/GLints/dict_16_192_64_0p5_0p02_0058_0009.uasset" 6414
"/Engine/EngineMaterials/Substrate/GLints/dict_16_192_64_0p5_0p02_0058_0002" 6415
"/Engine/EngineMaterials/Substrate/GLints/dict_16_192_64_0p5_0p02_0057_0012" 6416
"../../../Engine/Content/EngineMaterials/Substrate/GLints/dict_16_192_64_0p5_0p02_0058_0008.uasset" 6417
"/Engine/EngineMaterials/Substrate/GLints/dict_16_192_64_0p5_0p02_0058_0001" 6418
"/Engine/EngineMaterials/Substrate/GLints/dict_16_192_64_0p5_0p02_0057_0010" 6419
"/Engine/EngineMaterials/Substrate/GLints/dict_16_192_64_0p5_0p02_0058_0000" 6420
"/Engine/EngineMaterials/Substrate/GLints/dict_16_192_64_0p5_0p02_0057_0015" 6421
"/Engine/EngineMaterials/Substrate/GLints/dict_16_192_64_0p5_0p02_0057_0008" 6422
"../../../Engine/Content/EngineMaterials/Substrate/GLints/dict_16_192_64_0p5_0p02_0058_0007.uasset" 6423
"/Engine/EngineMaterials/Substrate/GLints/dict_16_192_64_0p5_0p02_0058_0005" 6424
"/Engine/EngineMaterials/Substrate/GLints/dict_16_192_64_0p5_0p02_0058_0009" 6425
"/Engine/EngineMaterials/Substrate/GLints/dict_16_192_64_0p5_0p02_0058_0008" 6426
"/Engine/EngineMaterials/Substrate/GLints/dict_16_192_64_0p5_0p02_0058_0007" 6427
"/Engine/EngineMaterials/Substrate/GLints/dict_16_192_64_0p5_0p02_0058_0006" 6428
"../../../Engine/Content/EngineMaterials/Substrate/GLints/dict_16_192_64_0p5_0p02_0058_0010.uasset" 6429
"../../../Engine/Content/EngineMaterials/Substrate/GLints/dict_16_192_64_0p5_0p02_0059_0001.uasset" 6430
"../../../Engine/Content/EngineMaterials/Substrate/GLints/dict_16_192_64_0p5_0p02_0058_0015.uasset" 6431
"../../../Engine/Content/EngineMaterials/Substrate/GLints/dict_16_192_64_0p5_0p02_0058_0012.uasset" 6432
"../../../Engine/Content/EngineMaterials/Substrate/GLints/dict_16_192_64_0p5_0p02_0058_0014.uasset" 6433
"../../../Engine/Content/EngineMaterials/Substrate/GLints/dict_16_192_64_0p5_0p02_0058_0011.uasset" 6434
"../../../Engine/Content/EngineMaterials/Substrate/GLints/dict_16_192_64_0p5_0p02_0058_0013.uasset" 6435
"../../../Engine/Content/EngineMaterials/Substrate/GLints/dict_16_192_64_0p5_0p02_0059_0004.uasset" 6436
"../../../Engine/Content/EngineMaterials/Substrate/GLints/dict_16_192_64_0p5_0p02_0059_0002.uasset" 6437
"../../../Engine/Content/EngineMaterials/Substrate/GLints/dict_16_192_64_0p5_0p02_0059_0000.uasset" 6438
"../../../Engine/Content/EngineMaterials/Substrate/GLints/dict_16_192_64_0p5_0p02_0059_0005.uasset" 6439
"../../../Engine/Content/EngineMaterials/Substrate/GLints/dict_16_192_64_0p5_0p02_0059_0006.uasset" 6440
"../../../Engine/Content/EngineMaterials/Substrate/GLints/dict_16_192_64_0p5_0p02_0059_0003.uasset" 6441
"../../../Engine/Content/EngineMaterials/Substrate/GLints/dict_16_192_64_0p5_0p02_0059_0009.uasset" 6442
"../../../Engine/Content/EngineMaterials/Substrate/GLints/dict_16_192_64_0p5_0p02_0059_0012.uasset" 6443
"../../../Engine/Content/EngineMaterials/Substrate/GLints/dict_16_192_64_0p5_0p02_0059_0007.uasset" 6444
"../../../Engine/Content/EngineMaterials/Substrate/GLints/dict_16_192_64_0p5_0p02_0059_0010.uasset" 6445
"../../../Engine/Content/EngineMaterials/Substrate/GLints/dict_16_192_64_0p5_0p02_0059_0014.uasset" 6446
"../../../Engine/Content/EngineMaterials/Substrate/GLints/dict_16_192_64_0p5_0p02_0059_0015.uasset" 6447
"../../../Engine/Content/EngineMaterials/Substrate/GLints/dict_16_192_64_0p5_0p02_0059_0011.uasset" 6448
"../../../Engine/Content/EngineMaterials/Substrate/GLints/dict_16_192_64_0p5_0p02_0060_0002.uasset" 6449
"/Engine/EngineMaterials/Substrate/GLints/dict_16_192_64_0p5_0p02_0058_0010" 6450
"../../../Engine/Content/EngineMaterials/Substrate/GLints/dict_16_192_64_0p5_0p02_0059_0008.uasset" 6451
"../../../Engine/Content/EngineMaterials/Substrate/GLints/dict_16_192_64_0p5_0p02_0060_0000.uasset" 6452
"/Engine/EngineMaterials/Substrate/GLints/dict_16_192_64_0p5_0p02_0059_0009" 6453
"../../../Engine/Content/EngineMaterials/Substrate/GLints/dict_16_192_64_0p5_0p02_0059_0013.uasset" 6454
"/Engine/EngineMaterials/Substrate/GLints/dict_16_192_64_0p5_0p02_0059_0007" 6455
"../../../Engine/Content/EngineMaterials/Substrate/GLints/dict_16_192_64_0p5_0p02_0060_0001.uasset" 6456
"/Engine/EngineMaterials/Substrate/GLints/dict_16_192_64_0p5_0p02_0059_0006" 6457
"/Engine/EngineMaterials/Substrate/GLints/dict_16_192_64_0p5_0p02_0059_0005" 6458
"/Engine/EngineMaterials/Substrate/GLints/dict_16_192_64_0p5_0p02_0059_0004" 6459
"/Engine/EngineMaterials/Substrate/GLints/dict_16_192_64_0p5_0p02_0059_0012" 6460
"/Engine/EngineMaterials/Substrate/GLints/dict_16_192_64_0p5_0p02_0059_0003" 6461
"/Engine/EngineMaterials/Substrate/GLints/dict_16_192_64_0p5_0p02_0059_0002" 6462
"/Engine/EngineMaterials/Substrate/GLints/dict_16_192_64_0p5_0p02_0059_0001" 6463
"/Engine/EngineMaterials/Substrate/GLints/dict_16_192_64_0p5_0p02_0059_0000" 6464
"/Engine/EngineMaterials/Substrate/GLints/dict_16_192_64_0p5_0p02_0058_0015" 6465
"/Engine/EngineMaterials/Substrate/GLints/dict_16_192_64_0p5_0p02_0058_0014" 6466
"/Engine/EngineMaterials/Substrate/GLints/dict_16_192_64_0p5_0p02_0058_0013" 6467
"/Engine/EngineMaterials/Substrate/GLints/dict_16_192_64_0p5_0p02_0059_0010" 6468
"/Engine/EngineMaterials/Substrate/GLints/dict_16_192_64_0p5_0p02_0058_0012" 6469
"/Engine/EngineMaterials/Substrate/GLints/dict_16_192_64_0p5_0p02_0058_0011" 6470
"/Engine/EngineMaterials/Substrate/GLints/dict_16_192_64_0p5_0p02_0059_0008" 6471
"../../../Engine/Content/EngineMaterials/Substrate/GLints/dict_16_192_64_0p5_0p02_0060_0004.uasset" 6472
"../../../Engine/Content/EngineMaterials/Substrate/GLints/dict_16_192_64_0p5_0p02_0060_0009.uasset" 6473
"../../../Engine/Content/EngineMaterials/Substrate/GLints/dict_16_192_64_0p5_0p02_0060_0006.uasset" 6474
"../../../Engine/Content/EngineMaterials/Substrate/GLints/dict_16_192_64_0p5_0p02_0060_0008.uasset" 6475
"/Engine/EngineMaterials/Substrate/GLints/dict_16_192_64_0p5_0p02_0060_0002" 6476
"../../../Engine/Content/EngineMaterials/Substrate/GLints/dict_16_192_64_0p5_0p02_0060_0005.uasset" 6477
"../../../Engine/Content/EngineMaterials/Substrate/GLints/dict_16_192_64_0p5_0p02_0060_0007.uasset" 6478
"/Engine/EngineMaterials/Substrate/GLints/dict_16_192_64_0p5_0p02_0060_0001" 6479
"/Engine/EngineMaterials/Substrate/GLints/dict_16_192_64_0p5_0p02_0060_0000" 6480
"../../../Engine/Content/EngineMaterials/Substrate/GLints/dict_16_192_64_0p5_0p02_0060_0003.uasset" 6481
"/Engine/EngineMaterials/Substrate/GLints/dict_16_192_64_0p5_0p02_0059_0015" 6482
"/Engine/EngineMaterials/Substrate/GLints/dict_16_192_64_0p5_0p02_0059_0014" 6483
"/Engine/EngineMaterials/Substrate/GLints/dict_16_192_64_0p5_0p02_0059_0013" 6484
"/Engine/EngineMaterials/Substrate/GLints/dict_16_192_64_0p5_0p02_0059_0011" 6485
"/Engine/EngineMaterials/Substrate/GLints/dict_16_192_64_0p5_0p02_0060_0004" 6486
"/Engine/EngineMaterials/Substrate/GLints/dict_16_192_64_0p5_0p02_0060_0009" 6487
"/Engine/EngineMaterials/Substrate/GLints/dict_16_192_64_0p5_0p02_0060_0003" 6488
"/Engine/EngineMaterials/Substrate/GLints/dict_16_192_64_0p5_0p02_0060_0008" 6489
"../../../Engine/Content/EngineMaterials/Substrate/GLints/dict_16_192_64_0p5_0p02_0060_0010.uasset" 6490
"../../../Engine/Content/EngineMaterials/Substrate/GLints/dict_16_192_64_0p5_0p02_0060_0013.uasset" 6491
"../../../Engine/Content/EngineMaterials/Substrate/GLints/dict_16_192_64_0p5_0p02_0060_0015.uasset" 6492
"../../../Engine/Content/EngineMaterials/Substrate/GLints/dict_16_192_64_0p5_0p02_0061_0000.uasset" 6493
"../../../Engine/Content/EngineMaterials/Substrate/GLints/dict_16_192_64_0p5_0p02_0060_0014.uasset" 6494
"../../../Engine/Content/EngineMaterials/Substrate/GLints/dict_16_192_64_0p5_0p02_0061_0005.uasset" 6495
"../../../Engine/Content/EngineMaterials/Substrate/GLints/dict_16_192_64_0p5_0p02_0061_0004.uasset" 6496
"../../../Engine/Content/EngineMaterials/Substrate/GLints/dict_16_192_64_0p5_0p02_0061_0006.uasset" 6497
"/Engine/EngineMaterials/Substrate/GLints/dict_16_192_64_0p5_0p02_0060_0007" 6498
"../../../Engine/Content/EngineMaterials/Substrate/GLints/dict_16_192_64_0p5_0p02_0060_0011.uasset" 6499
"../../../Engine/Content/EngineMaterials/Substrate/GLints/dict_16_192_64_0p5_0p02_0061_0003.uasset" 6500
"../../../Engine/Content/EngineMaterials/Substrate/GLints/dict_16_192_64_0p5_0p02_0061_0002.uasset" 6501
"/Engine/EngineMaterials/Substrate/GLints/dict_16_192_64_0p5_0p02_0060_0006" 6502
"/Engine/EngineMaterials/Substrate/GLints/dict_16_192_64_0p5_0p02_0060_0005" 6503
"/Engine/EngineMaterials/Substrate/GLints/dict_16_192_64_0p5_0p02_0061_0006" 6504
"/Engine/EngineMaterials/Substrate/GLints/dict_16_192_64_0p5_0p02_0061_0005" 6505
"/Engine/EngineMaterials/Substrate/GLints/dict_16_192_64_0p5_0p02_0061_0004" 6506
"/Engine/EngineMaterials/Substrate/GLints/dict_16_192_64_0p5_0p02_0061_0003" 6507
"/Engine/EngineMaterials/Substrate/GLints/dict_16_192_64_0p5_0p02_0061_0002" 6508
"../../../Engine/Content/EngineMaterials/Substrate/GLints/dict_16_192_64_0p5_0p02_0060_0012.uasset" 6509
"/Engine/EngineMaterials/Substrate/GLints/dict_16_192_64_0p5_0p02_0061_0000" 6510
"/Engine/EngineMaterials/Substrate/GLints/dict_16_192_64_0p5_0p02_0060_0015" 6511
"/Engine/EngineMaterials/Substrate/GLints/dict_16_192_64_0p5_0p02_0060_0014" 6512
"/Engine/EngineMaterials/Substrate/GLints/dict_16_192_64_0p5_0p02_0060_0013" 6513
"/Engine/EngineMaterials/Substrate/GLints/dict_16_192_64_0p5_0p02_0060_0011" 6514
"../../../Engine/Content/EngineMaterials/Substrate/GLints/dict_16_192_64_0p5_0p02_0061_0001.uasset" 6515
"../../../Engine/Content/EngineMaterials/Substrate/GLints/dict_16_192_64_0p5_0p02_0061_0007.uasset" 6516
"/Engine/EngineMaterials/Substrate/GLints/dict_16_192_64_0p5_0p02_0060_0010" 6517
"/Engine/EngineMaterials/Substrate/GLints/dict_16_192_64_0p5_0p02_0061_0007" 6518
"/Engine/EngineMaterials/Substrate/GLints/dict_16_192_64_0p5_0p02_0061_0001" 6519
"/Engine/EngineMaterials/Substrate/GLints/dict_16_192_64_0p5_0p02_0060_0012" 6520
"../../../Engine/Content/EngineMaterials/Substrate/GLints/dict_16_192_64_0p5_0p02_0062_0001.uasset" 6521
"../../../Engine/Content/EngineMaterials/Substrate/GLints/dict_16_192_64_0p5_0p02_0061_0008.uasset" 6522
"../../../Engine/Content/EngineMaterials/Substrate/GLints/dict_16_192_64_0p5_0p02_0062_0000.uasset" 6523
"../../../Engine/Content/EngineMaterials/Substrate/GLints/dict_16_192_64_0p5_0p02_0061_0011.uasset" 6524
"../../../Engine/Content/EngineMaterials/Substrate/GLints/dict_16_192_64_0p5_0p02_0061_0009.uasset" 6525
"../../../Engine/Content/EngineMaterials/Substrate/GLints/dict_16_192_64_0p5_0p02_0062_0002.uasset" 6526
"../../../Engine/Content/EngineMaterials/Substrate/GLints/dict_16_192_64_0p5_0p02_0061_0015.uasset" 6527
"../../../Engine/Content/EngineMaterials/Substrate/GLints/dict_16_192_64_0p5_0p02_0061_0012.uasset" 6528
"../../../Engine/Content/EngineMaterials/Substrate/GLints/dict_16_192_64_0p5_0p02_0061_0013.uasset" 6529
"../../../Engine/Content/EngineMaterials/Substrate/GLints/dict_16_192_64_0p5_0p02_0061_0010.uasset" 6530
"../../../Engine/Content/EngineMaterials/Substrate/GLints/dict_16_192_64_0p5_0p02_0061_0014.uasset" 6531
"../../../Engine/Content/EngineMaterials/Substrate/GLints/dict_16_192_64_0p5_0p02_0062_0003.uasset" 6532
"../../../Engine/Content/EngineMaterials/Substrate/GLints/dict_16_192_64_0p5_0p02_0062_0005.uasset" 6533
"../../../Engine/Content/EngineMaterials/Substrate/GLints/dict_16_192_64_0p5_0p02_0062_0004.uasset" 6534
"../../../Engine/Content/EngineMaterials/Substrate/GLints/dict_16_192_64_0p5_0p02_0062_0007.uasset" 6535
"../../../Engine/Content/EngineMaterials/Substrate/GLints/dict_16_192_64_0p5_0p02_0062_0011.uasset" 6536
"../../../Engine/Content/EngineMaterials/Substrate/GLints/dict_16_192_64_0p5_0p02_0062_0006.uasset" 6537
"../../../Engine/Content/EngineMaterials/Substrate/GLints/dict_16_192_64_0p5_0p02_0062_0012.uasset" 6538
"../../../Engine/Content/EngineMaterials/Substrate/GLints/dict_16_192_64_0p5_0p02_0062_0009.uasset" 6539
"../../../Engine/Content/EngineMaterials/Substrate/GLints/dict_16_192_64_0p5_0p02_0062_0010.uasset" 6540
"../../../Engine/Content/EngineMaterials/Substrate/GLints/dict_16_192_64_0p5_0p02_0062_0013.uasset" 6541
"../../../Engine/Content/EngineMaterials/Substrate/GLints/dict_16_192_64_0p5_0p02_0062_0014.uasset" 6542
"/Engine/EngineMaterials/Substrate/GLints/dict_16_192_64_0p5_0p02_0061_0010" 6543
"/Engine/EngineMaterials/Substrate/GLints/dict_16_192_64_0p5_0p02_0061_0009" 6544
"/Engine/EngineMaterials/Substrate/GLints/dict_16_192_64_0p5_0p02_0062_0002" 6545
"/Engine/EngineMaterials/Substrate/GLints/dict_16_192_64_0p5_0p02_0062_0007" 6546
"/Engine/EngineMaterials/Substrate/GLints/dict_16_192_64_0p5_0p02_0062_0001" 6547
"/Engine/EngineMaterials/Substrate/GLints/dict_16_192_64_0p5_0p02_0062_0000" 6548
"/Engine/EngineMaterials/Substrate/GLints/dict_16_192_64_0p5_0p02_0061_0008" 6549
"/Engine/EngineMaterials/Substrate/GLints/dict_16_192_64_0p5_0p02_0061_0015" 6550
"/Engine/EngineMaterials/Substrate/GLints/dict_16_192_64_0p5_0p02_0061_0014" 6551
"../../../Engine/Content/EngineMaterials/Substrate/GLints/dict_16_192_64_0p5_0p02_0062_0008.uasset" 6552
"/Engine/EngineMaterials/Substrate/GLints/dict_16_192_64_0p5_0p02_0062_0006" 6553
"../../../Engine/Content/EngineMaterials/Substrate/GLints/dict_16_192_64_0p5_0p02_0063_0001.uasset" 6554
"../../../Engine/Content/EngineMaterials/Substrate/GLints/dict_16_192_64_0p5_0p02_0062_0015.uasset" 6555
"../../../Engine/Content/EngineMaterials/Substrate/GLints/dict_16_192_64_0p5_0p02_0063_0000.uasset" 6556
"/Engine/EngineMaterials/Substrate/GLints/dict_16_192_64_0p5_0p02_0062_0005" 6557
"/Engine/EngineMaterials/Substrate/GLints/dict_16_192_64_0p5_0p02_0062_0004" 6558
"/Engine/EngineMaterials/Substrate/GLints/dict_16_192_64_0p5_0p02_0061_0013" 6559
"/Engine/EngineMaterials/Substrate/GLints/dict_16_192_64_0p5_0p02_0062_0003" 6560
"/Engine/EngineMaterials/Substrate/GLints/dict_16_192_64_0p5_0p02_0061_0012" 6561
"/Engine/EngineMaterials/Substrate/GLints/dict_16_192_64_0p5_0p02_0061_0011" 6562
"../../../Engine/Content/EngineMaterials/Substrate/GLints/dict_16_192_64_0p5_0p02_0063_0003.uasset" 6563
"../../../Engine/Content/EngineMaterials/Substrate/GLints/dict_16_192_64_0p5_0p02_0063_0005.uasset" 6564
"../../../Engine/Content/EngineMaterials/Substrate/GLints/dict_16_192_64_0p5_0p02_0063_0002.uasset" 6565
"../../../Engine/Content/EngineMaterials/Substrate/GLints/dict_16_192_64_0p5_0p02_0063_0004.uasset" 6566
"/Engine/EngineMaterials/Substrate/GLints/dict_16_192_64_0p5_0p02_0062_0013" 6567
"../../../Engine/Content/EngineMaterials/Substrate/GLints/dict_16_192_64_0p5_0p02_0063_0006.uasset" 6568
"/Engine/EngineMaterials/Substrate/GLints/dict_16_192_64_0p5_0p02_0062_0012" 6569
"../../../Engine/Content/EngineMaterials/Substrate/GLints/dict_16_192_64_0p5_0p02_0063_0007.uasset" 6570
"/Engine/EngineMaterials/Substrate/GLints/dict_16_192_64_0p5_0p02_0062_0011" 6571
"/Engine/EngineMaterials/Substrate/GLints/dict_16_192_64_0p5_0p02_0062_0010" 6572
"/Engine/EngineMaterials/Substrate/GLints/dict_16_192_64_0p5_0p02_0062_0009" 6573
"/Engine/EngineMaterials/Substrate/GLints/dict_16_192_64_0p5_0p02_0062_0008" 6574
"/Engine/EngineMaterials/Substrate/GLints/dict_16_192_64_0p5_0p02_0063_0007" 6575
"/Engine/EngineMaterials/Substrate/GLints/dict_16_192_64_0p5_0p02_0063_0004" 6576
"/Engine/EngineMaterials/Substrate/GLints/dict_16_192_64_0p5_0p02_0063_0003" 6577
"/Engine/EngineMaterials/Substrate/GLints/dict_16_192_64_0p5_0p02_0063_0002" 6578
"/Engine/EngineMaterials/Substrate/GLints/dict_16_192_64_0p5_0p02_0063_0001" 6579
"/Engine/EngineMaterials/Substrate/GLints/dict_16_192_64_0p5_0p02_0063_0000" 6580
"/Engine/EngineMaterials/Substrate/GLints/dict_16_192_64_0p5_0p02_0063_0006" 6581
"/Engine/EngineMaterials/Substrate/GLints/dict_16_192_64_0p5_0p02_0062_0015" 6582
"../../../Engine/Content/EngineMaterials/Substrate/GLints/dict_16_192_64_0p5_0p02_0063_0011.uasset" 6583
"../../../Engine/Content/EngineMaterials/Substrate/Glints2/dict_0000_0003.uasset" 6584
"../../../Engine/Content/EngineMaterials/Substrate/GLints/dict_16_192_64_0p5_0p02_0063_0014.uasset" 6585
"../../../Engine/Content/EngineMaterials/Substrate/GLints/dict_16_192_64_0p5_0p02_0063_0010.uasset" 6586
"../../../Engine/Content/EngineMaterials/Substrate/GLints/dict_16_192_64_0p5_0p02_0063_0009.uasset" 6587
"../../../Engine/Content/EngineMaterials/Substrate/Glints2/dict_0000_0002.uasset" 6588
"../../../Engine/Content/EngineMaterials/Substrate/GLints/dict_16_192_64_0p5_0p02_0063_0013.uasset" 6589
"../../../Engine/Content/EngineMaterials/Substrate/Glints2/dict_0000_0001.uasset" 6590
"../../../Engine/Content/EngineMaterials/Substrate/GLints/dict_16_192_64_0p5_0p02_0063_0015.uasset" 6591
"../../../Engine/Content/EngineMaterials/Substrate/GLints/AGlintTex2dArray.uasset" 6592
"../../../Engine/Content/EngineMaterials/Substrate/GLints/dict_16_192_64_0p5_0p02_0063_0012.uasset" 6593
"../../../Engine/Content/EngineMaterials/Substrate/Glints2/dict_0000_0004.uasset" 6594
"../../../Engine/Content/EngineMaterials/Substrate/GLints/dict_16_192_64_0p5_0p02_0063_0008.uasset" 6595
"/Engine/EngineMaterials/Substrate/GLints/dict_16_192_64_0p5_0p02_0062_0014" 6596
"../../../Engine/Content/EngineMaterials/Substrate/Glints2/dict_0000_0000.uasset" 6597
"/Engine/EngineMaterials/Substrate/GLints/dict_16_192_64_0p5_0p02_0063_0005" 6598
"/Engine/EngineMaterials/Substrate/Glints2/dict_0000_0004" 6599
"/Engine/EngineMaterials/Substrate/Glints2/dict_0000_0003" 6600
"/Engine/EngineMaterials/Substrate/Glints2/dict_0000_0002" 6601
"/Engine/EngineMaterials/Substrate/Glints2/dict_0000_0001" 6602
"/Engine/EngineMaterials/Substrate/Glints2/dict_0000_0000" 6603
"/Engine/EngineMaterials/Substrate/GLints/AGlintTex2dArray" 6604
"../../../Engine/Content/EngineMaterials/Substrate/Glints2/dict_0000_0010.uasset" 6605
"../../../Engine/Content/EngineMaterials/Substrate/Glints2/dict_0000_0009.uasset" 6606
"../../../Engine/Content/EngineMaterials/Substrate/Glints2/dict_0000_0006.uasset" 6607
"../../../Engine/Content/EngineMaterials/Substrate/Glints2/dict_0000_0016.uasset" 6608
"../../../Engine/Content/EngineMaterials/Substrate/Glints2/dict_0000_0005.uasset" 6609
"../../../Engine/Content/EngineMaterials/Substrate/Glints2/dict_0000_0007.uasset" 6610
"../../../Engine/Content/EngineMaterials/Substrate/Glints2/dict_0000_0012.uasset" 6611
"../../../Engine/Content/EngineMaterials/Substrate/Glints2/dict_0000_0014.uasset" 6612
"../../../Engine/Content/EngineMaterials/Substrate/Glints2/dict_0000_0017.uasset" 6613
"../../../Engine/Content/EngineMaterials/Substrate/Glints2/dict_0000_0018.uasset" 6614
"../../../Engine/Content/EngineMaterials/Substrate/Glints2/dict_0000_0011.uasset" 6615
"../../../Engine/Content/EngineMaterials/Substrate/Glints2/dict_0000_0015.uasset" 6616
"../../../Engine/Content/EngineMaterials/Substrate/Glints2/dict_0000_0008.uasset" 6617
"/Engine/EngineMaterials/Substrate/Glints2/dict_0000_0010" 6618
"../../../Engine/Content/EngineMaterials/Substrate/Glints2/dict_0000_0022.uasset" 6619
"../../../Engine/Content/EngineMaterials/Substrate/Glints2/dict_0000_0021.uasset" 6620
"../../../Engine/Content/EngineMaterials/Substrate/Glints2/dict_0000_0020.uasset" 6621
"../../../Engine/Content/EngineMaterials/Substrate/Glints2/dict_0000_0019.uasset" 6622
"/Engine/EngineMaterials/Substrate/Glints2/dict_0000_0009" 6623
"../../../Engine/Content/EngineMaterials/Substrate/Glints2/dict_0000_0013.uasset" 6624
"/Engine/EngineMaterials/Substrate/Glints2/dict_0000_0008" 6625
"/Engine/EngineMaterials/Substrate/Glints2/dict_0000_0007" 6626
"/Engine/EngineMaterials/Substrate/Glints2/dict_0000_0006" 6627
"/Engine/EngineMaterials/Substrate/Glints2/dict_0000_0005" 6628
"/Engine/EngineMaterials/Substrate/Glints2/dict_0000_0018" 6629
"/Engine/EngineMaterials/Substrate/Glints2/dict_0000_0017" 6630
"/Engine/EngineMaterials/Substrate/Glints2/dict_0000_0016" 6631
"/Engine/EngineMaterials/Substrate/Glints2/dict_0000_0015" 6632
"/Engine/EngineMaterials/Substrate/Glints2/dict_0000_0014" 6633
"/Engine/EngineMaterials/Substrate/Glints2/dict_0000_0012" 6634
"/Engine/EngineMaterials/Substrate/Glints2/dict_0000_0011" 6635
"/Engine/EngineMaterials/Substrate/Glints2/dict_0000_0022" 6636
"/Engine/EngineMaterials/Substrate/Glints2/dict_0000_0021" 6637
"/Engine/EngineMaterials/Substrate/Glints2/dict_0000_0020" 6638
"/Engine/EngineMaterials/Substrate/Glints2/dict_0000_0019" 6639
"/Engine/EngineMaterials/Substrate/Glints2/dict_0000_0013" 6640
"../../../Engine/Content/EngineMaterials/Substrate/Glints2/dict_0000_0033.uasset" 6641
"../../../Engine/Content/EngineMaterials/Substrate/Glints2/dict_0000_0026.uasset" 6642
"../../../Engine/Content/EngineMaterials/Substrate/Glints2/dict_0000_0023.uasset" 6643
"../../../Engine/Content/EngineMaterials/Substrate/Glints2/dict_0000_0030.uasset" 6644
"/Engine/EngineMaterials/Substrate/Glints2/dict_0000_0026" 6645
"../../../Engine/Content/EngineMaterials/Substrate/Glints2/dict_0000_0032.uasset" 6646
"../../../Engine/Content/EngineMaterials/Substrate/Glints2/dict_0000_0028.uasset" 6647
"../../../Engine/Content/EngineMaterials/Substrate/Glints2/dict_0000_0024.uasset" 6648
"../../../Engine/Content/EngineMaterials/Substrate/Glints2/dict_0000_0035.uasset" 6649
"../../../Engine/Content/EngineMaterials/Substrate/Glints2/dict_0000_0025.uasset" 6650
"../../../Engine/Content/EngineMaterials/Substrate/Glints2/dict_0000_0034.uasset" 6651
"../../../Engine/Content/EngineMaterials/Substrate/Glints2/dict_0000_0029.uasset" 6652
"/Engine/EngineMaterials/Substrate/Glints2/dict_0000_0023" 6653
"../../../Engine/Content/EngineMaterials/Substrate/Glints2/dict_0000_0027.uasset" 6654
"../../../Engine/Content/EngineMaterials/Substrate/Glints2/dict_0000_0036.uasset" 6655
"/Engine/EngineMaterials/Substrate/Glints2/dict_0000_0036" 6656
"/Engine/EngineMaterials/Substrate/Glints2/dict_0000_0035" 6657
"/Engine/EngineMaterials/Substrate/Glints2/dict_0000_0034" 6658
"/Engine/EngineMaterials/Substrate/Glints2/dict_0000_0033" 6659
"/Engine/EngineMaterials/Substrate/Glints2/dict_0000_0032" 6660
"/Engine/EngineMaterials/Substrate/Glints2/dict_0000_0030" 6661
"../../../Engine/Content/EngineMaterials/Substrate/Glints2/dict_0000_0031.uasset" 6662
"/Engine/EngineMaterials/Substrate/Glints2/dict_0000_0029" 6663
"/Engine/EngineMaterials/Substrate/Glints2/dict_0000_0028" 6664
"/Engine/EngineMaterials/Substrate/Glints2/dict_0000_0027" 6665
"../../../Engine/Content/EngineMaterials/Substrate/Glints2/dict_0000_0042.uasset" 6666
"../../../Engine/Content/EngineMaterials/Substrate/Glints2/dict_0000_0041.uasset" 6667
"../../../Engine/Content/EngineMaterials/Substrate/Glints2/dict_0000_0043.uasset" 6668
"../../../Engine/Content/EngineMaterials/Substrate/Glints2/dict_0000_0038.uasset" 6669
"../../../Engine/Content/EngineMaterials/Substrate/Glints2/dict_0000_0046.uasset" 6670
"../../../Engine/Content/EngineMaterials/Substrate/Glints2/dict_0000_0040.uasset" 6671
"/Engine/EngineMaterials/Substrate/Glints2/dict_0000_0025" 6672
"../../../Engine/Content/EngineMaterials/Substrate/Glints2/dict_0000_0047.uasset" 6673
"../../../Engine/Content/EngineMaterials/Substrate/Glints2/dict_0000_0039.uasset" 6674
"../../../Engine/Content/EngineMaterials/Substrate/Glints2/dict_0000_0037.uasset" 6675
"../../../Engine/Content/EngineMaterials/Substrate/Glints2/dict_0000_0044.uasset" 6676
"../../../Engine/Content/EngineMaterials/Substrate/Glints2/dict_0000_0048.uasset" 6677
"/Engine/EngineMaterials/Substrate/Glints2/dict_0000_0024" 6678
"/Engine/EngineMaterials/Substrate/Glints2/dict_0000_0048" 6679
"../../../Engine/Content/EngineMaterials/Substrate/Glints2/dict_0000_0045.uasset" 6680
"/Engine/EngineMaterials/Substrate/Glints2/dict_0000_0047" 6681
"/Engine/EngineMaterials/Substrate/Glints2/dict_0000_0046" 6682
"/Engine/EngineMaterials/Substrate/Glints2/dict_0000_0044" 6683
"/Engine/EngineMaterials/Substrate/Glints2/dict_0000_0031" 6684
"/Engine/EngineMaterials/Substrate/Glints2/dict_0000_0043" 6685
"/Engine/EngineMaterials/Substrate/Glints2/dict_0000_0042" 6686
"/Engine/EngineMaterials/Substrate/Glints2/dict_0000_0041" 6687
"/Engine/EngineMaterials/Substrate/Glints2/dict_0000_0040" 6688
"../../../Engine/Content/EngineMaterials/Substrate/Glints2/dict_0000_0050.uasset" 6689
"/Engine/EngineMaterials/Substrate/Glints2/dict_0000_0039" 6690
"/Engine/EngineMaterials/Substrate/Glints2/dict_0000_0038" 6691
"/Engine/EngineMaterials/Substrate/Glints2/dict_0000_0037" 6692
"../../../Engine/Content/EngineMaterials/Substrate/Glints2/dict_0000_0049.uasset" 6693
"/Engine/EngineMaterials/Substrate/Glints2/dict_0000_0049" 6694
"/Engine/EngineMaterials/Substrate/Glints2/dict_0000_0045" 6695
"/Engine/EngineMaterials/Substrate/Glints2/dict_0000_0050" 6696
"../../../Engine/Content/EngineMaterials/Substrate/Glints2/dict_0000_0051.uasset" 6697
"../../../Engine/Content/EngineMaterials/Substrate/Glints2/dict_0000_0055.uasset" 6698
"../../../Engine/Content/EngineMaterials/Substrate/Glints2/dict_0000_0056.uasset" 6699
"../../../Engine/Content/EngineMaterials/Substrate/Glints2/dict_0000_0057.uasset" 6700
"../../../Engine/Content/EngineMaterials/Substrate/Glints2/dict_0000_0053.uasset" 6701
"../../../Engine/Content/EngineMaterials/Substrate/Glints2/dict_0000_0054.uasset" 6702
"../../../Engine/Content/EngineMaterials/Substrate/Glints2/dict_0000_0059.uasset" 6703
"../../../Engine/Content/EngineMaterials/Substrate/Glints2/dict_0000_0058.uasset" 6704
"../../../Engine/Content/EngineMaterials/Substrate/Glints2/dict_0000_0060.uasset" 6705
"../../../Engine/Content/EngineMaterials/Substrate/Glints2/dict_0000_0062.uasset" 6706
"../../../Engine/Content/EngineMaterials/Substrate/Glints2/dict_0000_0061.uasset" 6707
"../../../Engine/Content/EngineMaterials/Substrate/Glints2/dict_0000_0065.uasset" 6708
"../../../Engine/Content/EngineMaterials/Substrate/Glints2/dict_0000_0069.uasset" 6709
"../../../Engine/Content/EngineMaterials/Substrate/Glints2/dict_0000_0068.uasset" 6710
"../../../Engine/Content/EngineMaterials/Substrate/Glints2/dict_0000_0063.uasset" 6711
"../../../Engine/Content/EngineMaterials/Substrate/Glints2/dict_0000_0052.uasset" 6712
"../../../Engine/Content/EngineMaterials/Substrate/Glints2/dict_0000_0064.uasset" 6713
"/Engine/EngineMaterials/Substrate/Glints2/dict_0000_0054" 6714
"../../../Engine/Content/EngineMaterials/Substrate/Glints2/dict_0000_0070.uasset" 6715
"../../../Engine/Content/EngineMaterials/Substrate/Glints2/dict_0000_0066.uasset" 6716
"../../../Engine/Content/EngineMaterials/Substrate/Glints2/dict_0000_0067.uasset" 6717
"/Engine/EngineMaterials/Substrate/Glints2/dict_0000_0053" 6718
"/Engine/EngineMaterials/Substrate/Glints2/dict_0000_0065" 6719
"/Engine/EngineMaterials/Substrate/Glints2/dict_0000_0064" 6720
"/Engine/EngineMaterials/Substrate/Glints2/dict_0000_0063" 6721
"../../../Engine/Content/EngineMaterials/Substrate/Glints2/dict_0000_0072.uasset" 6722
"/Engine/EngineMaterials/Substrate/Glints2/dict_0000_0062" 6723
"../../../Engine/Content/EngineMaterials/Substrate/Glints2/dict_0000_0071.uasset" 6724
"../../../Engine/Content/EngineMaterials/Substrate/Glints2/dict_0000_0075.uasset" 6725
"../../../Engine/Content/EngineMaterials/Substrate/Glints2/dict_0000_0076.uasset" 6726
"/Engine/EngineMaterials/Substrate/Glints2/dict_0000_0061" 6727
"/Engine/EngineMaterials/Substrate/Glints2/dict_0000_0052" 6728
"/Engine/EngineMaterials/Substrate/Glints2/dict_0000_0051" 6729
"../../../Engine/Content/EngineMaterials/Substrate/Glints2/dict_0000_0074.uasset" 6730
"../../../Engine/Content/EngineMaterials/Substrate/Glints2/dict_0000_0073.uasset" 6731
"/Engine/EngineMaterials/Substrate/Glints2/dict_0000_0060" 6732
"../../../Engine/Content/EngineMaterials/Substrate/Glints2/dict_0000_0079.uasset" 6733
"../../../Engine/Content/EngineMaterials/Substrate/Glints2/dict_0000_0081.uasset" 6734
"../../../Engine/Content/EngineMaterials/Substrate/Glints2/dict_0000_0078.uasset" 6735
"../../../Engine/Content/EngineMaterials/Substrate/Glints2/dict_0000_0077.uasset" 6736
"../../../Engine/Content/EngineMaterials/Substrate/Glints2/dict_0000_0082.uasset" 6737
"../../../Engine/Content/EngineMaterials/Substrate/Glints2/dict_0000_0080.uasset" 6738
"/Engine/EngineMaterials/Substrate/Glints2/dict_0000_0059" 6739
"/Engine/EngineMaterials/Substrate/Glints2/dict_0000_0069" 6740
"/Engine/EngineMaterials/Substrate/Glints2/dict_0000_0056" 6741
"/Engine/EngineMaterials/Substrate/Glints2/dict_0000_0058" 6742
"/Engine/EngineMaterials/Substrate/Glints2/dict_0000_0068" 6743
"/Engine/EngineMaterials/Substrate/Glints2/dict_0000_0057" 6744
"/Engine/EngineMaterials/Substrate/Glints2/dict_0000_0055" 6745
"/Engine/EngineMaterials/Substrate/Glints2/dict_0000_0082" 6746
"/Engine/EngineMaterials/Substrate/Glints2/dict_0000_0079" 6747
"/Engine/EngineMaterials/Substrate/Glints2/dict_0000_0078" 6748
"/Engine/EngineMaterials/Substrate/Glints2/dict_0000_0077" 6749
"/Engine/EngineMaterials/Substrate/Glints2/dict_0000_0081" 6750
"/Engine/EngineMaterials/Substrate/Glints2/dict_0000_0076" 6751
"/Engine/EngineMaterials/Substrate/Glints2/dict_0000_0067" 6752
"/Engine/EngineMaterials/Substrate/Glints2/dict_0000_0066" 6753
"/Engine/EngineMaterials/Substrate/Glints2/dict_0000_0075" 6754
"/Engine/EngineMaterials/Substrate/Glints2/dict_0000_0074" 6755
"/Engine/EngineMaterials/Substrate/Glints2/dict_0000_0073" 6756
"/Engine/EngineMaterials/Substrate/Glints2/dict_0000_0072" 6757
"/Engine/EngineMaterials/Substrate/Glints2/dict_0000_0071" 6758
"/Engine/EngineMaterials/Substrate/Glints2/dict_0000_0070" 6759
"/Engine/EngineMaterials/Substrate/Glints2/dict_0000_0080" 6760
"../../../Engine/Content/EngineMaterials/Substrate/Glints2/dict_0000_0094.uasset" 6761
"../../../Engine/Content/EngineMaterials/Substrate/Glints2/dict_0000_0092.uasset" 6762
"../../../Engine/Content/EngineMaterials/Substrate/Glints2/dict_0000_0096.uasset" 6763
"../../../Engine/Content/EngineMaterials/Substrate/Glints2/dict_0000_0086.uasset" 6764
"../../../Engine/Content/EngineMaterials/Substrate/Glints2/dict_0000_0089.uasset" 6765
"../../../Engine/Content/EngineMaterials/Substrate/Glints2/dict_0000_0090.uasset" 6766
"../../../Engine/Content/EngineMaterials/Substrate/Glints2/dict_0000_0087.uasset" 6767
"../../../Engine/Content/EngineMaterials/Substrate/Glints2/dict_0000_0084.uasset" 6768
"../../../Engine/Content/EngineMaterials/Substrate/Glints2/dict_0000_0085.uasset" 6769
"../../../Engine/Content/EngineMaterials/Substrate/Glints2/dict_0000_0088.uasset" 6770
"../../../Engine/Content/EngineMaterials/Substrate/Glints2/dict_0000_0083.uasset" 6771
"../../../Engine/Content/EngineMaterials/Substrate/Glints2/dict_0000_0093.uasset" 6772
"../../../Engine/Content/EngineMaterials/Substrate/Glints2/dict_0000_0091.uasset" 6773
"../../../Engine/Content/EngineMaterials/Substrate/Glints2/dict_0000_0095.uasset" 6774
"/Engine/EngineMaterials/Substrate/Glints2/dict_0000_0096" 6775
"/Engine/EngineMaterials/Substrate/Glints2/dict_0000_0095" 6776
"/Engine/EngineMaterials/Substrate/Glints2/dict_0000_0094" 6777
"/Engine/EngineMaterials/Substrate/Glints2/dict_0000_0093" 6778
"../../../Engine/Content/EngineMaterials/Substrate/Glints2/dict_0000_0104.uasset" 6779
"../../../Engine/Content/EngineMaterials/Substrate/Glints2/dict_0000_0097.uasset" 6780
"../../../Engine/Content/EngineMaterials/Substrate/Glints2/dict_0000_0108.uasset" 6781
"../../../Engine/Content/EngineMaterials/Substrate/Glints2/dict_0000_0109.uasset" 6782
"../../../Engine/Content/EngineMaterials/Substrate/Glints2/dict_0000_0105.uasset" 6783
"../../../Engine/Content/EngineMaterials/Substrate/Glints2/dict_0000_0098.uasset" 6784
"../../../Engine/Content/EngineMaterials/Substrate/Glints2/dict_0000_0107.uasset" 6785
"/Engine/EngineMaterials/Substrate/Glints2/dict_0000_0092" 6786
"../../../Engine/Content/EngineMaterials/Substrate/Glints2/dict_0000_0099.uasset" 6787
"../../../Engine/Content/EngineMaterials/Substrate/Glints2/dict_0000_0101.uasset" 6788
"../../../Engine/Content/EngineMaterials/Substrate/Glints2/dict_0000_0106.uasset" 6789
"../../../Engine/Content/EngineMaterials/Substrate/Glints2/dict_0000_0103.uasset" 6790
"/Engine/EngineMaterials/Substrate/Glints2/dict_0000_0091" 6791
"../../../Engine/Content/EngineMaterials/Substrate/Glints2/dict_0000_0100.uasset" 6792
"/Engine/EngineMaterials/Substrate/Glints2/dict_0000_0090" 6793
"/Engine/EngineMaterials/Substrate/Glints2/dict_0000_0089" 6794
"/Engine/EngineMaterials/Substrate/Glints2/dict_0000_0088" 6795
"/Engine/EngineMaterials/Substrate/Glints2/dict_0000_0087" 6796
"/Engine/EngineMaterials/Substrate/Glints2/dict_0000_0086" 6797
"../../../Engine/Content/EngineMaterials/Substrate/Glints2/dict_0000_0102.uasset" 6798
"/Engine/EngineMaterials/Substrate/Glints2/dict_0000_0085" 6799
"/Engine/EngineMaterials/Substrate/Glints2/dict_0000_0084" 6800
"/Engine/EngineMaterials/Substrate/Glints2/dict_0000_0083" 6801
"/Engine/EngineMaterials/Substrate/Glints2/dict_0000_0099" 6802
"../../../Engine/Content/EngineMaterials/Substrate/Glints2/dict_0000_0110.uasset" 6803
"/Engine/EngineMaterials/Substrate/Glints2/dict_0000_0098" 6804
"/Engine/EngineMaterials/Substrate/Glints2/dict_0000_0109" 6805
"/Engine/EngineMaterials/Substrate/Glints2/dict_0000_0108" 6806
"/Engine/EngineMaterials/Substrate/Glints2/dict_0000_0107" 6807
"/Engine/EngineMaterials/Substrate/Glints2/dict_0000_0097" 6808
"../../../Engine/Content/EngineMaterials/Substrate/Glints2/dict_0000_0111.uasset" 6809
"../../../Engine/Content/EngineMaterials/Substrate/Glints2/dict_0000_0113.uasset" 6810
"/Engine/EngineMaterials/Substrate/Glints2/dict_0000_0106" 6811
"/Engine/EngineMaterials/Substrate/Glints2/dict_0000_0105" 6812
"/Engine/EngineMaterials/Substrate/Glints2/dict_0000_0104" 6813
"/Engine/EngineMaterials/Substrate/Glints2/dict_0000_0103" 6814
"/Engine/EngineMaterials/Substrate/Glints2/dict_0000_0102" 6815
"../../../Engine/Content/EngineMaterials/Substrate/Glints2/dict_0000_0112.uasset" 6816
"/Engine/EngineMaterials/Substrate/Glints2/dict_0000_0101" 6817
"/Engine/EngineMaterials/Substrate/Glints2/dict_0000_0100" 6818
"/Engine/EngineMaterials/Substrate/Glints2/dict_0000_0113" 6819
"/Engine/EngineMaterials/Substrate/Glints2/dict_0000_0112" 6820
"/Engine/EngineMaterials/Substrate/Glints2/dict_0000_0111" 6821
"/Engine/EngineMaterials/Substrate/Glints2/dict_0000_0110" 6822
"../../../Engine/Content/EngineMaterials/Substrate/Glints2/dict_0000_0114.uasset" 6823
"../../../Engine/Content/EngineMaterials/Substrate/Glints2/dict_0000_0124.uasset" 6824
"../../../Engine/Content/EngineMaterials/Substrate/Glints2/dict_0000_0121.uasset" 6825
"../../../Engine/Content/EngineMaterials/Substrate/Glints2/dict_0000_0123.uasset" 6826
"../../../Engine/Content/EngineMaterials/Substrate/Glints2/dict_0000_0120.uasset" 6827
"../../../Engine/Content/EngineMaterials/Substrate/Glints2/dict_0000_0122.uasset" 6828
"../../../Engine/Content/EngineMaterials/Substrate/Glints2/dict_0000_0115.uasset" 6829
"../../../Engine/Content/EngineMaterials/Substrate/Glints2/dict_0000_0116.uasset" 6830
"../../../Engine/Content/EngineMaterials/Substrate/Glints2/dict_0000_0117.uasset" 6831
"../../../Engine/Content/EngineMaterials/Substrate/Glints2/dict_0000_0125.uasset" 6832
"../../../Engine/Content/EngineMaterials/Substrate/Glints2/dict_0000_0126.uasset" 6833
"../../../Engine/Content/EngineMaterials/Substrate/Glints2/dict_0000_0119.uasset" 6834
"../../../Engine/Content/EngineMaterials/Substrate/Glints2/dict_0000_0118.uasset" 6835
"../../../Engine/Content/EngineMaterials/Substrate/Glints2/dict_0000_0131.uasset" 6836
"../../../Engine/Content/EngineMaterials/Substrate/Glints2/dict_0000_0133.uasset" 6837
"../../../Engine/Content/EngineMaterials/Substrate/Glints2/dict_0000_0128.uasset" 6838
"../../../Engine/Content/EngineMaterials/Substrate/Glints2/dict_0000_0132.uasset" 6839
"../../../Engine/Content/EngineMaterials/Substrate/Glints2/dict_0000_0127.uasset" 6840
"../../../Engine/Content/EngineMaterials/Substrate/Glints2/dict_0000_0129.uasset" 6841
"../../../Engine/Content/EngineMaterials/Substrate/Glints2/dict_0000_0130.uasset" 6842
"../../../Engine/Content/EngineMaterials/Substrate/Glints2/dict_0000_0138.uasset" 6843
"../../../Engine/Content/EngineMaterials/Substrate/Glints2/dict_0000_0134.uasset" 6844
"../../../Engine/Content/EngineMaterials/Substrate/Glints2/dict_0000_0137.uasset" 6845
"../../../Engine/Content/EngineMaterials/Substrate/Glints2/dict_0000_0136.uasset" 6846
"/Engine/EngineMaterials/Substrate/Glints2/dict_0000_0114" 6847
"/Engine/EngineMaterials/Substrate/Glints2/dict_0000_0138" 6848
"/Engine/EngineMaterials/Substrate/Glints2/dict_0000_0137" 6849
"/Engine/EngineMaterials/Substrate/Glints2/dict_0000_0128" 6850
"/Engine/EngineMaterials/Substrate/Glints2/dict_0000_0127" 6851
"/Engine/EngineMaterials/Substrate/Glints2/dict_0000_0126" 6852
"/Engine/EngineMaterials/Substrate/Glints2/dict_0000_0125" 6853
"/Engine/EngineMaterials/Substrate/Glints2/dict_0000_0124" 6854
"../../../Engine/Content/EngineMaterials/Substrate/Glints2/dict_0000_0139.uasset" 6855
"/Engine/EngineMaterials/Substrate/Glints2/dict_0000_0123" 6856
"/Engine/EngineMaterials/Substrate/Glints2/dict_0000_0134" 6857
"/Engine/EngineMaterials/Substrate/Glints2/dict_0000_0122" 6858
"/Engine/EngineMaterials/Substrate/Glints2/dict_0000_0133" 6859
"../../../Engine/Content/EngineMaterials/Substrate/Glints2/dict_0000_0135.uasset" 6860
"/Engine/EngineMaterials/Substrate/Glints2/dict_0000_0132" 6861
"/Engine/EngineMaterials/Substrate/Glints2/dict_0000_0121" 6862
"/Engine/EngineMaterials/Substrate/Glints2/dict_0000_0131" 6863
"../../../Engine/Content/EngineMaterials/Substrate/Glints2/dict_0000_0140.uasset" 6864
"/Engine/EngineMaterials/Substrate/Glints2/dict_0000_0130" 6865
"/Engine/EngineMaterials/Substrate/Glints2/dict_0000_0129" 6866
"/Engine/EngineMaterials/Substrate/Glints2/dict_0000_0120" 6867
"/Engine/EngineMaterials/Substrate/Glints2/dict_0000_0119" 6868
"/Engine/EngineMaterials/Substrate/Glints2/dict_0000_0118" 6869
"/Engine/EngineMaterials/Substrate/Glints2/dict_0000_0117" 6870
"../../../Engine/Content/EngineMaterials/Substrate/Glints2/dict_0000_0142.uasset" 6871
"../../../Engine/Content/EngineMaterials/Substrate/Glints2/dict_0000_0141.uasset" 6872
"../../../Engine/Content/EngineMaterials/Substrate/Glints2/dict_0000_0143.uasset" 6873
"../../../Engine/Content/EngineMaterials/Substrate/Glints2/dict_0000_0145.uasset" 6874
"../../../Engine/Content/EngineMaterials/Substrate/Glints2/dict_0000_0144.uasset" 6875
"/Engine/EngineMaterials/Substrate/Glints2/dict_0000_0116" 6876
"/Engine/EngineMaterials/Substrate/Glints2/dict_0000_0115" 6877
"/Engine/EngineMaterials/Substrate/Glints2/dict_0000_0141" 6878
"/Engine/EngineMaterials/Substrate/Glints2/dict_0000_0140" 6879
"/Engine/EngineMaterials/Substrate/Glints2/dict_0000_0145" 6880
"/Engine/EngineMaterials/Substrate/Glints2/dict_0000_0144" 6881
"/Engine/EngineMaterials/Substrate/Glints2/dict_0000_0143" 6882
"/Engine/EngineMaterials/Substrate/Glints2/dict_0000_0142" 6883
"/Engine/EngineMaterials/Substrate/Glints2/dict_0000_0139" 6884
"/Engine/EngineMaterials/Substrate/Glints2/dict_0000_0136" 6885
"/Engine/EngineMaterials/Substrate/Glints2/dict_0000_0135" 6886
"../../../Engine/Content/EngineMaterials/Substrate/Glints2/dict_0000_0154.uasset" 6887
"../../../Engine/Content/EngineMaterials/Substrate/Glints2/dict_0000_0147.uasset" 6888
"../../../Engine/Content/EngineMaterials/Substrate/Glints2/dict_0000_0149.uasset" 6889
"../../../Engine/Content/EngineMaterials/Substrate/Glints2/dict_0000_0157.uasset" 6890
"../../../Engine/Content/EngineMaterials/Substrate/Glints2/dict_0000_0151.uasset" 6891
"../../../Engine/Content/EngineMaterials/Substrate/Glints2/dict_0000_0152.uasset" 6892
"../../../Engine/Content/EngineMaterials/Substrate/Glints2/dict_0000_0155.uasset" 6893
"../../../Engine/Content/EngineMaterials/Substrate/Glints2/dict_0000_0150.uasset" 6894
"../../../Engine/Content/EngineMaterials/Substrate/Glints2/dict_0000_0156.uasset" 6895
"../../../Engine/Content/EngineMaterials/Substrate/Glints2/dict_0000_0158.uasset" 6896
"../../../Engine/Content/EngineMaterials/Substrate/Glints2/dict_0000_0153.uasset" 6897
"../../../Engine/Content/EngineMaterials/Substrate/Glints2/dict_0000_0159.uasset" 6898
"/Engine/EngineMaterials/Substrate/Glints2/dict_0000_0158" 6899
"../../../Engine/Content/EngineMaterials/Substrate/Glints2/dict_0000_0160.uasset" 6900
"../../../Engine/Content/EngineMaterials/Substrate/Glints2/dict_0000_0161.uasset" 6901
"../../../Engine/Content/EngineMaterials/Substrate/Glints2/dict_0000_0165.uasset" 6902
"../../../Engine/Content/EngineMaterials/Substrate/Glints2/dict_0000_0162.uasset" 6903
"/Engine/EngineMaterials/Substrate/Glints2/dict_0000_0157" 6904
"../../../Engine/Content/EngineMaterials/Substrate/Glints2/dict_0000_0163.uasset" 6905
"../../../Engine/Content/EngineMaterials/Substrate/Glints2/dict_0000_0164.uasset" 6906
"/Engine/EngineMaterials/Substrate/Glints2/dict_0000_0156" 6907
"../../../Engine/Content/EngineMaterials/Substrate/Glints2/dict_0000_0166.uasset" 6908
"../../../Engine/Content/EngineMaterials/Substrate/Glints2/dict_0000_0146.uasset" 6909
"../../../Engine/Content/EngineMaterials/Substrate/Glints2/dict_0000_0148.uasset" 6910
"../../../Engine/Content/EngineMaterials/Substrate/Glints2/dict_0000_0169.uasset" 6911
"../../../Engine/Content/EngineMaterials/Substrate/Glints2/dict_0000_0177.uasset" 6912
"../../../Engine/Content/EngineMaterials/Substrate/Glints2/dict_0000_0175.uasset" 6913
"../../../Engine/Content/EngineMaterials/Substrate/Glints2/dict_0000_0172.uasset" 6914
"../../../Engine/Content/EngineMaterials/Substrate/Glints2/dict_0000_0167.uasset" 6915
"../../../Engine/Content/EngineMaterials/Substrate/Glints2/dict_0000_0173.uasset" 6916
"../../../Engine/Content/EngineMaterials/Substrate/Glints2/dict_0000_0176.uasset" 6917
"/Engine/EngineMaterials/Substrate/Glints2/dict_0000_0155" 6918
"/Engine/EngineMaterials/Substrate/Glints2/dict_0000_0154" 6919
"../../../Engine/Content/EngineMaterials/Substrate/Glints2/dict_0000_0168.uasset" 6920
"../../../Engine/Content/EngineMaterials/Substrate/Glints2/dict_0000_0171.uasset" 6921
"/Engine/EngineMaterials/Substrate/Glints2/dict_0000_0153" 6922
"/Engine/EngineMaterials/Substrate/Glints2/dict_0000_0152" 6923
"../../../Engine/Content/EngineMaterials/Substrate/Glints2/dict_0000_0174.uasset" 6924
"/Engine/EngineMaterials/Substrate/Glints2/dict_0000_0151" 6925
"/Engine/EngineMaterials/Substrate/Glints2/dict_0000_0150" 6926
"/Engine/EngineMaterials/Substrate/Glints2/dict_0000_0149" 6927
"/Engine/EngineMaterials/Substrate/Glints2/dict_0000_0147" 6928
"../../../Engine/Content/EngineMaterials/Substrate/Glints2/dict_0000_0170.uasset" 6929
"/Engine/EngineMaterials/Substrate/Glints2/dict_0000_0168" 6930
"/Engine/EngineMaterials/Substrate/Glints2/dict_0000_0177" 6931
"/Engine/EngineMaterials/Substrate/Glints2/dict_0000_0176" 6932
"/Engine/EngineMaterials/Substrate/Glints2/dict_0000_0175" 6933
"/Engine/EngineMaterials/Substrate/Glints2/dict_0000_0174" 6934
"/Engine/EngineMaterials/Substrate/Glints2/dict_0000_0173" 6935
"/Engine/EngineMaterials/Substrate/Glints2/dict_0000_0172" 6936
"/Engine/EngineMaterials/Substrate/Glints2/dict_0000_0171" 6937
"/Engine/EngineMaterials/Substrate/Glints2/dict_0000_0167" 6938
"/Engine/EngineMaterials/Substrate/Glints2/dict_0000_0166" 6939
"/Engine/EngineMaterials/Substrate/Glints2/dict_0000_0170" 6940
"/Engine/EngineMaterials/Substrate/Glints2/dict_0000_0165" 6941
"/Engine/EngineMaterials/Substrate/Glints2/dict_0000_0164" 6942
"/Engine/EngineMaterials/Substrate/Glints2/dict_0000_0169" 6943
"/Engine/EngineMaterials/Substrate/Glints2/dict_0000_0163" 6944
"/Engine/EngineMaterials/Substrate/Glints2/dict_0000_0162" 6945
"/Engine/EngineMaterials/Substrate/Glints2/dict_0000_0161" 6946
"/Engine/EngineMaterials/Substrate/Glints2/dict_0000_0160" 6947
"/Engine/EngineMaterials/Substrate/Glints2/dict_0000_0159" 6948
"../../../Engine/Content/EngineMaterials/Substrate/Glints2/dict_0000_0185.uasset" 6949
"../../../Engine/Content/EngineMaterials/Substrate/Glints2/dict_0000_0186.uasset" 6950
"../../../Engine/Content/EngineMaterials/Substrate/Glints2/dict_0000_0187.uasset" 6951
"../../../Engine/Content/EngineMaterials/Substrate/Glints2/dict_0000_0183.uasset" 6952
"../../../Engine/Content/EngineMaterials/Substrate/Glints2/dict_0000_0181.uasset" 6953
"../../../Engine/Content/EngineMaterials/Substrate/Glints2/dict_0000_0180.uasset" 6954
"../../../Engine/Content/EngineMaterials/Substrate/Glints2/dict_0000_0179.uasset" 6955
"../../../Engine/Content/EngineMaterials/Substrate/Glints2/dict_0000_0188.uasset" 6956
"../../../Engine/Content/EngineMaterials/Substrate/Glints2/dict_0000_0178.uasset" 6957
"../../../Engine/Content/EngineMaterials/Substrate/Glints2/dict_0000_0184.uasset" 6958
"/Engine/EngineMaterials/Substrate/Glints2/dict_0000_0148" 6959
"/Engine/EngineMaterials/Substrate/Glints2/dict_0000_0146" 6960
"/Engine/EngineMaterials/Substrate/Glints2/dict_0000_0188" 6961
"/Engine/EngineMaterials/Substrate/Glints2/dict_0000_0187" 6962
"/Engine/EngineMaterials/Substrate/Glints2/dict_0000_0186" 6963
"/Engine/EngineMaterials/Substrate/Glints2/dict_0000_0185" 6964
"../../../Engine/Content/EngineMaterials/Substrate/Glints2/dict_0000_0182.uasset" 6965
"/Engine/EngineMaterials/Substrate/Glints2/dict_0000_0184" 6966
"/Engine/EngineMaterials/Substrate/Glints2/dict_0000_0183" 6967
"/Engine/EngineMaterials/Substrate/Glints2/dict_0000_0181" 6968
"/Engine/EngineMaterials/Substrate/Glints2/dict_0000_0180" 6969
"/Engine/EngineMaterials/Substrate/Glints2/dict_0000_0179" 6970
"/Engine/EngineMaterials/Substrate/Glints2/dict_0000_0178" 6971
"/Engine/EngineMaterials/Substrate/Glints2/dict_0000_0182" 6972
"../../../Engine/Content/EngineMaterials/Substrate/Glints2/dict_0000_0194.uasset" 6973
"../../../Engine/Content/EngineMaterials/Substrate/Glints2/dict_0000_0198.uasset" 6974
"../../../Engine/Content/EngineMaterials/Substrate/Glints2/dict_0000_0189.uasset" 6975
"../../../Engine/Content/EngineMaterials/Substrate/Glints2/dict_0000_0199.uasset" 6976
"../../../Engine/Content/EngineMaterials/Substrate/Glints2/dict_0000_0193.uasset" 6977
"../../../Engine/Content/EngineMaterials/Substrate/Glints2/dict_0000_0195.uasset" 6978
"../../../Engine/Content/EngineMaterials/Substrate/Glints2/dict_0000_0192.uasset" 6979
"../../../Engine/Content/EngineMaterials/Substrate/Glints2/dict_0000_0201.uasset" 6980
"../../../Engine/Content/EngineMaterials/Substrate/Glints2/dict_0000_0197.uasset" 6981
"../../../Engine/Content/EngineMaterials/Substrate/Glints2/dict_0000_0190.uasset" 6982
"../../../Engine/Content/EngineMaterials/Substrate/Glints2/dict_0000_0196.uasset" 6983
"../../../Engine/Content/EngineMaterials/Substrate/Glints2/dict_0000_0202.uasset" 6984
"../../../Engine/Content/EngineMaterials/Substrate/Glints2/dict_0000_0191.uasset" 6985
"../../../Engine/Content/EngineMaterials/Substrate/Glints2/dict_0000_0207.uasset" 6986
"/Engine/EngineMaterials/Substrate/Glints2/dict_0000_0202" 6987
"../../../Engine/Content/EngineMaterials/Substrate/Glints2/dict_0000_0204.uasset" 6988
"../../../Engine/Content/EngineMaterials/Substrate/Glints2/dict_0000_0208.uasset" 6989
"../../../Engine/Content/EngineMaterials/Substrate/Glints2/dict_0000_0205.uasset" 6990
"../../../Engine/Content/EngineMaterials/Substrate/Glints2/dict_0000_0209.uasset" 6991
"/Engine/EngineMaterials/Substrate/Glints2/dict_0000_0201" 6992
"/Engine/EngineMaterials/Substrate/Glints2/dict_0000_0199" 6993
"/Engine/EngineMaterials/Substrate/Glints2/dict_0000_0198" 6994
"/Engine/EngineMaterials/Substrate/Glints2/dict_0000_0197" 6995
"/Engine/EngineMaterials/Substrate/Glints2/dict_0000_0196" 6996
"/Engine/EngineMaterials/Substrate/Glints2/dict_0000_0195" 6997
"../../../Engine/Content/EngineMaterials/Substrate/Glints2/dict_0000_0200.uasset" 6998
"/Engine/EngineMaterials/Substrate/Glints2/dict_0000_0194" 6999
"/Engine/EngineMaterials/Substrate/Glints2/dict_0000_0193" 7000
"/Engine/EngineMaterials/Substrate/Glints2/dict_0000_0192" 7001
"/Engine/EngineMaterials/Substrate/Glints2/dict_0000_0190" 7002
"../../../Engine/Content/EngineMaterials/Substrate/Glints2/dict_0000_0203.uasset" 7003
"/Engine/EngineMaterials/Substrate/Glints2/dict_0000_0189" 7004
"../../../Engine/Content/EngineMaterials/Substrate/Glints2/dict_0000_0210.uasset" 7005
"/Engine/EngineMaterials/Substrate/Glints2/dict_0000_0209" 7006
"../../../Engine/Content/EngineMaterials/Substrate/Glints2/dict_0000_0206.uasset" 7007
"../../../Engine/Content/EngineMaterials/Substrate/Glints2/dict_0000_0211.uasset" 7008
"/Engine/EngineMaterials/Substrate/Glints2/dict_0000_0208" 7009
"../../../Engine/Content/EngineMaterials/Substrate/Glints2/dict_0000_0212.uasset" 7010
"/Engine/EngineMaterials/Substrate/Glints2/dict_0000_0207" 7011
"../../../Engine/Content/EngineMaterials/Substrate/Glints2/dict_0000_0213.uasset" 7012
"/Engine/EngineMaterials/Substrate/Glints2/dict_0000_0205" 7013
"/Engine/EngineMaterials/Substrate/Glints2/dict_0000_0204" 7014
"/Engine/EngineMaterials/Substrate/Glints2/dict_0000_0203" 7015
"../../../Engine/Content/EngineMaterials/Substrate/Glints2/dict_0000_0219.uasset" 7016
"/Engine/EngineMaterials/Substrate/Glints2/dict_0000_0200" 7017
"../../../Engine/Content/EngineMaterials/Substrate/Glints2/dict_0000_0216.uasset" 7018
"../../../Engine/Content/EngineMaterials/Substrate/Glints2/dict_0000_0218.uasset" 7019
"/Engine/EngineMaterials/Substrate/Glints2/dict_0000_0191" 7020
"/Engine/EngineMaterials/Substrate/Glints2/dict_0000_0210" 7021
"../../../Engine/Content/EngineMaterials/Substrate/Glints2/dict_0000_0215.uasset" 7022
"/Engine/EngineMaterials/Substrate/Glints2/dict_0000_0206" 7023
"../../../Engine/Content/EngineMaterials/Substrate/Glints2/dict_0000_0217.uasset" 7024
"../../../Engine/Content/EngineMaterials/Substrate/Glints2/dict_0000_0220.uasset" 7025
"/Engine/EngineMaterials/Substrate/Glints2/dict_0000_0219" 7026
"/Engine/EngineMaterials/Substrate/Glints2/dict_0000_0218" 7027
"/Engine/EngineMaterials/Substrate/Glints2/dict_0000_0216" 7028
"/Engine/EngineMaterials/Substrate/Glints2/dict_0000_0215" 7029
"../../../Engine/Content/EngineMaterials/Substrate/Glints2/dict_0000_0214.uasset" 7030
"/Engine/EngineMaterials/Substrate/Glints2/dict_0000_0213" 7031
"/Engine/EngineMaterials/Substrate/Glints2/dict_0000_0212" 7032
"/Engine/EngineMaterials/Substrate/Glints2/dict_0000_0211" 7033
"/Engine/EngineMaterials/Substrate/Glints2/dict_0000_0217" 7034
"/Engine/EngineMaterials/Substrate/Glints2/dict_0000_0214" 7035
"/Engine/EngineMaterials/Substrate/Glints2/dict_0000_0220" 7036
"../../../Engine/Content/EngineMaterials/Substrate/Glints2/dict_0000_0222.uasset" 7037
"../../../Engine/Content/EngineMaterials/Substrate/Glints2/dict_0000_0221.uasset" 7038
"../../../Engine/Content/EngineMaterials/Substrate/Glints2/dict_0000_0223.uasset" 7039
"../../../Engine/Content/EngineMaterials/Substrate/Glints2/dict_0000_0225.uasset" 7040
"../../../Engine/Content/EngineMaterials/Substrate/Glints2/dict_0000_0227.uasset" 7041
"../../../Engine/Content/EngineMaterials/Substrate/Glints2/dict_0000_0228.uasset" 7042
"../../../Engine/Content/EngineMaterials/Substrate/Glints2/dict_0000_0224.uasset" 7043
"../../../Engine/Content/EngineMaterials/Substrate/Glints2/dict_0000_0230.uasset" 7044
"../../../Engine/Content/EngineMaterials/Substrate/Glints2/dict_0000_0229.uasset" 7045
"../../../Engine/Content/EngineMaterials/Substrate/Glints2/dict_0000_0232.uasset" 7046
"../../../Engine/Content/EngineMaterials/Substrate/Glints2/dict_0000_0231.uasset" 7047
"../../../Engine/Content/EngineMaterials/Substrate/Glints2/dict_0000_0226.uasset" 7048
"../../../Engine/Content/EngineMaterials/Substrate/Glints2/dict_0000_0233.uasset" 7049
"../../../Engine/Content/EngineMaterials/Substrate/Glints2/dict_0000_0234.uasset" 7050
"/Engine/EngineMaterials/Substrate/Glints2/dict_0000_0232" 7051
"../../../Engine/Content/EngineMaterials/Substrate/Glints2/dict_0000_0236.uasset" 7052
"/Engine/EngineMaterials/Substrate/Glints2/dict_0000_0231" 7053
"../../../Engine/Content/EngineMaterials/Substrate/Glints2/dict_0000_0237.uasset" 7054
"/Engine/EngineMaterials/Substrate/Glints2/dict_0000_0230" 7055
"../../../Engine/Content/EngineMaterials/Substrate/Glints2/dict_0000_0240.uasset" 7056
"/Engine/EngineMaterials/Substrate/Glints2/dict_0000_0229" 7057
"/Engine/EngineMaterials/Substrate/Glints2/dict_0000_0228" 7058
"/Engine/EngineMaterials/Substrate/Glints2/dict_0000_0227" 7059
"../../../Engine/Content/EngineMaterials/Substrate/Glints2/dict_0000_0238.uasset" 7060
"/Engine/EngineMaterials/Substrate/Glints2/dict_0000_0226" 7061
"../../../Engine/Content/EngineMaterials/Substrate/Glints2/dict_0000_0239.uasset" 7062
"/Engine/EngineMaterials/Substrate/Glints2/dict_0000_0225" 7063
"/Engine/EngineMaterials/Substrate/Glints2/dict_0000_0224" 7064
"/Engine/EngineMaterials/Substrate/Glints2/dict_0000_0223" 7065
"/Engine/EngineMaterials/Substrate/Glints2/dict_0000_0234" 7066
"/Engine/EngineMaterials/Substrate/Glints2/dict_0000_0222" 7067
"../../../Engine/Content/EngineMaterials/Substrate/Glints2/dict_0000_0245.uasset" 7068
"/Engine/EngineMaterials/Substrate/Glints2/dict_0000_0233" 7069
"/Engine/EngineMaterials/Substrate/Glints2/dict_0000_0221" 7070
"/Engine/EngineMaterials/Substrate/Glints2/dict_0000_0240" 7071
"/Engine/EngineMaterials/Substrate/Glints2/dict_0000_0239" 7072
"../../../Engine/Content/EngineMaterials/Substrate/Glints2/dict_0000_0235.uasset" 7073
"../../../Engine/Content/EngineMaterials/Substrate/Glints2/dict_0000_0241.uasset" 7074
"/Engine/EngineMaterials/Substrate/Glints2/dict_0000_0238" 7075
"../../../Engine/Content/EngineMaterials/Substrate/Glints2/dict_0000_0248.uasset" 7076
"/Engine/EngineMaterials/Substrate/Glints2/dict_0000_0237" 7077
"../../../Engine/Content/EngineMaterials/Substrate/Glints2/dict_0000_0246.uasset" 7078
"/Engine/EngineMaterials/Substrate/Glints2/dict_0000_0236" 7079
"/Engine/EngineMaterials/Substrate/Glints2/dict_0000_0245" 7080
"../../../Engine/Content/EngineMaterials/Substrate/Glints2/dict_0000_0242.uasset" 7081
"/Engine/EngineMaterials/Substrate/Glints2/dict_0000_0241" 7082
"/Engine/EngineMaterials/Substrate/Glints2/dict_0000_0235" 7083
"../../../Engine/Content/EngineMaterials/Substrate/Glints2/dict_0000_0244.uasset" 7084
"/Engine/EngineMaterials/Substrate/Glints2/dict_0000_0248" 7085
"../../../Engine/Content/EngineMaterials/Substrate/Glints2/dict_0000_0252.uasset" 7086
"../../../Engine/Content/EngineMaterials/Substrate/Glints2/dict_0000_0247.uasset" 7087
"../../../Engine/Content/EngineMaterials/Substrate/Glints2/dict_0000_0243.uasset" 7088
"/Engine/EngineMaterials/Substrate/Glints2/dict_0000_0246" 7089
"/Engine/EngineMaterials/Substrate/Glints2/dict_0000_0247" 7090
"/Engine/EngineMaterials/Substrate/Glints2/dict_0000_0252" 7091
"/Engine/EngineMaterials/Substrate/Glints2/dict_0000_0244" 7092
"/Engine/EngineMaterials/Substrate/Glints2/dict_0000_0243" 7093
"/Engine/EngineMaterials/Substrate/Glints2/dict_0000_0242" 7094
"../../../Engine/Content/EngineMaterials/Substrate/Glints2/dict_0001_0000.uasset" 7095
"../../../Engine/Content/EngineMaterials/Substrate/Glints2/dict_0000_0251.uasset" 7096
"../../../Engine/Content/EngineMaterials/Substrate/Glints2/dict_0000_0254.uasset" 7097
"../../../Engine/Content/EngineMaterials/Substrate/Glints2/dict_0000_0249.uasset" 7098
"../../../Engine/Content/EngineMaterials/Substrate/Glints2/dict_0001_0005.uasset" 7099
"../../../Engine/Content/EngineMaterials/Substrate/Glints2/dict_0001_0006.uasset" 7100
"../../../Engine/Content/EngineMaterials/Substrate/Glints2/dict_0000_0255.uasset" 7101
"/Engine/EngineMaterials/Substrate/Glints2/dict_0000_0249" 7102
"../../../Engine/Content/EngineMaterials/Substrate/Glints2/dict_0000_0250.uasset" 7103
"../../../Engine/Content/EngineMaterials/Substrate/Glints2/dict_0001_0003.uasset" 7104
"../../../Engine/Content/EngineMaterials/Substrate/Glints2/dict_0001_0004.uasset" 7105
"/Engine/EngineMaterials/Substrate/Glints2/dict_0001_0006" 7106
"../../../Engine/Content/EngineMaterials/Substrate/Glints2/dict_0001_0002.uasset" 7107
"/Engine/EngineMaterials/Substrate/Glints2/dict_0001_0005" 7108
"/Engine/EngineMaterials/Substrate/Glints2/dict_0001_0000" 7109
"/Engine/EngineMaterials/Substrate/Glints2/dict_0000_0251" 7110
"/Engine/EngineMaterials/Substrate/Glints2/dict_0000_0255" 7111
"/Engine/EngineMaterials/Substrate/Glints2/dict_0000_0254" 7112
"/Engine/EngineMaterials/Substrate/Glints2/dict_0001_0004" 7113
"/Engine/EngineMaterials/Substrate/Glints2/dict_0001_0003" 7114
"/Engine/EngineMaterials/Substrate/Glints2/dict_0001_0002" 7115
"/Engine/EngineMaterials/Substrate/Glints2/dict_0000_0250" 7116
"../../../Engine/Content/EngineMaterials/Substrate/Glints2/dict_0001_0010.uasset" 7117
"../../../Engine/Content/EngineMaterials/Substrate/Glints2/dict_0001_0007.uasset" 7118
"../../../Engine/Content/EngineMaterials/Substrate/Glints2/dict_0001_0012.uasset" 7119
"../../../Engine/Content/EngineMaterials/Substrate/Glints2/dict_0001_0011.uasset" 7120
"../../../Engine/Content/EngineMaterials/Substrate/Glints2/dict_0001_0013.uasset" 7121
"../../../Engine/Content/EngineMaterials/Substrate/Glints2/dict_0001_0016.uasset" 7122
"../../../Engine/Content/EngineMaterials/Substrate/Glints2/dict_0001_0014.uasset" 7123
"/Engine/EngineMaterials/Substrate/Glints2/dict_0001_0016" 7124
"/Engine/EngineMaterials/Substrate/Glints2/dict_0001_0014" 7125
"/Engine/EngineMaterials/Substrate/Glints2/dict_0001_0013" 7126
"/Engine/EngineMaterials/Substrate/Glints2/dict_0001_0012" 7127
"/Engine/EngineMaterials/Substrate/Glints2/dict_0001_0010" 7128
"/Engine/EngineMaterials/Substrate/Glints2/dict_0001_0007" 7129
"/Engine/EngineMaterials/Substrate/Glints2/dict_0001_0011" 7130
"../../../Engine/Content/EngineMaterials/Substrate/Glints2/dict_0001_0001.uasset" 7131
"/Engine/EngineMaterials/Substrate/Glints2/dict_0001_0001" 7132
"../../../Engine/Content/EngineMaterials/Substrate/Glints2/dict_0001_0017.uasset" 7133
"../../../Engine/Content/EngineMaterials/Substrate/Glints2/dict_0001_0020.uasset" 7134
"../../../Engine/Content/EngineMaterials/Substrate/Glints2/dict_0001_0018.uasset" 7135
"../../../Engine/Content/EngineMaterials/Substrate/Glints2/dict_0001_0021.uasset" 7136
"../../../Engine/Content/EngineMaterials/Substrate/Glints2/dict_0001_0023.uasset" 7137
"../../../Engine/Content/EngineMaterials/Substrate/Glints2/dict_0001_0022.uasset" 7138
"../../../Engine/Content/EngineMaterials/Substrate/Glints2/dict_0001_0031.uasset" 7139
"../../../Engine/Content/EngineMaterials/Substrate/Glints2/dict_0001_0029.uasset" 7140
"../../../Engine/Content/EngineMaterials/Substrate/Glints2/dict_0001_0019.uasset" 7141
"/Engine/EngineMaterials/Substrate/Glints2/dict_0001_0020" 7142
"../../../Engine/Content/EngineMaterials/Substrate/Glints2/dict_0001_0027.uasset" 7143
"/Engine/EngineMaterials/Substrate/Glints2/dict_0001_0018" 7144
"/Engine/EngineMaterials/Substrate/Glints2/dict_0001_0017" 7145
"/Engine/EngineMaterials/Substrate/Glints2/dict_0001_0023" 7146
"../../../Engine/Content/EngineMaterials/Substrate/Glints2/dict_0001_0015.uasset" 7147
"/Engine/EngineMaterials/Substrate/Glints2/dict_0001_0022" 7148
"../../../Engine/Content/EngineMaterials/Substrate/Glints2/dict_0001_0008.uasset" 7149
"/Engine/EngineMaterials/Substrate/Glints2/dict_0001_0021" 7150
"/Engine/EngineMaterials/Substrate/Glints2/dict_0001_0015" 7151
"/Engine/EngineMaterials/Substrate/Glints2/dict_0001_0019" 7152
"../../../Engine/Content/EngineMaterials/Substrate/Glints2/dict_0001_0024.uasset" 7153
"/Engine/EngineMaterials/Substrate/Glints2/dict_0001_0008" 7154
"/Engine/EngineMaterials/Substrate/Glints2/dict_0001_0031" 7155
"../../../Engine/Content/EngineMaterials/Substrate/Glints2/dict_0001_0032.uasset" 7156
"/Engine/EngineMaterials/Substrate/Glints2/dict_0001_0029" 7157
"../../../Engine/Content/EngineMaterials/Substrate/Glints2/dict_0001_0030.uasset" 7158
"/Engine/EngineMaterials/Substrate/Glints2/dict_0001_0027" 7159
"/Engine/EngineMaterials/Substrate/Glints2/dict_0001_0032" 7160
"/Engine/EngineMaterials/Substrate/Glints2/dict_0001_0030" 7161
"/Engine/EngineMaterials/Substrate/Glints2/dict_0001_0024" 7162
"../../../Engine/Content/EngineMaterials/Substrate/Glints2/dict_0001_0026.uasset" 7163
"../../../Engine/Content/EngineMaterials/Substrate/Glints2/dict_0001_0028.uasset" 7164
"../../../Engine/Content/EngineMaterials/Substrate/Glints2/dict_0001_0033.uasset" 7165
"/Engine/EngineMaterials/Substrate/Glints2/dict_0001_0028" 7166
"/Engine/EngineMaterials/Substrate/Glints2/dict_0001_0033" 7167
"/Engine/EngineMaterials/Substrate/Glints2/dict_0001_0026" 7168
"../../../Engine/Content/EngineMaterials/Substrate/Glints2/dict_0000_0253.uasset" 7169
"../../../Engine/Content/EngineMaterials/Substrate/Glints2/dict_0001_0036.uasset" 7170
"../../../Engine/Content/EngineMaterials/Substrate/Glints2/dict_0001_0037.uasset" 7171
"../../../Engine/Content/EngineMaterials/Substrate/Glints2/dict_0001_0034.uasset" 7172
"../../../Engine/Content/EngineMaterials/Substrate/Glints2/dict_0001_0039.uasset" 7173
"../../../Engine/Content/EngineMaterials/Substrate/Glints2/dict_0001_0038.uasset" 7174
"../../../Engine/Content/EngineMaterials/Substrate/Glints2/dict_0001_0042.uasset" 7175
"../../../Engine/Content/EngineMaterials/Substrate/Glints2/dict_0001_0043.uasset" 7176
"../../../Engine/Content/EngineMaterials/Substrate/Glints2/dict_0001_0044.uasset" 7177
"../../../Engine/Content/EngineMaterials/Substrate/Glints2/dict_0001_0040.uasset" 7178
"../../../Engine/Content/EngineMaterials/Substrate/Glints2/dict_0001_0041.uasset" 7179
"../../../Engine/Content/EngineMaterials/Substrate/Glints2/dict_0001_0009.uasset" 7180
"../../../Engine/Content/EngineMaterials/Substrate/Glints2/dict_0001_0035.uasset" 7181
"../../../Engine/Content/EngineMaterials/Substrate/Glints2/dict_0001_0048.uasset" 7182
"../../../Engine/Content/EngineMaterials/Substrate/Glints2/dict_0001_0046.uasset" 7183
"/Engine/EngineMaterials/Substrate/Glints2/dict_0001_0043" 7184
"/Engine/EngineMaterials/Substrate/Glints2/dict_0001_0042" 7185
"../../../Engine/Content/EngineMaterials/Substrate/Glints2/dict_0001_0053.uasset" 7186
"../../../Engine/Content/EngineMaterials/Substrate/Glints2/dict_0001_0054.uasset" 7187
"../../../Engine/Content/EngineMaterials/Substrate/Glints2/dict_0001_0049.uasset" 7188
"/Engine/EngineMaterials/Substrate/Glints2/dict_0001_0041" 7189
"../../../Engine/Content/EngineMaterials/Substrate/Glints2/dict_0001_0055.uasset" 7190
"/Engine/EngineMaterials/Substrate/Glints2/dict_0001_0040" 7191
"../../../Engine/Content/EngineMaterials/Substrate/Glints2/dict_0001_0052.uasset" 7192
"../../../Engine/Content/EngineMaterials/Substrate/Glints2/dict_0001_0051.uasset" 7193
"/Engine/EngineMaterials/Substrate/Glints2/dict_0001_0039" 7194
"../../../Engine/Content/EngineMaterials/Substrate/Glints2/dict_0001_0058.uasset" 7195
"/Engine/EngineMaterials/Substrate/Glints2/dict_0001_0009" 7196
"../../../Engine/Content/EngineMaterials/Substrate/Glints2/dict_0001_0059.uasset" 7197
"/Engine/EngineMaterials/Substrate/Glints2/dict_0001_0038" 7198
"../../../Engine/Content/EngineMaterials/Substrate/Glints2/dict_0001_0025.uasset" 7199
"/Engine/EngineMaterials/Substrate/Glints2/dict_0001_0036" 7200
"/Engine/EngineMaterials/Substrate/Glints2/dict_0001_0035" 7201
"../../../Engine/Content/EngineMaterials/Substrate/Glints2/dict_0001_0057.uasset" 7202
"/Engine/EngineMaterials/Substrate/Glints2/dict_0001_0034" 7203
"../../../Engine/Content/EngineMaterials/Substrate/Glints2/dict_0001_0045.uasset" 7204
"/Engine/EngineMaterials/Substrate/Glints2/dict_0001_0044" 7205
"/Engine/EngineMaterials/Substrate/Glints2/dict_0001_0048" 7206
"../../../Engine/Content/EngineMaterials/Substrate/Glints2/dict_0001_0060.uasset" 7207
"/Engine/EngineMaterials/Substrate/Glints2/dict_0001_0037" 7208
"../../../Engine/Content/EngineMaterials/Substrate/Glints2/dict_0001_0050.uasset" 7209
"/Engine/EngineMaterials/Substrate/Glints2/dict_0001_0046" 7210
"../../../Engine/Content/EngineMaterials/Substrate/Glints2/dict_0001_0062.uasset" 7211
"/Engine/EngineMaterials/Substrate/Glints2/dict_0000_0253" 7212
"../../../Engine/Content/EngineMaterials/Substrate/Glints2/dict_0001_0056.uasset" 7213
"/Engine/EngineMaterials/Substrate/Glints2/dict_0001_0050" 7214
"/Engine/EngineMaterials/Substrate/Glints2/dict_0001_0056" 7215
"/Engine/EngineMaterials/Substrate/Glints2/dict_0001_0059" 7216
"/Engine/EngineMaterials/Substrate/Glints2/dict_0001_0055" 7217
"/Engine/EngineMaterials/Substrate/Glints2/dict_0001_0054" 7218
"/Engine/EngineMaterials/Substrate/Glints2/dict_0001_0053" 7219
"/Engine/EngineMaterials/Substrate/Glints2/dict_0001_0058" 7220
"/Engine/EngineMaterials/Substrate/Glints2/dict_0001_0052" 7221
"/Engine/EngineMaterials/Substrate/Glints2/dict_0001_0049" 7222
"/Engine/EngineMaterials/Substrate/Glints2/dict_0001_0025" 7223
"/Engine/EngineMaterials/Substrate/Glints2/dict_0001_0057" 7224
"/Engine/EngineMaterials/Substrate/Glints2/dict_0001_0062" 7225
"/Engine/EngineMaterials/Substrate/Glints2/dict_0001_0045" 7226
"/Engine/EngineMaterials/Substrate/Glints2/dict_0001_0051" 7227
"/Engine/EngineMaterials/Substrate/Glints2/dict_0001_0060" 7228
"../../../Engine/Content/EngineMaterials/Substrate/Glints2/dict_0001_0061.uasset" 7229
"../../../Engine/Content/EngineMaterials/Substrate/Glints2/dict_0001_0069.uasset" 7230
"../../../Engine/Content/EngineMaterials/Substrate/Glints2/dict_0001_0066.uasset" 7231
"../../../Engine/Content/EngineMaterials/Substrate/Glints2/dict_0001_0065.uasset" 7232
"../../../Engine/Content/EngineMaterials/Substrate/Glints2/dict_0001_0071.uasset" 7233
"../../../Engine/Content/EngineMaterials/Substrate/Glints2/dict_0001_0067.uasset" 7234
"../../../Engine/Content/EngineMaterials/Substrate/Glints2/dict_0001_0064.uasset" 7235
"../../../Engine/Content/EngineMaterials/Substrate/Glints2/dict_0001_0063.uasset" 7236
"../../../Engine/Content/EngineMaterials/Substrate/Glints2/dict_0001_0068.uasset" 7237
"../../../Engine/Content/EngineMaterials/Substrate/Glints2/dict_0001_0047.uasset" 7238
"../../../Engine/Content/EngineMaterials/Substrate/Glints2/dict_0001_0073.uasset" 7239
"../../../Engine/Content/EngineMaterials/Substrate/Glints2/dict_0001_0070.uasset" 7240
"/Engine/EngineMaterials/Substrate/Glints2/dict_0001_0073" 7241
"/Engine/EngineMaterials/Substrate/Glints2/dict_0001_0071" 7242
"/Engine/EngineMaterials/Substrate/Glints2/dict_0001_0069" 7243
"/Engine/EngineMaterials/Substrate/Glints2/dict_0001_0068" 7244
"/Engine/EngineMaterials/Substrate/Glints2/dict_0001_0067" 7245
"/Engine/EngineMaterials/Substrate/Glints2/dict_0001_0066" 7246
"../../../Engine/Content/EngineMaterials/Substrate/Glints2/dict_0001_0076.uasset" 7247
"../../../Engine/Content/EngineMaterials/Substrate/Glints2/dict_0001_0079.uasset" 7248
"../../../Engine/Content/EngineMaterials/Substrate/Glints2/dict_0001_0077.uasset" 7249
"/Engine/EngineMaterials/Substrate/Glints2/dict_0001_0065" 7250
"/Engine/EngineMaterials/Substrate/Glints2/dict_0001_0061" 7251
"/Engine/EngineMaterials/Substrate/Glints2/dict_0001_0047" 7252
"../../../Engine/Content/EngineMaterials/Substrate/Glints2/dict_0001_0074.uasset" 7253
"/Engine/EngineMaterials/Substrate/Glints2/dict_0001_0064" 7254
"/Engine/EngineMaterials/Substrate/Glints2/dict_0001_0063" 7255
"/Engine/EngineMaterials/Substrate/Glints2/dict_0001_0077" 7256
"../../../Engine/Content/EngineMaterials/Substrate/Glints2/dict_0001_0072.uasset" 7257
"/Engine/EngineMaterials/Substrate/Glints2/dict_0001_0076" 7258
"/Engine/EngineMaterials/Substrate/Glints2/dict_0001_0074" 7259
"../../../Engine/Content/EngineMaterials/Substrate/Glints2/dict_0001_0082.uasset" 7260
"../../../Engine/Content/EngineMaterials/Substrate/Glints2/dict_0001_0075.uasset" 7261
"../../../Engine/Content/EngineMaterials/Substrate/Glints2/dict_0001_0078.uasset" 7262
"../../../Engine/Content/EngineMaterials/Substrate/Glints2/dict_0001_0080.uasset" 7263
"/Engine/EngineMaterials/Substrate/Glints2/dict_0001_0070" 7264
"/Engine/EngineMaterials/Substrate/Glints2/dict_0001_0079" 7265
"/Engine/EngineMaterials/Substrate/Glints2/dict_0001_0075" 7266
"/Engine/EngineMaterials/Substrate/Glints2/dict_0001_0072" 7267
"/Engine/EngineMaterials/Substrate/Glints2/dict_0001_0082" 7268
"/Engine/EngineMaterials/Substrate/Glints2/dict_0001_0080" 7269
"../../../Engine/Content/EngineMaterials/Substrate/Glints2/dict_0001_0085.uasset" 7270
"/Engine/EngineMaterials/Substrate/Glints2/dict_0001_0078" 7271
"/Engine/EngineMaterials/Substrate/Glints2/dict_0001_0085" 7272
"../../../Engine/Content/EngineMaterials/Substrate/Glints2/dict_0001_0087.uasset" 7273
"../../../Engine/Content/EngineMaterials/Substrate/Glints2/dict_0001_0086.uasset" 7274
"../../../Engine/Content/EngineMaterials/Substrate/Glints2/dict_0001_0084.uasset" 7275
"../../../Engine/Content/EngineMaterials/Substrate/Glints2/dict_0001_0081.uasset" 7276
"../../../Engine/Content/EngineMaterials/Substrate/Glints2/dict_0001_0089.uasset" 7277
"/Engine/EngineMaterials/Substrate/Glints2/dict_0001_0089" 7278
"../../../Engine/Content/EngineMaterials/Substrate/Glints2/dict_0001_0088.uasset" 7279
"/Engine/EngineMaterials/Substrate/Glints2/dict_0001_0087" 7280
"/Engine/EngineMaterials/Substrate/Glints2/dict_0001_0086" 7281
"/Engine/EngineMaterials/Substrate/Glints2/dict_0001_0084" 7282
"/Engine/EngineMaterials/Substrate/Glints2/dict_0001_0081" 7283
"/Engine/EngineMaterials/Substrate/Glints2/dict_0001_0088" 7284
"../../../Engine/Content/EngineMaterials/Substrate/Glints2/dict_0001_0093.uasset" 7285
"../../../Engine/Content/EngineMaterials/Substrate/Glints2/dict_0001_0090.uasset" 7286
"../../../Engine/Content/EngineMaterials/Substrate/Glints2/dict_0001_0091.uasset" 7287
"../../../Engine/Content/EngineMaterials/Substrate/Glints2/dict_0001_0092.uasset" 7288
"../../../Engine/Content/EngineMaterials/Substrate/Glints2/dict_0001_0094.uasset" 7289
"../../../Engine/Content/EngineMaterials/Substrate/Glints2/dict_0001_0097.uasset" 7290
"../../../Engine/Content/EngineMaterials/Substrate/Glints2/dict_0001_0099.uasset" 7291
"../../../Engine/Content/EngineMaterials/Substrate/Glints2/dict_0001_0096.uasset" 7292
"../../../Engine/Content/EngineMaterials/Substrate/Glints2/dict_0001_0102.uasset" 7293
"../../../Engine/Content/EngineMaterials/Substrate/Glints2/dict_0001_0095.uasset" 7294
"../../../Engine/Content/EngineMaterials/Substrate/Glints2/dict_0001_0083.uasset" 7295
"../../../Engine/Content/EngineMaterials/Substrate/Glints2/dict_0001_0098.uasset" 7296
"../../../Engine/Content/EngineMaterials/Substrate/Glints2/dict_0001_0100.uasset" 7297
"../../../Engine/Content/EngineMaterials/Substrate/Glints2/dict_0001_0104.uasset" 7298
"../../../Engine/Content/EngineMaterials/Substrate/Glints2/dict_0001_0103.uasset" 7299
"/Engine/EngineMaterials/Substrate/Glints2/dict_0001_0092" 7300
"../../../Engine/Content/EngineMaterials/Substrate/Glints2/dict_0001_0106.uasset" 7301
"../../../Engine/Content/EngineMaterials/Substrate/Glints2/dict_0001_0107.uasset" 7302
"../../../Engine/Content/EngineMaterials/Substrate/Glints2/dict_0001_0105.uasset" 7303
"/Engine/EngineMaterials/Substrate/Glints2/dict_0001_0091" 7304
"/Engine/EngineMaterials/Substrate/Glints2/dict_0001_0090" 7305
"/Engine/EngineMaterials/Substrate/Glints2/dict_0001_0102" 7306
"/Engine/EngineMaterials/Substrate/Glints2/dict_0001_0100" 7307
"/Engine/EngineMaterials/Substrate/Glints2/dict_0001_0099" 7308
"../../../Engine/Content/EngineMaterials/Substrate/Glints2/dict_0001_0108.uasset" 7309
"../../../Engine/Content/EngineMaterials/Substrate/Glints2/dict_0001_0111.uasset" 7310
"../../../Engine/Content/EngineMaterials/Substrate/Glints2/dict_0001_0112.uasset" 7311
"../../../Engine/Content/EngineMaterials/Substrate/Glints2/dict_0001_0109.uasset" 7312
"../../../Engine/Content/EngineMaterials/Substrate/Glints2/dict_0001_0110.uasset" 7313
"../../../Engine/Content/EngineMaterials/Substrate/Glints2/dict_0001_0113.uasset" 7314
"../../../Engine/Content/EngineMaterials/Substrate/Glints2/dict_0001_0114.uasset" 7315
"/Engine/EngineMaterials/Substrate/Glints2/dict_0001_0083" 7316
"../../../Engine/Content/EngineMaterials/Substrate/Glints2/dict_0001_0101.uasset" 7317
"/Engine/EngineMaterials/Substrate/Glints2/dict_0001_0098" 7318
"/Engine/EngineMaterials/Substrate/Glints2/dict_0001_0097" 7319
"/Engine/EngineMaterials/Substrate/Glints2/dict_0001_0096" 7320
"/Engine/EngineMaterials/Substrate/Glints2/dict_0001_0095" 7321
"/Engine/EngineMaterials/Substrate/Glints2/dict_0001_0094" 7322
"/Engine/EngineMaterials/Substrate/Glints2/dict_0001_0104" 7323
"../../../Engine/Content/EngineMaterials/Substrate/Glints2/dict_0001_0119.uasset" 7324
"../../../Engine/Content/EngineMaterials/Substrate/Glints2/dict_0001_0118.uasset" 7325
"/Engine/EngineMaterials/Substrate/Glints2/dict_0001_0093" 7326
"../../../Engine/Content/EngineMaterials/Substrate/Glints2/dict_0001_0117.uasset" 7327
"../../../Engine/Content/EngineMaterials/Substrate/Glints2/dict_0001_0120.uasset" 7328
"../../../Engine/Content/EngineMaterials/Substrate/Glints2/dict_0001_0116.uasset" 7329
"/Engine/EngineMaterials/Substrate/Glints2/dict_0001_0108" 7330
"/Engine/EngineMaterials/Substrate/Glints2/dict_0001_0107" 7331
"/Engine/EngineMaterials/Substrate/Glints2/dict_0001_0113" 7332
"/Engine/EngineMaterials/Substrate/Glints2/dict_0001_0106" 7333
"/Engine/EngineMaterials/Substrate/Glints2/dict_0001_0103" 7334
"/Engine/EngineMaterials/Substrate/Glints2/dict_0001_0112" 7335
"../../../Engine/Content/EngineMaterials/Substrate/Glints2/dict_0001_0115.uasset" 7336
"/Engine/EngineMaterials/Substrate/Glints2/dict_0001_0119" 7337
"/Engine/EngineMaterials/Substrate/Glints2/dict_0001_0120" 7338
"/Engine/EngineMaterials/Substrate/Glints2/dict_0001_0118" 7339
"/Engine/EngineMaterials/Substrate/Glints2/dict_0001_0117" 7340
"/Engine/EngineMaterials/Substrate/Glints2/dict_0001_0105" 7341
"/Engine/EngineMaterials/Substrate/Glints2/dict_0001_0101" 7342
"/Engine/EngineMaterials/Substrate/Glints2/dict_0001_0114" 7343
"/Engine/EngineMaterials/Substrate/Glints2/dict_0001_0111" 7344
"/Engine/EngineMaterials/Substrate/Glints2/dict_0001_0110" 7345
"/Engine/EngineMaterials/Substrate/Glints2/dict_0001_0109" 7346
"/Engine/EngineMaterials/Substrate/Glints2/dict_0001_0116" 7347
"/Engine/EngineMaterials/Substrate/Glints2/dict_0001_0115" 7348
"../../../Engine/Content/EngineMaterials/Substrate/Glints2/dict_0001_0121.uasset" 7349
"../../../Engine/Content/EngineMaterials/Substrate/Glints2/dict_0001_0126.uasset" 7350
"../../../Engine/Content/EngineMaterials/Substrate/Glints2/dict_0001_0130.uasset" 7351
"../../../Engine/Content/EngineMaterials/Substrate/Glints2/dict_0001_0129.uasset" 7352
"../../../Engine/Content/EngineMaterials/Substrate/Glints2/dict_0001_0122.uasset" 7353
"../../../Engine/Content/EngineMaterials/Substrate/Glints2/dict_0001_0133.uasset" 7354
"../../../Engine/Content/EngineMaterials/Substrate/Glints2/dict_0001_0125.uasset" 7355
"../../../Engine/Content/EngineMaterials/Substrate/Glints2/dict_0001_0127.uasset" 7356
"../../../Engine/Content/EngineMaterials/Substrate/Glints2/dict_0001_0128.uasset" 7357
"../../../Engine/Content/EngineMaterials/Substrate/Glints2/dict_0001_0131.uasset" 7358
"../../../Engine/Content/EngineMaterials/Substrate/Glints2/dict_0001_0123.uasset" 7359
"/Engine/EngineMaterials/Substrate/Glints2/dict_0001_0133" 7360
"/Engine/EngineMaterials/Substrate/Glints2/dict_0001_0130" 7361
"/Engine/EngineMaterials/Substrate/Glints2/dict_0001_0129" 7362
"/Engine/EngineMaterials/Substrate/Glints2/dict_0001_0128" 7363
"/Engine/EngineMaterials/Substrate/Glints2/dict_0001_0127" 7364
"/Engine/EngineMaterials/Substrate/Glints2/dict_0001_0126" 7365
"/Engine/EngineMaterials/Substrate/Glints2/dict_0001_0125" 7366
"/Engine/EngineMaterials/Substrate/Glints2/dict_0001_0123" 7367
"../../../Engine/Content/EngineMaterials/Substrate/Glints2/dict_0001_0132.uasset" 7368
"/Engine/EngineMaterials/Substrate/Glints2/dict_0001_0122" 7369
"/Engine/EngineMaterials/Substrate/Glints2/dict_0001_0121" 7370
"/Engine/EngineMaterials/Substrate/Glints2/dict_0001_0132" 7371
"/Engine/EngineMaterials/Substrate/Glints2/dict_0001_0131" 7372
"../../../Engine/Content/EngineMaterials/Substrate/Glints2/dict_0001_0124.uasset" 7373
"../../../Engine/Content/EngineMaterials/Substrate/Glints2/dict_0001_0138.uasset" 7374
"../../../Engine/Content/EngineMaterials/Substrate/Glints2/dict_0001_0145.uasset" 7375
"../../../Engine/Content/EngineMaterials/Substrate/Glints2/dict_0001_0134.uasset" 7376
"../../../Engine/Content/EngineMaterials/Substrate/Glints2/dict_0001_0137.uasset" 7377
"../../../Engine/Content/EngineMaterials/Substrate/Glints2/dict_0001_0136.uasset" 7378
"../../../Engine/Content/EngineMaterials/Substrate/Glints2/dict_0001_0142.uasset" 7379
"../../../Engine/Content/EngineMaterials/Substrate/Glints2/dict_0001_0135.uasset" 7380
"../../../Engine/Content/EngineMaterials/Substrate/Glints2/dict_0001_0141.uasset" 7381
"../../../Engine/Content/EngineMaterials/Substrate/Glints2/dict_0001_0140.uasset" 7382
"../../../Engine/Content/EngineMaterials/Substrate/Glints2/dict_0001_0144.uasset" 7383
"../../../Engine/Content/EngineMaterials/Substrate/Glints2/dict_0001_0146.uasset" 7384
"../../../Engine/Content/EngineMaterials/Substrate/Glints2/dict_0001_0139.uasset" 7385
"../../../Engine/Content/EngineMaterials/Substrate/Glints2/dict_0001_0143.uasset" 7386
"/Engine/EngineMaterials/Substrate/Glints2/dict_0001_0134" 7387
"/Engine/EngineMaterials/Substrate/Glints2/dict_0001_0146" 7388
"/Engine/EngineMaterials/Substrate/Glints2/dict_0001_0145" 7389
"/Engine/EngineMaterials/Substrate/Glints2/dict_0001_0144" 7390
"../../../Engine/Content/EngineMaterials/Substrate/Glints2/dict_0001_0153.uasset" 7391
"../../../Engine/Content/EngineMaterials/Substrate/Glints2/dict_0001_0154.uasset" 7392
"/Engine/EngineMaterials/Substrate/Glints2/dict_0001_0143" 7393
"../../../Engine/Content/EngineMaterials/Substrate/Glints2/dict_0001_0157.uasset" 7394
"/Engine/EngineMaterials/Substrate/Glints2/dict_0001_0142" 7395
"/Engine/EngineMaterials/Substrate/Glints2/dict_0001_0141" 7396
"/Engine/EngineMaterials/Substrate/Glints2/dict_0001_0140" 7397
"../../../Engine/Content/EngineMaterials/Substrate/Glints2/dict_0001_0150.uasset" 7398
"../../../Engine/Content/EngineMaterials/Substrate/Glints2/dict_0001_0156.uasset" 7399
"../../../Engine/Content/EngineMaterials/Substrate/Glints2/dict_0001_0155.uasset" 7400
"/Engine/EngineMaterials/Substrate/Glints2/dict_0001_0139" 7401
"/Engine/EngineMaterials/Substrate/Glints2/dict_0001_0138" 7402
"/Engine/EngineMaterials/Substrate/Glints2/dict_0001_0137" 7403
"../../../Engine/Content/EngineMaterials/Substrate/Glints2/dict_0001_0152.uasset" 7404
"../../../Engine/Content/EngineMaterials/Substrate/Glints2/dict_0001_0147.uasset" 7405
"/Engine/EngineMaterials/Substrate/Glints2/dict_0001_0124" 7406
"/Engine/EngineMaterials/Substrate/Glints2/dict_0001_0136" 7407
"../../../Engine/Content/EngineMaterials/Substrate/Glints2/dict_0001_0149.uasset" 7408
"../../../Engine/Content/EngineMaterials/Substrate/Glints2/dict_0001_0159.uasset" 7409
"../../../Engine/Content/EngineMaterials/Substrate/Glints2/dict_0001_0148.uasset" 7410
"/Engine/EngineMaterials/Substrate/Glints2/dict_0001_0135" 7411
"/Engine/EngineMaterials/Substrate/Glints2/dict_0001_0150" 7412
"/Engine/EngineMaterials/Substrate/Glints2/dict_0001_0149" 7413
"/Engine/EngineMaterials/Substrate/Glints2/dict_0001_0148" 7414
"/Engine/EngineMaterials/Substrate/Glints2/dict_0001_0147" 7415
"/Engine/EngineMaterials/Substrate/Glints2/dict_0001_0152" 7416
"/Engine/EngineMaterials/Substrate/Glints2/dict_0001_0159" 7417
"../../../Engine/Content/EngineMaterials/Substrate/Glints2/dict_0001_0158.uasset" 7418
"/Engine/EngineMaterials/Substrate/Glints2/dict_0001_0157" 7419
"../../../Engine/Content/EngineMaterials/Substrate/Glints2/dict_0001_0160.uasset" 7420
"/Engine/EngineMaterials/Substrate/Glints2/dict_0001_0156" 7421
"/Engine/EngineMaterials/Substrate/Glints2/dict_0001_0155" 7422
"/Engine/EngineMaterials/Substrate/Glints2/dict_0001_0154" 7423
"/Engine/EngineMaterials/Substrate/Glints2/dict_0001_0153" 7424
"/Engine/EngineMaterials/Substrate/Glints2/dict_0001_0160" 7425
"../../../Engine/Content/EngineMaterials/Substrate/Glints2/dict_0001_0161.uasset" 7426
"/Engine/EngineMaterials/Substrate/Glints2/dict_0001_0158" 7427
"../../../Engine/Content/EngineMaterials/Substrate/Glints2/dict_0001_0162.uasset" 7428
"/Engine/EngineMaterials/Substrate/Glints2/dict_0001_0162" 7429
"/Engine/EngineMaterials/Substrate/Glints2/dict_0001_0161" 7430
"../../../Engine/Content/EngineMaterials/Substrate/Glints2/dict_0001_0151.uasset" 7431
"../../../Engine/Content/EngineMaterials/Substrate/Glints2/dict_0001_0169.uasset" 7432
"../../../Engine/Content/EngineMaterials/Substrate/Glints2/dict_0001_0171.uasset" 7433
"../../../Engine/Content/EngineMaterials/Substrate/Glints2/dict_0001_0165.uasset" 7434
"../../../Engine/Content/EngineMaterials/Substrate/Glints2/dict_0001_0164.uasset" 7435
"../../../Engine/Content/EngineMaterials/Substrate/Glints2/dict_0001_0168.uasset" 7436
"../../../Engine/Content/EngineMaterials/Substrate/Glints2/dict_0001_0172.uasset" 7437
"../../../Engine/Content/EngineMaterials/Substrate/Glints2/dict_0001_0170.uasset" 7438
"../../../Engine/Content/EngineMaterials/Substrate/Glints2/dict_0001_0173.uasset" 7439
"../../../Engine/Content/EngineMaterials/Substrate/Glints2/dict_0001_0166.uasset" 7440
"../../../Engine/Content/EngineMaterials/Substrate/Glints2/dict_0001_0163.uasset" 7441
"../../../Engine/Content/EngineMaterials/Substrate/Glints2/dict_0001_0174.uasset" 7442
"../../../Engine/Content/EngineMaterials/Substrate/Glints2/dict_0001_0167.uasset" 7443
"/Engine/EngineMaterials/Substrate/Glints2/dict_0001_0164" 7444
"../../../Engine/Content/EngineMaterials/Substrate/Glints2/dict_0001_0175.uasset" 7445
"/Engine/EngineMaterials/Substrate/Glints2/dict_0001_0174" 7446
"/Engine/EngineMaterials/Substrate/Glints2/dict_0001_0163" 7447
"/Engine/EngineMaterials/Substrate/Glints2/dict_0001_0173" 7448
"/Engine/EngineMaterials/Substrate/Glints2/dict_0001_0172" 7449
"/Engine/EngineMaterials/Substrate/Glints2/dict_0001_0171" 7450
"/Engine/EngineMaterials/Substrate/Glints2/dict_0001_0170" 7451
"../../../Engine/Content/EngineMaterials/Substrate/Glints2/dict_0001_0182.uasset" 7452
"../../../Engine/Content/EngineMaterials/Substrate/Glints2/dict_0001_0179.uasset" 7453
"../../../Engine/Content/EngineMaterials/Substrate/Glints2/dict_0001_0177.uasset" 7454
"../../../Engine/Content/EngineMaterials/Substrate/Glints2/dict_0001_0184.uasset" 7455
"/Engine/EngineMaterials/Substrate/Glints2/dict_0001_0169" 7456
"../../../Engine/Content/EngineMaterials/Substrate/Glints2/dict_0001_0181.uasset" 7457
"../../../Engine/Content/EngineMaterials/Substrate/Glints2/dict_0001_0183.uasset" 7458
"/Engine/EngineMaterials/Substrate/Glints2/dict_0001_0168" 7459
"/Engine/EngineMaterials/Substrate/Glints2/dict_0001_0151" 7460
"/Engine/EngineMaterials/Substrate/Glints2/dict_0001_0167" 7461
"../../../Engine/Content/EngineMaterials/Substrate/Glints2/dict_0001_0185.uasset" 7462
"/Engine/EngineMaterials/Substrate/Glints2/dict_0001_0166" 7463
"/Engine/EngineMaterials/Substrate/Glints2/dict_0001_0165" 7464
"../../../Engine/Content/EngineMaterials/Substrate/Glints2/dict_0001_0176.uasset" 7465
"../../../Engine/Content/EngineMaterials/Substrate/Glints2/dict_0001_0186.uasset" 7466
"/Engine/EngineMaterials/Substrate/Glints2/dict_0001_0186" 7467
"/Engine/EngineMaterials/Substrate/Glints2/dict_0001_0177" 7468
"../../../Engine/Content/EngineMaterials/Substrate/Glints2/dict_0001_0178.uasset" 7469
"/Engine/EngineMaterials/Substrate/Glints2/dict_0001_0176" 7470
"/Engine/EngineMaterials/Substrate/Glints2/dict_0001_0175" 7471
"../../../Engine/Content/EngineMaterials/Substrate/Glints2/dict_0001_0188.uasset" 7472
"/Engine/EngineMaterials/Substrate/Glints2/dict_0001_0185" 7473
"/Engine/EngineMaterials/Substrate/Glints2/dict_0001_0184" 7474
"../../../Engine/Content/EngineMaterials/Substrate/Glints2/dict_0001_0180.uasset" 7475
"/Engine/EngineMaterials/Substrate/Glints2/dict_0001_0183" 7476
"/Engine/EngineMaterials/Substrate/Glints2/dict_0001_0182" 7477
"/Engine/EngineMaterials/Substrate/Glints2/dict_0001_0181" 7478
"/Engine/EngineMaterials/Substrate/Glints2/dict_0001_0179" 7479
"../../../Engine/Content/EngineMaterials/Substrate/Glints2/dict_0001_0187.uasset" 7480
"/Engine/EngineMaterials/Substrate/Glints2/dict_0001_0178" 7481
"/Engine/EngineMaterials/Substrate/Glints2/dict_0001_0188" 7482
"/Engine/EngineMaterials/Substrate/Glints2/dict_0001_0187" 7483
"/Engine/EngineMaterials/Substrate/Glints2/dict_0001_0180" 7484
"../../../Engine/Content/EngineMaterials/Substrate/Glints2/dict_0001_0189.uasset" 7485
"../../../Engine/Content/EngineMaterials/Substrate/Glints2/dict_0001_0191.uasset" 7486
"../../../Engine/Content/EngineMaterials/Substrate/Glints2/dict_0001_0192.uasset" 7487
"/Engine/EngineMaterials/Substrate/Glints2/dict_0001_0189" 7488
"../../../Engine/Content/EngineMaterials/Substrate/Glints2/dict_0001_0193.uasset" 7489
"/Engine/EngineMaterials/Substrate/Glints2/dict_0001_0193" 7490
"../../../Engine/Content/EngineMaterials/Substrate/Glints2/dict_0001_0190.uasset" 7491
"/Engine/EngineMaterials/Substrate/Glints2/dict_0001_0192" 7492
"/Engine/EngineMaterials/Substrate/Glints2/dict_0001_0191" 7493
"../../../Engine/Content/EngineMaterials/Substrate/Glints2/dict_0001_0197.uasset" 7494
"/Engine/EngineMaterials/Substrate/Glints2/dict_0001_0190" 7495
"../../../Engine/Content/EngineMaterials/Substrate/Glints2/dict_0001_0194.uasset" 7496
"/Engine/EngineMaterials/Substrate/Glints2/dict_0001_0197" 7497
"../../../Engine/Content/EngineMaterials/Substrate/Glints2/dict_0001_0196.uasset" 7498
"/Engine/EngineMaterials/Substrate/Glints2/dict_0001_0196" 7499
"/Engine/EngineMaterials/Substrate/Glints2/dict_0001_0194" 7500
"../../../Engine/Content/EngineMaterials/Substrate/Glints2/dict_0001_0195.uasset" 7501
"../../../Engine/Content/EngineMaterials/Substrate/Glints2/dict_0001_0198.uasset" 7502
"../../../Engine/Content/EngineMaterials/Substrate/Glints2/dict_0001_0199.uasset" 7503
"../../../Engine/Content/EngineMaterials/Substrate/Glints2/dict_0001_0200.uasset" 7504
"../../../Engine/Content/EngineMaterials/Substrate/Glints2/dict_0001_0201.uasset" 7505
"../../../Engine/Content/EngineMaterials/Substrate/Glints2/dict_0001_0202.uasset" 7506
"../../../Engine/Content/EngineMaterials/Substrate/Glints2/dict_0001_0204.uasset" 7507
"../../../Engine/Content/EngineMaterials/Substrate/Glints2/dict_0001_0203.uasset" 7508
"../../../Engine/Content/EngineMaterials/Substrate/Glints2/dict_0001_0205.uasset" 7509
"../../../Engine/Content/EngineMaterials/Substrate/Glints2/dict_0001_0206.uasset" 7510
"../../../Engine/Content/EngineMaterials/Substrate/Glints2/dict_0001_0208.uasset" 7511
"/Engine/EngineMaterials/Substrate/Glints2/dict_0001_0206" 7512
"../../../Engine/Content/EngineMaterials/Substrate/Glints2/dict_0001_0209.uasset" 7513
"../../../Engine/Content/EngineMaterials/Substrate/Glints2/dict_0001_0207.uasset" 7514
"../../../Engine/Content/EngineMaterials/Substrate/Glints2/dict_0001_0212.uasset" 7515
"../../../Engine/Content/EngineMaterials/Substrate/Glints2/dict_0001_0215.uasset" 7516
"/Engine/EngineMaterials/Substrate/Glints2/dict_0001_0205" 7517
"../../../Engine/Content/EngineMaterials/Substrate/Glints2/dict_0001_0211.uasset" 7518
"../../../Engine/Content/EngineMaterials/Substrate/Glints2/dict_0001_0214.uasset" 7519
"/Engine/EngineMaterials/Substrate/Glints2/dict_0001_0204" 7520
"/Engine/EngineMaterials/Substrate/Glints2/dict_0001_0203" 7521
"/Engine/EngineMaterials/Substrate/Glints2/dict_0001_0202" 7522
"../../../Engine/Content/EngineMaterials/Substrate/Glints2/dict_0001_0210.uasset" 7523
"/Engine/EngineMaterials/Substrate/Glints2/dict_0001_0201" 7524
"/Engine/EngineMaterials/Substrate/Glints2/dict_0001_0200" 7525
"/Engine/EngineMaterials/Substrate/Glints2/dict_0001_0199" 7526
"../../../Engine/Content/EngineMaterials/Substrate/Glints2/dict_0001_0218.uasset" 7527
"../../../Engine/Content/EngineMaterials/Substrate/Glints2/dict_0001_0213.uasset" 7528
"/Engine/EngineMaterials/Substrate/Glints2/dict_0001_0198" 7529
"../../../Engine/Content/EngineMaterials/Substrate/Glints2/dict_0001_0217.uasset" 7530
"/Engine/EngineMaterials/Substrate/Glints2/dict_0001_0208" 7531
"../../../Engine/Content/EngineMaterials/Substrate/Glints2/dict_0001_0216.uasset" 7532
"/Engine/EngineMaterials/Substrate/Glints2/dict_0001_0195" 7533
"../../../Engine/Content/EngineMaterials/Substrate/Glints2/dict_0001_0219.uasset" 7534
"/Engine/EngineMaterials/Substrate/Glints2/dict_0001_0219" 7535
"/Engine/EngineMaterials/Substrate/Glints2/dict_0001_0218" 7536
"/Engine/EngineMaterials/Substrate/Glints2/dict_0001_0216" 7537
"/Engine/EngineMaterials/Substrate/Glints2/dict_0001_0215" 7538
"/Engine/EngineMaterials/Substrate/Glints2/dict_0001_0214" 7539
"../../../Engine/Content/EngineMaterials/Substrate/Glints2/dict_0001_0220.uasset" 7540
"/Engine/EngineMaterials/Substrate/Glints2/dict_0001_0213" 7541
"/Engine/EngineMaterials/Substrate/Glints2/dict_0001_0212" 7542
"/Engine/EngineMaterials/Substrate/Glints2/dict_0001_0211" 7543
"/Engine/EngineMaterials/Substrate/Glints2/dict_0001_0210" 7544
"/Engine/EngineMaterials/Substrate/Glints2/dict_0001_0209" 7545
"/Engine/EngineMaterials/Substrate/Glints2/dict_0001_0217" 7546
"../../../Engine/Content/EngineMaterials/Substrate/Glints2/dict_0001_0224.uasset" 7547
"../../../Engine/Content/EngineMaterials/Substrate/Glints2/dict_0001_0225.uasset" 7548
"/Engine/EngineMaterials/Substrate/Glints2/dict_0001_0207" 7549
"/Engine/EngineMaterials/Substrate/Glints2/dict_0001_0220" 7550
"/Engine/EngineMaterials/Substrate/Glints2/dict_0001_0224" 7551
"/Engine/EngineMaterials/Substrate/Glints2/dict_0001_0225" 7552
"../../../Engine/Content/EngineMaterials/Substrate/Glints2/dict_0001_0222.uasset" 7553
"../../../Engine/Content/EngineMaterials/Substrate/Glints2/dict_0001_0228.uasset" 7554
"../../../Engine/Content/EngineMaterials/Substrate/Glints2/dict_0001_0230.uasset" 7555
"../../../Engine/Content/EngineMaterials/Substrate/Glints2/dict_0001_0229.uasset" 7556
"../../../Engine/Content/EngineMaterials/Substrate/Glints2/dict_0001_0221.uasset" 7557
"../../../Engine/Content/EngineMaterials/Substrate/Glints2/dict_0001_0227.uasset" 7558
"../../../Engine/Content/EngineMaterials/Substrate/Glints2/dict_0001_0226.uasset" 7559
"../../../Engine/Content/EngineMaterials/Substrate/Glints2/dict_0001_0223.uasset" 7560
"../../../Engine/Content/EngineMaterials/Substrate/Glints2/dict_0001_0232.uasset" 7561
"../../../Engine/Content/EngineMaterials/Substrate/Glints2/dict_0001_0234.uasset" 7562
"../../../Engine/Content/EngineMaterials/Substrate/Glints2/dict_0001_0231.uasset" 7563
"../../../Engine/Content/EngineMaterials/Substrate/Glints2/dict_0001_0236.uasset" 7564
"../../../Engine/Content/EngineMaterials/Substrate/Glints2/dict_0001_0235.uasset" 7565
"../../../Engine/Content/EngineMaterials/Substrate/Glints2/dict_0001_0238.uasset" 7566
"../../../Engine/Content/EngineMaterials/Substrate/Glints2/dict_0001_0233.uasset" 7567
"../../../Engine/Content/EngineMaterials/Substrate/Glints2/dict_0001_0237.uasset" 7568
"../../../Engine/Content/EngineMaterials/Substrate/Glints2/dict_0001_0245.uasset" 7569
"/Engine/EngineMaterials/Substrate/Glints2/dict_0001_0221" 7570
"../../../Engine/Content/EngineMaterials/Substrate/Glints2/dict_0001_0240.uasset" 7571
"/Engine/EngineMaterials/Substrate/Glints2/dict_0001_0238" 7572
"/Engine/EngineMaterials/Substrate/Glints2/dict_0001_0237" 7573
"/Engine/EngineMaterials/Substrate/Glints2/dict_0001_0236" 7574
"/Engine/EngineMaterials/Substrate/Glints2/dict_0001_0235" 7575
"/Engine/EngineMaterials/Substrate/Glints2/dict_0001_0234" 7576
"../../../Engine/Content/EngineMaterials/Substrate/Glints2/dict_0001_0239.uasset" 7577
"/Engine/EngineMaterials/Substrate/Glints2/dict_0001_0233" 7578
"/Engine/EngineMaterials/Substrate/Glints2/dict_0001_0223" 7579
"../../../Engine/Content/EngineMaterials/Substrate/Glints2/dict_0001_0248.uasset" 7580
"/Engine/EngineMaterials/Substrate/Glints2/dict_0001_0222" 7581
"../../../Engine/Content/EngineMaterials/Substrate/Glints2/dict_0001_0246.uasset" 7582
"/Engine/EngineMaterials/Substrate/Glints2/dict_0001_0232" 7583
"/Engine/EngineMaterials/Substrate/Glints2/dict_0001_0231" 7584
"../../../Engine/Content/EngineMaterials/Substrate/Glints2/dict_0001_0243.uasset" 7585
"/Engine/EngineMaterials/Substrate/Glints2/dict_0001_0226" 7586
"../../../Engine/Content/EngineMaterials/Substrate/Glints2/dict_0001_0241.uasset" 7587
"../../../Engine/Content/EngineMaterials/Substrate/Glints2/dict_0001_0244.uasset" 7588
"/Engine/EngineMaterials/Substrate/Glints2/dict_0001_0228" 7589
"../../../Engine/Content/EngineMaterials/Substrate/Glints2/dict_0001_0242.uasset" 7590
"/Engine/EngineMaterials/Substrate/Glints2/dict_0001_0230" 7591
"/Engine/EngineMaterials/Substrate/Glints2/dict_0001_0229" 7592
"/Engine/EngineMaterials/Substrate/Glints2/dict_0001_0227" 7593
"/Engine/EngineMaterials/Substrate/Glints2/dict_0001_0239" 7594
"/Engine/EngineMaterials/Substrate/Glints2/dict_0001_0248" 7595
"../../../Engine/Content/EngineMaterials/Substrate/Glints2/dict_0001_0249.uasset" 7596
"/Engine/EngineMaterials/Substrate/Glints2/dict_0001_0246" 7597
"../../../Engine/Content/EngineMaterials/Substrate/Glints2/dict_0001_0250.uasset" 7598
"../../../Engine/Content/EngineMaterials/Substrate/Glints2/dict_0001_0253.uasset" 7599
"../../../Engine/Content/EngineMaterials/Substrate/Glints2/dict_0001_0251.uasset" 7600
"/Engine/EngineMaterials/Substrate/Glints2/dict_0001_0245" 7601
"/Engine/EngineMaterials/Substrate/Glints2/dict_0001_0244" 7602
"../../../Engine/Content/EngineMaterials/Substrate/Glints2/dict_0001_0252.uasset" 7603
"../../../Engine/Content/EngineMaterials/Substrate/Glints2/dict_0001_0254.uasset" 7604
"/Engine/EngineMaterials/Substrate/Glints2/dict_0001_0243" 7605
"../../../Engine/Content/EngineMaterials/Substrate/Glints2/dict_0001_0247.uasset" 7606
"/Engine/EngineMaterials/Substrate/Glints2/dict_0001_0242" 7607
"/Engine/EngineMaterials/Substrate/Glints2/dict_0001_0241" 7608
"/Engine/EngineMaterials/Substrate/Glints2/dict_0001_0240" 7609
"/Engine/EngineMaterials/Substrate/Glints2/dict_0001_0254" 7610
"/Engine/EngineMaterials/Substrate/Glints2/dict_0001_0253" 7611
"/Engine/EngineMaterials/Substrate/Glints2/dict_0001_0251" 7612
"/Engine/EngineMaterials/Substrate/Glints2/dict_0001_0250" 7613
"/Engine/EngineMaterials/Substrate/Glints2/dict_0001_0249" 7614
"/Engine/EngineMaterials/Substrate/Glints2/dict_0001_0247" 7615
"/Engine/EngineMaterials/Substrate/Glints2/dict_0001_0252" 7616
"../../../Engine/Content/EngineMaterials/Substrate/Glints2/dict_0002_0001.uasset" 7617
"../../../Engine/Content/EngineMaterials/Substrate/Glints2/dict_0001_0255.uasset" 7618
"../../../Engine/Content/EngineMaterials/Substrate/Glints2/dict_0002_0006.uasset" 7619
"../../../Engine/Content/EngineMaterials/Substrate/Glints2/dict_0002_0000.uasset" 7620
"../../../Engine/Content/EngineMaterials/Substrate/Glints2/dict_0002_0004.uasset" 7621
"../../../Engine/Content/EngineMaterials/Substrate/Glints2/dict_0002_0005.uasset" 7622
"../../../Engine/Content/EngineMaterials/Substrate/Glints2/dict_0002_0002.uasset" 7623
"../../../Engine/Content/EngineMaterials/Substrate/Glints2/dict_0002_0003.uasset" 7624
"../../../Engine/Content/EngineMaterials/Substrate/Glints2/dict_0002_0008.uasset" 7625
"../../../Engine/Content/EngineMaterials/Substrate/Glints2/dict_0002_0007.uasset" 7626
"../../../Engine/Content/EngineMaterials/Substrate/Glints2/dict_0002_0009.uasset" 7627
"../../../Engine/Content/EngineMaterials/Substrate/Glints2/dict_0002_0012.uasset" 7628
"../../../Engine/Content/EngineMaterials/Substrate/Glints2/dict_0002_0011.uasset" 7629
"/Engine/EngineMaterials/Substrate/Glints2/dict_0002_0012" 7630
"../../../Engine/Content/EngineMaterials/Substrate/Glints2/dict_0002_0015.uasset" 7631
"../../../Engine/Content/EngineMaterials/Substrate/Glints2/dict_0002_0018.uasset" 7632
"../../../Engine/Content/EngineMaterials/Substrate/Glints2/dict_0002_0020.uasset" 7633
"../../../Engine/Content/EngineMaterials/Substrate/Glints2/dict_0002_0016.uasset" 7634
"../../../Engine/Content/EngineMaterials/Substrate/Glints2/dict_0002_0010.uasset" 7635
"/Engine/EngineMaterials/Substrate/Glints2/dict_0002_0011" 7636
"../../../Engine/Content/EngineMaterials/Substrate/Glints2/dict_0002_0014.uasset" 7637
"../../../Engine/Content/EngineMaterials/Substrate/Glints2/dict_0002_0017.uasset" 7638
"../../../Engine/Content/EngineMaterials/Substrate/Glints2/dict_0002_0013.uasset" 7639
"/Engine/EngineMaterials/Substrate/Glints2/dict_0002_0009" 7640
"/Engine/EngineMaterials/Substrate/Glints2/dict_0002_0008" 7641
"/Engine/EngineMaterials/Substrate/Glints2/dict_0002_0007" 7642
"/Engine/EngineMaterials/Substrate/Glints2/dict_0002_0006" 7643
"/Engine/EngineMaterials/Substrate/Glints2/dict_0002_0005" 7644
"../../../Engine/Content/EngineMaterials/Substrate/Glints2/dict_0002_0021.uasset" 7645
"../../../Engine/Content/EngineMaterials/Substrate/Glints2/dict_0002_0022.uasset" 7646
"/Engine/EngineMaterials/Substrate/Glints2/dict_0002_0004" 7647
"/Engine/EngineMaterials/Substrate/Glints2/dict_0002_0003" 7648
"/Engine/EngineMaterials/Substrate/Glints2/dict_0002_0002" 7649
"/Engine/EngineMaterials/Substrate/Glints2/dict_0002_0001" 7650
"../../../Engine/Content/EngineMaterials/Substrate/Glints2/dict_0002_0019.uasset" 7651
"/Engine/EngineMaterials/Substrate/Glints2/dict_0002_0000" 7652
"/Engine/EngineMaterials/Substrate/Glints2/dict_0001_0255" 7653
"/Engine/EngineMaterials/Substrate/Glints2/dict_0002_0014" 7654
"/Engine/EngineMaterials/Substrate/Glints2/dict_0002_0022" 7655
"/Engine/EngineMaterials/Substrate/Glints2/dict_0002_0021" 7656
"/Engine/EngineMaterials/Substrate/Glints2/dict_0002_0013" 7657
"/Engine/EngineMaterials/Substrate/Glints2/dict_0002_0010" 7658
"../../../Engine/Content/EngineMaterials/Substrate/Glints2/dict_0002_0023.uasset" 7659
"/Engine/EngineMaterials/Substrate/Glints2/dict_0002_0020" 7660
"/Engine/EngineMaterials/Substrate/Glints2/dict_0002_0019" 7661
"/Engine/EngineMaterials/Substrate/Glints2/dict_0002_0018" 7662
"/Engine/EngineMaterials/Substrate/Glints2/dict_0002_0017" 7663
"/Engine/EngineMaterials/Substrate/Glints2/dict_0002_0016" 7664
"/Engine/EngineMaterials/Substrate/Glints2/dict_0002_0015" 7665
"../../../Engine/Content/EngineMaterials/Substrate/Glints2/dict_0002_0024.uasset" 7666
"../../../Engine/Content/EngineMaterials/Substrate/Glints2/dict_0002_0028.uasset" 7667
"../../../Engine/Content/EngineMaterials/Substrate/Glints2/dict_0002_0025.uasset" 7668
"/Engine/EngineMaterials/Substrate/Glints2/dict_0002_0023" 7669
"../../../Engine/Content/EngineMaterials/Substrate/Glints2/dict_0002_0026.uasset" 7670
"/Engine/EngineMaterials/Substrate/Glints2/dict_0002_0028" 7671
"../../../Engine/Content/EngineMaterials/Substrate/Glints2/dict_0002_0027.uasset" 7672
"/Engine/EngineMaterials/Substrate/Glints2/dict_0002_0024" 7673
"/Engine/EngineMaterials/Substrate/Glints2/dict_0002_0027" 7674
"/Engine/EngineMaterials/Substrate/Glints2/dict_0002_0026" 7675
"/Engine/EngineMaterials/Substrate/Glints2/dict_0002_0025" 7676
"../../../Engine/Content/EngineMaterials/Substrate/Glints2/dict_0002_0029.uasset" 7677
"../../../Engine/Content/EngineMaterials/Substrate/Glints2/dict_0002_0030.uasset" 7678
"../../../Engine/Content/EngineMaterials/Substrate/Glints2/dict_0002_0037.uasset" 7679
"../../../Engine/Content/EngineMaterials/Substrate/Glints2/dict_0002_0034.uasset" 7680
"../../../Engine/Content/EngineMaterials/Substrate/Glints2/dict_0002_0033.uasset" 7681
"../../../Engine/Content/EngineMaterials/Substrate/Glints2/dict_0002_0031.uasset" 7682
"../../../Engine/Content/EngineMaterials/Substrate/Glints2/dict_0002_0035.uasset" 7683
"../../../Engine/Content/EngineMaterials/Substrate/Glints2/dict_0002_0036.uasset" 7684
"../../../Engine/Content/EngineMaterials/Substrate/Glints2/dict_0002_0032.uasset" 7685
"../../../Engine/Content/EngineMaterials/Substrate/Glints2/dict_0002_0042.uasset" 7686
"../../../Engine/Content/EngineMaterials/Substrate/Glints2/dict_0002_0041.uasset" 7687
"../../../Engine/Content/EngineMaterials/Substrate/Glints2/dict_0002_0039.uasset" 7688
"../../../Engine/Content/EngineMaterials/Substrate/Glints2/dict_0002_0038.uasset" 7689
"../../../Engine/Content/EngineMaterials/Substrate/Glints2/dict_0002_0040.uasset" 7690
"../../../Engine/Content/EngineMaterials/Substrate/Glints2/dict_0002_0047.uasset" 7691
"../../../Engine/Content/EngineMaterials/Substrate/Glints2/dict_0002_0046.uasset" 7692
"../../../Engine/Content/EngineMaterials/Substrate/Glints2/dict_0002_0048.uasset" 7693
"../../../Engine/Content/EngineMaterials/Substrate/Glints2/dict_0002_0049.uasset" 7694
"../../../Engine/Content/EngineMaterials/Substrate/Glints2/dict_0002_0050.uasset" 7695
"/Engine/EngineMaterials/Substrate/Glints2/dict_0002_0030" 7696
"/Engine/EngineMaterials/Substrate/Glints2/dict_0002_0029" 7697
"../../../Engine/Content/EngineMaterials/Substrate/Glints2/dict_0002_0045.uasset" 7698
"/Engine/EngineMaterials/Substrate/Glints2/dict_0002_0042" 7699
"../../../Engine/Content/EngineMaterials/Substrate/Glints2/dict_0002_0044.uasset" 7700
"/Engine/EngineMaterials/Substrate/Glints2/dict_0002_0041" 7701
"/Engine/EngineMaterials/Substrate/Glints2/dict_0002_0040" 7702
"/Engine/EngineMaterials/Substrate/Glints2/dict_0002_0039" 7703
"/Engine/EngineMaterials/Substrate/Glints2/dict_0002_0038" 7704
"../../../Engine/Content/EngineMaterials/Substrate/Glints2/dict_0002_0043.uasset" 7705
"/Engine/EngineMaterials/Substrate/Glints2/dict_0002_0037" 7706
"/Engine/EngineMaterials/Substrate/Glints2/dict_0002_0036" 7707
"/Engine/EngineMaterials/Substrate/Glints2/dict_0002_0035" 7708
"/Engine/EngineMaterials/Substrate/Glints2/dict_0002_0046" 7709
"/Engine/EngineMaterials/Substrate/Glints2/dict_0002_0034" 7710
"/Engine/EngineMaterials/Substrate/Glints2/dict_0002_0033" 7711
"/Engine/EngineMaterials/Substrate/Glints2/dict_0002_0032" 7712
"/Engine/EngineMaterials/Substrate/Glints2/dict_0002_0031" 7713
"/Engine/EngineMaterials/Substrate/Glints2/dict_0002_0043" 7714
"/Engine/EngineMaterials/Substrate/Glints2/dict_0002_0050" 7715
"../../../Engine/Content/EngineMaterials/Substrate/Glints2/dict_0002_0052.uasset" 7716
"../../../Engine/Content/EngineMaterials/Substrate/Glints2/dict_0002_0053.uasset" 7717
"../../../Engine/Content/EngineMaterials/Substrate/Glints2/dict_0002_0054.uasset" 7718
"/Engine/EngineMaterials/Substrate/Glints2/dict_0002_0049" 7719
"../../../Engine/Content/EngineMaterials/Substrate/Glints2/dict_0002_0057.uasset" 7720
"/Engine/EngineMaterials/Substrate/Glints2/dict_0002_0048" 7721
"../../../Engine/Content/EngineMaterials/Substrate/Glints2/dict_0002_0051.uasset" 7722
"/Engine/EngineMaterials/Substrate/Glints2/dict_0002_0047" 7723
"/Engine/EngineMaterials/Substrate/Glints2/dict_0002_0045" 7724
"/Engine/EngineMaterials/Substrate/Glints2/dict_0002_0044" 7725
"/Engine/EngineMaterials/Substrate/Glints2/dict_0002_0054" 7726
"../../../Engine/Content/EngineMaterials/Substrate/Glints2/dict_0002_0056.uasset" 7727
"/Engine/EngineMaterials/Substrate/Glints2/dict_0002_0057" 7728
"/Engine/EngineMaterials/Substrate/Glints2/dict_0002_0053" 7729
"/Engine/EngineMaterials/Substrate/Glints2/dict_0002_0052" 7730
"/Engine/EngineMaterials/Substrate/Glints2/dict_0002_0051" 7731
"/Engine/EngineMaterials/Substrate/Glints2/dict_0002_0056" 7732
"../../../Engine/Content/EngineMaterials/Substrate/Glints2/dict_0002_0059.uasset" 7733
"../../../Engine/Content/EngineMaterials/Substrate/Glints2/dict_0002_0055.uasset" 7734
"../../../Engine/Content/EngineMaterials/Substrate/Glints2/dict_0002_0058.uasset" 7735
"../../../Engine/Content/EngineMaterials/Substrate/Glints2/dict_0002_0062.uasset" 7736
"../../../Engine/Content/EngineMaterials/Substrate/Glints2/dict_0002_0067.uasset" 7737
"../../../Engine/Content/EngineMaterials/Substrate/Glints2/dict_0002_0068.uasset" 7738
"../../../Engine/Content/EngineMaterials/Substrate/Glints2/dict_0002_0064.uasset" 7739
"../../../Engine/Content/EngineMaterials/Substrate/Glints2/dict_0002_0060.uasset" 7740
"../../../Engine/Content/EngineMaterials/Substrate/Glints2/dict_0002_0066.uasset" 7741
"../../../Engine/Content/EngineMaterials/Substrate/Glints2/dict_0002_0063.uasset" 7742
"../../../Engine/Content/EngineMaterials/Substrate/Glints2/dict_0002_0065.uasset" 7743
"../../../Engine/Content/EngineMaterials/Substrate/Glints2/dict_0002_0061.uasset" 7744
"/Engine/EngineMaterials/Substrate/Glints2/dict_0002_0060" 7745
"../../../Engine/Content/EngineMaterials/Substrate/Glints2/dict_0002_0071.uasset" 7746
"../../../Engine/Content/EngineMaterials/Substrate/Glints2/dict_0002_0069.uasset" 7747
"/Engine/EngineMaterials/Substrate/Glints2/dict_0002_0059" 7748
"../../../Engine/Content/EngineMaterials/Substrate/Glints2/dict_0002_0070.uasset" 7749
"../../../Engine/Content/EngineMaterials/Substrate/Glints2/dict_0002_0072.uasset" 7750
"../../../Engine/Content/EngineMaterials/Substrate/Glints2/dict_0002_0073.uasset" 7751
"/Engine/EngineMaterials/Substrate/Glints2/dict_0002_0058" 7752
"../../../Engine/Content/EngineMaterials/Substrate/Glints2/dict_0002_0075.uasset" 7753
"../../../Engine/Content/EngineMaterials/Substrate/Glints2/dict_0002_0074.uasset" 7754
"/Engine/EngineMaterials/Substrate/Glints2/dict_0002_0068" 7755
"../../../Engine/Content/EngineMaterials/Substrate/Glints2/dict_0002_0076.uasset" 7756
"/Engine/EngineMaterials/Substrate/Glints2/dict_0002_0067" 7757
"/Engine/EngineMaterials/Substrate/Glints2/dict_0002_0066" 7758
"../../../Engine/Content/EngineMaterials/Substrate/Glints2/dict_0002_0077.uasset" 7759
"/Engine/EngineMaterials/Substrate/Glints2/dict_0002_0055" 7760
"/Engine/EngineMaterials/Substrate/Glints2/dict_0002_0065" 7761
"/Engine/EngineMaterials/Substrate/Glints2/dict_0002_0064" 7762
"/Engine/EngineMaterials/Substrate/Glints2/dict_0002_0063" 7763
"/Engine/EngineMaterials/Substrate/Glints2/dict_0002_0062" 7764
"../../../Engine/Content/EngineMaterials/Substrate/Glints2/dict_0002_0080.uasset" 7765
"/Engine/EngineMaterials/Substrate/Glints2/dict_0002_0061" 7766
"../../../Engine/Content/EngineMaterials/Substrate/Glints2/dict_0002_0081.uasset" 7767
"../../../Engine/Content/EngineMaterials/Substrate/Glints2/dict_0002_0078.uasset" 7768
"/Engine/EngineMaterials/Substrate/Glints2/dict_0002_0075" 7769
"/Engine/EngineMaterials/Substrate/Glints2/dict_0002_0074" 7770
"/Engine/EngineMaterials/Substrate/Glints2/dict_0002_0073" 7771
"../../../Engine/Content/EngineMaterials/Substrate/Glints2/dict_0002_0079.uasset" 7772
"/Engine/EngineMaterials/Substrate/Glints2/dict_0002_0081" 7773
"/Engine/EngineMaterials/Substrate/Glints2/dict_0002_0072" 7774
"/Engine/EngineMaterials/Substrate/Glints2/dict_0002_0071" 7775
"/Engine/EngineMaterials/Substrate/Glints2/dict_0002_0070" 7776
"/Engine/EngineMaterials/Substrate/Glints2/dict_0002_0069" 7777
"/Engine/EngineMaterials/Substrate/Glints2/dict_0002_0080" 7778
"/Engine/EngineMaterials/Substrate/Glints2/dict_0002_0077" 7779
"/Engine/EngineMaterials/Substrate/Glints2/dict_0002_0076" 7780
"../../../Engine/Content/EngineMaterials/Substrate/Glints2/dict_0002_0083.uasset" 7781
"../../../Engine/Content/EngineMaterials/Substrate/Glints2/dict_0002_0085.uasset" 7782
"/Engine/EngineMaterials/Substrate/Glints2/dict_0002_0079" 7783
"../../../Engine/Content/EngineMaterials/Substrate/Glints2/dict_0002_0082.uasset" 7784
"../../../Engine/Content/EngineMaterials/Substrate/Glints2/dict_0002_0084.uasset" 7785
"../../../Engine/Content/EngineMaterials/Substrate/Glints2/dict_0002_0088.uasset" 7786
"../../../Engine/Content/EngineMaterials/Substrate/Glints2/dict_0002_0087.uasset" 7787
"../../../Engine/Content/EngineMaterials/Substrate/Glints2/dict_0002_0086.uasset" 7788
"/Engine/EngineMaterials/Substrate/Glints2/dict_0002_0078" 7789
"/Engine/EngineMaterials/Substrate/Glints2/dict_0002_0087" 7790
"/Engine/EngineMaterials/Substrate/Glints2/dict_0002_0086" 7791
"/Engine/EngineMaterials/Substrate/Glints2/dict_0002_0088" 7792
"/Engine/EngineMaterials/Substrate/Glints2/dict_0002_0085" 7793
"/Engine/EngineMaterials/Substrate/Glints2/dict_0002_0084" 7794
"../../../Engine/Content/EngineMaterials/Substrate/Glints2/dict_0002_0092.uasset" 7795
"../../../Engine/Content/EngineMaterials/Substrate/Glints2/dict_0002_0089.uasset" 7796
"../../../Engine/Content/EngineMaterials/Substrate/Glints2/dict_0002_0091.uasset" 7797
"/Engine/EngineMaterials/Substrate/Glints2/dict_0002_0083" 7798
"/Engine/EngineMaterials/Substrate/Glints2/dict_0002_0082" 7799
"/Engine/EngineMaterials/Substrate/Glints2/dict_0002_0092" 7800
"/Engine/EngineMaterials/Substrate/Glints2/dict_0002_0091" 7801
"../../../Engine/Content/EngineMaterials/Substrate/Glints2/dict_0002_0093.uasset" 7802
"/Engine/EngineMaterials/Substrate/Glints2/dict_0002_0089" 7803
"/Engine/EngineMaterials/Substrate/Glints2/dict_0002_0093" 7804
"../../../Engine/Content/EngineMaterials/Substrate/Glints2/dict_0002_0101.uasset" 7805
"../../../Engine/Content/EngineMaterials/Substrate/Glints2/dict_0002_0095.uasset" 7806
"../../../Engine/Content/EngineMaterials/Substrate/Glints2/dict_0002_0094.uasset" 7807
"../../../Engine/Content/EngineMaterials/Substrate/Glints2/dict_0002_0097.uasset" 7808
"../../../Engine/Content/EngineMaterials/Substrate/Glints2/dict_0002_0090.uasset" 7809
"../../../Engine/Content/EngineMaterials/Substrate/Glints2/dict_0002_0099.uasset" 7810
"../../../Engine/Content/EngineMaterials/Substrate/Glints2/dict_0002_0098.uasset" 7811
"../../../Engine/Content/EngineMaterials/Substrate/Glints2/dict_0002_0100.uasset" 7812
"../../../Engine/Content/EngineMaterials/Substrate/Glints2/dict_0002_0102.uasset" 7813
"../../../Engine/Content/EngineMaterials/Substrate/Glints2/dict_0002_0105.uasset" 7814
"../../../Engine/Content/EngineMaterials/Substrate/Glints2/dict_0002_0104.uasset" 7815
"../../../Engine/Content/EngineMaterials/Substrate/Glints2/dict_0002_0106.uasset" 7816
"../../../Engine/Content/EngineMaterials/Substrate/Glints2/dict_0002_0107.uasset" 7817
"../../../Engine/Content/EngineMaterials/Substrate/Glints2/dict_0002_0096.uasset" 7818
"/Engine/EngineMaterials/Substrate/Glints2/dict_0002_0100" 7819
"../../../Engine/Content/EngineMaterials/Substrate/Glints2/dict_0002_0110.uasset" 7820
"../../../Engine/Content/EngineMaterials/Substrate/Glints2/dict_0002_0108.uasset" 7821
"../../../Engine/Content/EngineMaterials/Substrate/Glints2/dict_0002_0103.uasset" 7822
"/Engine/EngineMaterials/Substrate/Glints2/dict_0002_0099" 7823
"/Engine/EngineMaterials/Substrate/Glints2/dict_0002_0098" 7824
"/Engine/EngineMaterials/Substrate/Glints2/dict_0002_0105" 7825
"/Engine/EngineMaterials/Substrate/Glints2/dict_0002_0097" 7826
"../../../Engine/Content/EngineMaterials/Substrate/Glints2/dict_0002_0111.uasset" 7827
"/Engine/EngineMaterials/Substrate/Glints2/dict_0002_0095" 7828
"../../../Engine/Content/EngineMaterials/Substrate/Glints2/dict_0002_0114.uasset" 7829
"../../../Engine/Content/EngineMaterials/Substrate/Glints2/dict_0002_0113.uasset" 7830
"/Engine/EngineMaterials/Substrate/Glints2/dict_0002_0094" 7831
"../../../Engine/Content/EngineMaterials/Substrate/Glints2/dict_0002_0116.uasset" 7832
"/Engine/EngineMaterials/Substrate/Glints2/dict_0002_0090" 7833
"/Engine/EngineMaterials/Substrate/Glints2/dict_0002_0102" 7834
"../../../Engine/Content/EngineMaterials/Substrate/Glints2/dict_0002_0109.uasset" 7835
"../../../Engine/Content/EngineMaterials/Substrate/Glints2/dict_0002_0112.uasset" 7836
"../../../Engine/Content/EngineMaterials/Substrate/Glints2/dict_0002_0115.uasset" 7837
"/Engine/EngineMaterials/Substrate/Glints2/dict_0002_0101" 7838
"/Engine/EngineMaterials/Substrate/Glints2/dict_0002_0111" 7839
"/Engine/EngineMaterials/Substrate/Glints2/dict_0002_0110" 7840
"/Engine/EngineMaterials/Substrate/Glints2/dict_0002_0116" 7841
"/Engine/EngineMaterials/Substrate/Glints2/dict_0002_0115" 7842
"/Engine/EngineMaterials/Substrate/Glints2/dict_0002_0114" 7843
"/Engine/EngineMaterials/Substrate/Glints2/dict_0002_0109" 7844
"/Engine/EngineMaterials/Substrate/Glints2/dict_0002_0108" 7845
"../../../Engine/Content/EngineMaterials/Substrate/Glints2/dict_0002_0118.uasset" 7846
"../../../Engine/Content/EngineMaterials/Substrate/Glints2/dict_0002_0119.uasset" 7847
"/Engine/EngineMaterials/Substrate/Glints2/dict_0002_0107" 7848
"../../../Engine/Content/EngineMaterials/Substrate/Glints2/dict_0002_0122.uasset" 7849
"../../../Engine/Content/EngineMaterials/Substrate/Glints2/dict_0002_0117.uasset" 7850
"../../../Engine/Content/EngineMaterials/Substrate/Glints2/dict_0002_0120.uasset" 7851
"/Engine/EngineMaterials/Substrate/Glints2/dict_0002_0106" 7852
"../../../Engine/Content/EngineMaterials/Substrate/Glints2/dict_0002_0121.uasset" 7853
"../../../Engine/Content/EngineMaterials/Substrate/Glints2/dict_0002_0123.uasset" 7854
"/Engine/EngineMaterials/Substrate/Glints2/dict_0002_0104" 7855
"../../../Engine/Content/EngineMaterials/Substrate/Glints2/dict_0002_0124.uasset" 7856
"/Engine/EngineMaterials/Substrate/Glints2/dict_0002_0103" 7857
"/Engine/EngineMaterials/Substrate/Glints2/dict_0002_0113" 7858
"/Engine/EngineMaterials/Substrate/Glints2/dict_0002_0096" 7859
"/Engine/EngineMaterials/Substrate/Glints2/dict_0002_0112" 7860
"/Engine/EngineMaterials/Substrate/Glints2/dict_0002_0120" 7861
"/Engine/EngineMaterials/Substrate/Glints2/dict_0002_0119" 7862
"../../../Engine/Content/EngineMaterials/Substrate/Glints2/dict_0002_0126.uasset" 7863
"/Engine/EngineMaterials/Substrate/Glints2/dict_0002_0118" 7864
"/Engine/EngineMaterials/Substrate/Glints2/dict_0002_0117" 7865
"../../../Engine/Content/EngineMaterials/Substrate/Glints2/dict_0002_0130.uasset" 7866
"../../../Engine/Content/EngineMaterials/Substrate/Glints2/dict_0002_0132.uasset" 7867
"/Engine/EngineMaterials/Substrate/Glints2/dict_0002_0124" 7868
"../../../Engine/Content/EngineMaterials/Substrate/Glints2/dict_0002_0125.uasset" 7869
"../../../Engine/Content/EngineMaterials/Substrate/Glints2/dict_0002_0128.uasset" 7870
"/Engine/EngineMaterials/Substrate/Glints2/dict_0002_0123" 7871
"/Engine/EngineMaterials/Substrate/Glints2/dict_0002_0122" 7872
"../../../Engine/Content/EngineMaterials/Substrate/Glints2/dict_0002_0134.uasset" 7873
"/Engine/EngineMaterials/Substrate/Glints2/dict_0002_0121" 7874
"../../../Engine/Content/EngineMaterials/Substrate/Glints2/dict_0002_0133.uasset" 7875
"/Engine/EngineMaterials/Substrate/Glints2/dict_0002_0134" 7876
"/Engine/EngineMaterials/Substrate/Glints2/dict_0002_0132" 7877
"/Engine/EngineMaterials/Substrate/Glints2/dict_0002_0130" 7878
"../../../Engine/Content/EngineMaterials/Substrate/Glints2/dict_0002_0129.uasset" 7879
"../../../Engine/Content/EngineMaterials/Substrate/Glints2/dict_0002_0127.uasset" 7880
"../../../Engine/Content/EngineMaterials/Substrate/Glints2/dict_0002_0131.uasset" 7881
"/Engine/EngineMaterials/Substrate/Glints2/dict_0002_0128" 7882
"/Engine/EngineMaterials/Substrate/Glints2/dict_0002_0126" 7883
"/Engine/EngineMaterials/Substrate/Glints2/dict_0002_0125" 7884
"/Engine/EngineMaterials/Substrate/Glints2/dict_0002_0133" 7885
"/Engine/EngineMaterials/Substrate/Glints2/dict_0002_0131" 7886
"/Engine/EngineMaterials/Substrate/Glints2/dict_0002_0129" 7887
"../../../Engine/Content/EngineMaterials/Substrate/Glints2/dict_0002_0137.uasset" 7888
"../../../Engine/Content/EngineMaterials/Substrate/Glints2/dict_0002_0140.uasset" 7889
"../../../Engine/Content/EngineMaterials/Substrate/Glints2/dict_0002_0135.uasset" 7890
"/Engine/EngineMaterials/Substrate/Glints2/dict_0002_0127" 7891
"/Engine/EngineMaterials/Substrate/Glints2/dict_0002_0140" 7892
"/Engine/EngineMaterials/Substrate/Glints2/dict_0002_0137" 7893
"/Engine/EngineMaterials/Substrate/Glints2/dict_0002_0135" 7894
"../../../Engine/Content/EngineMaterials/Substrate/Glints2/dict_0002_0141.uasset" 7895
"../../../Engine/Content/EngineMaterials/Substrate/Glints2/dict_0002_0142.uasset" 7896
"/Engine/EngineMaterials/Substrate/Glints2/dict_0002_0142" 7897
"../../../Engine/Content/EngineMaterials/Substrate/Glints2/dict_0002_0139.uasset" 7898
"/Engine/EngineMaterials/Substrate/Glints2/dict_0002_0141" 7899
"/Engine/EngineMaterials/Substrate/Glints2/dict_0002_0139" 7900
"../../../Engine/Content/EngineMaterials/Substrate/Glints2/dict_0002_0136.uasset" 7901
"../../../Engine/Content/EngineMaterials/Substrate/Glints2/dict_0002_0138.uasset" 7902
"../../../Engine/Content/EngineMaterials/Substrate/Glints2/dict_0002_0143.uasset" 7903
"../../../Engine/Content/EngineMaterials/Substrate/Glints2/dict_0002_0146.uasset" 7904
"../../../Engine/Content/EngineMaterials/Substrate/Glints2/dict_0002_0147.uasset" 7905
"../../../Engine/Content/EngineMaterials/Substrate/Glints2/dict_0002_0144.uasset" 7906
"../../../Engine/Content/EngineMaterials/Substrate/Glints2/dict_0002_0145.uasset" 7907
"../../../Engine/Content/EngineMaterials/Substrate/Glints2/dict_0002_0150.uasset" 7908
"../../../Engine/Content/EngineMaterials/Substrate/Glints2/dict_0002_0149.uasset" 7909
"../../../Engine/Content/EngineMaterials/Substrate/Glints2/dict_0002_0151.uasset" 7910
"../../../Engine/Content/EngineMaterials/Substrate/Glints2/dict_0002_0148.uasset" 7911
"../../../Engine/Content/EngineMaterials/Substrate/Glints2/dict_0002_0153.uasset" 7912
"../../../Engine/Content/EngineMaterials/Substrate/Glints2/dict_0002_0152.uasset" 7913
"../../../Engine/Content/EngineMaterials/Substrate/Glints2/dict_0002_0154.uasset" 7914
"../../../Engine/Content/EngineMaterials/Substrate/Glints2/dict_0002_0155.uasset" 7915
"../../../Engine/Content/EngineMaterials/Substrate/Glints2/dict_0002_0159.uasset" 7916
"../../../Engine/Content/EngineMaterials/Substrate/Glints2/dict_0002_0158.uasset" 7917
"../../../Engine/Content/EngineMaterials/Substrate/Glints2/dict_0002_0160.uasset" 7918
"../../../Engine/Content/EngineMaterials/Substrate/Glints2/dict_0002_0161.uasset" 7919
"../../../Engine/Content/EngineMaterials/Substrate/Glints2/dict_0002_0157.uasset" 7920
"../../../Engine/Content/EngineMaterials/Substrate/Glints2/dict_0002_0156.uasset" 7921
"/Engine/EngineMaterials/Substrate/Glints2/dict_0002_0148" 7922
"/Engine/EngineMaterials/Substrate/Glints2/dict_0002_0147" 7923
"/Engine/EngineMaterials/Substrate/Glints2/dict_0002_0155" 7924
"/Engine/EngineMaterials/Substrate/Glints2/dict_0002_0154" 7925
"/Engine/EngineMaterials/Substrate/Glints2/dict_0002_0153" 7926
"../../../Engine/Content/EngineMaterials/Substrate/Glints2/dict_0002_0162.uasset" 7927
"../../../Engine/Content/EngineMaterials/Substrate/Glints2/dict_0002_0165.uasset" 7928
"../../../Engine/Content/EngineMaterials/Substrate/Glints2/dict_0002_0163.uasset" 7929
"/Engine/EngineMaterials/Substrate/Glints2/dict_0002_0161" 7930
"/Engine/EngineMaterials/Substrate/Glints2/dict_0002_0146" 7931
"../../../Engine/Content/EngineMaterials/Substrate/Glints2/dict_0002_0167.uasset" 7932
"../../../Engine/Content/EngineMaterials/Substrate/Glints2/dict_0002_0164.uasset" 7933
"../../../Engine/Content/EngineMaterials/Substrate/Glints2/dict_0002_0166.uasset" 7934
"../../../Engine/Content/EngineMaterials/Substrate/Glints2/dict_0002_0168.uasset" 7935
"/Engine/EngineMaterials/Substrate/Glints2/dict_0002_0145" 7936
"/Engine/EngineMaterials/Substrate/Glints2/dict_0002_0144" 7937
"/Engine/EngineMaterials/Substrate/Glints2/dict_0002_0143" 7938
"/Engine/EngineMaterials/Substrate/Glints2/dict_0002_0160" 7939
"/Engine/EngineMaterials/Substrate/Glints2/dict_0002_0138" 7940
"/Engine/EngineMaterials/Substrate/Glints2/dict_0002_0136" 7941
"/Engine/EngineMaterials/Substrate/Glints2/dict_0002_0159" 7942
"../../../Engine/Content/EngineMaterials/Substrate/Glints2/dict_0002_0170.uasset" 7943
"../../../Engine/Content/EngineMaterials/Substrate/Glints2/dict_0002_0169.uasset" 7944
"../../../Engine/Content/EngineMaterials/Substrate/Glints2/dict_0002_0172.uasset" 7945
"/Engine/EngineMaterials/Substrate/Glints2/dict_0002_0152" 7946
"../../../Engine/Content/EngineMaterials/Substrate/Glints2/dict_0002_0171.uasset" 7947
"/Engine/EngineMaterials/Substrate/Glints2/dict_0002_0151" 7948
"/Engine/EngineMaterials/Substrate/Glints2/dict_0002_0150" 7949
"/Engine/EngineMaterials/Substrate/Glints2/dict_0002_0158" 7950
"/Engine/EngineMaterials/Substrate/Glints2/dict_0002_0149" 7951
"/Engine/EngineMaterials/Substrate/Glints2/dict_0002_0157" 7952
"/Engine/EngineMaterials/Substrate/Glints2/dict_0002_0156" 7953
"/Engine/EngineMaterials/Substrate/Glints2/dict_0002_0162" 7954
"/Engine/EngineMaterials/Substrate/Glints2/dict_0002_0166" 7955
"/Engine/EngineMaterials/Substrate/Glints2/dict_0002_0171" 7956
"/Engine/EngineMaterials/Substrate/Glints2/dict_0002_0170" 7957
"/Engine/EngineMaterials/Substrate/Glints2/dict_0002_0169" 7958
"/Engine/EngineMaterials/Substrate/Glints2/dict_0002_0165" 7959
"/Engine/EngineMaterials/Substrate/Glints2/dict_0002_0172" 7960
"/Engine/EngineMaterials/Substrate/Glints2/dict_0002_0168" 7961
"/Engine/EngineMaterials/Substrate/Glints2/dict_0002_0164" 7962
"/Engine/EngineMaterials/Substrate/Glints2/dict_0002_0167" 7963
"/Engine/EngineMaterials/Substrate/Glints2/dict_0002_0163" 7964
"../../../Engine/Content/EngineMaterials/Substrate/Glints2/dict_0002_0174.uasset" 7965
"../../../Engine/Content/EngineMaterials/Substrate/Glints2/dict_0002_0186.uasset" 7966
"../../../Engine/Content/EngineMaterials/Substrate/Glints2/dict_0002_0184.uasset" 7967
"../../../Engine/Content/EngineMaterials/Substrate/Glints2/dict_0002_0177.uasset" 7968
"../../../Engine/Content/EngineMaterials/Substrate/Glints2/dict_0002_0180.uasset" 7969
"../../../Engine/Content/EngineMaterials/Substrate/Glints2/dict_0002_0181.uasset" 7970
"../../../Engine/Content/EngineMaterials/Substrate/Glints2/dict_0002_0183.uasset" 7971
"../../../Engine/Content/EngineMaterials/Substrate/Glints2/dict_0002_0176.uasset" 7972
"../../../Engine/Content/EngineMaterials/Substrate/Glints2/dict_0002_0185.uasset" 7973
"../../../Engine/Content/EngineMaterials/Substrate/Glints2/dict_0002_0175.uasset" 7974
"../../../Engine/Content/EngineMaterials/Substrate/Glints2/dict_0002_0178.uasset" 7975
"../../../Engine/Content/EngineMaterials/Substrate/Glints2/dict_0002_0173.uasset" 7976
"../../../Engine/Content/EngineMaterials/Substrate/Glints2/dict_0002_0179.uasset" 7977
"../../../Engine/Content/EngineMaterials/Substrate/Glints2/dict_0002_0182.uasset" 7978
"/Engine/EngineMaterials/Substrate/Glints2/dict_0002_0186" 7979
"../../../Engine/Content/EngineMaterials/Substrate/Glints2/dict_0002_0196.uasset" 7980
"../../../Engine/Content/EngineMaterials/Substrate/Glints2/dict_0002_0198.uasset" 7981
"../../../Engine/Content/EngineMaterials/Substrate/Glints2/dict_0002_0197.uasset" 7982
"../../../Engine/Content/EngineMaterials/Substrate/Glints2/dict_0002_0194.uasset" 7983
"../../../Engine/Content/EngineMaterials/Substrate/Glints2/dict_0002_0192.uasset" 7984
"../../../Engine/Content/EngineMaterials/Substrate/Glints2/dict_0002_0190.uasset" 7985
"../../../Engine/Content/EngineMaterials/Substrate/Glints2/dict_0002_0189.uasset" 7986
"../../../Engine/Content/EngineMaterials/Substrate/Glints2/dict_0002_0193.uasset" 7987
"../../../Engine/Content/EngineMaterials/Substrate/Glints2/dict_0002_0195.uasset" 7988
"../../../Engine/Content/EngineMaterials/Substrate/Glints2/dict_0002_0188.uasset" 7989
"/Engine/EngineMaterials/Substrate/Glints2/dict_0002_0185" 7990
"../../../Engine/Content/EngineMaterials/Substrate/Glints2/dict_0002_0187.uasset" 7991
"../../../Engine/Content/EngineMaterials/Substrate/Glints2/dict_0002_0191.uasset" 7992
"/Engine/EngineMaterials/Substrate/Glints2/dict_0002_0184" 7993
"/Engine/EngineMaterials/Substrate/Glints2/dict_0002_0183" 7994
"/Engine/EngineMaterials/Substrate/Glints2/dict_0002_0182" 7995
"../../../Engine/Content/EngineMaterials/Substrate/Glints2/dict_0002_0199.uasset" 7996
"/Engine/EngineMaterials/Substrate/Glints2/dict_0002_0181" 7997
"/Engine/EngineMaterials/Substrate/Glints2/dict_0002_0180" 7998
"/Engine/EngineMaterials/Substrate/Glints2/dict_0002_0179" 7999
"/Engine/EngineMaterials/Substrate/Glints2/dict_0002_0178" 8000
"/Engine/EngineMaterials/Substrate/Glints2/dict_0002_0177" 8001
"/Engine/EngineMaterials/Substrate/Glints2/dict_0002_0176" 8002
"/Engine/EngineMaterials/Substrate/Glints2/dict_0002_0175" 8003
"/Engine/EngineMaterials/Substrate/Glints2/dict_0002_0174" 8004
"../../../Engine/Content/EngineMaterials/Substrate/Glints2/dict_0002_0200.uasset" 8005
"/Engine/EngineMaterials/Substrate/Glints2/dict_0002_0173" 8006
"/Engine/EngineMaterials/Substrate/Glints2/dict_0002_0192" 8007
"/Engine/EngineMaterials/Substrate/Glints2/dict_0002_0191" 8008
"/Engine/EngineMaterials/Substrate/Glints2/dict_0002_0190" 8009
"/Engine/EngineMaterials/Substrate/Glints2/dict_0002_0189" 8010
"../../../Engine/Content/EngineMaterials/Substrate/Glints2/dict_0002_0201.uasset" 8011
"/Engine/EngineMaterials/Substrate/Glints2/dict_0002_0188" 8012
"../../../Engine/Content/EngineMaterials/Substrate/Glints2/dict_0002_0204.uasset" 8013
"../../../Engine/Content/EngineMaterials/Substrate/Glints2/dict_0002_0203.uasset" 8014
"../../../Engine/Content/EngineMaterials/Substrate/Glints2/dict_0002_0202.uasset" 8015
"/Engine/EngineMaterials/Substrate/Glints2/dict_0002_0187" 8016
"/Engine/EngineMaterials/Substrate/Glints2/dict_0002_0200" 8017
"/Engine/EngineMaterials/Substrate/Glints2/dict_0002_0199" 8018
"/Engine/EngineMaterials/Substrate/Glints2/dict_0002_0198" 8019
"/Engine/EngineMaterials/Substrate/Glints2/dict_0002_0197" 8020
"/Engine/EngineMaterials/Substrate/Glints2/dict_0002_0196" 8021
"/Engine/EngineMaterials/Substrate/Glints2/dict_0002_0195" 8022
"/Engine/EngineMaterials/Substrate/Glints2/dict_0002_0194" 8023
"/Engine/EngineMaterials/Substrate/Glints2/dict_0002_0193" 8024
"/Engine/EngineMaterials/Substrate/Glints2/dict_0002_0204" 8025
"/Engine/EngineMaterials/Substrate/Glints2/dict_0002_0203" 8026
"/Engine/EngineMaterials/Substrate/Glints2/dict_0002_0202" 8027
"/Engine/EngineMaterials/Substrate/Glints2/dict_0002_0201" 8028
"../../../Engine/Content/EngineMaterials/Substrate/Glints2/dict_0002_0209.uasset" 8029
"../../../Engine/Content/EngineMaterials/Substrate/Glints2/dict_0002_0216.uasset" 8030
"../../../Engine/Content/EngineMaterials/Substrate/Glints2/dict_0002_0207.uasset" 8031
"../../../Engine/Content/EngineMaterials/Substrate/Glints2/dict_0002_0206.uasset" 8032
"../../../Engine/Content/EngineMaterials/Substrate/Glints2/dict_0002_0214.uasset" 8033
"../../../Engine/Content/EngineMaterials/Substrate/Glints2/dict_0002_0208.uasset" 8034
"../../../Engine/Content/EngineMaterials/Substrate/Glints2/dict_0002_0211.uasset" 8035
"../../../Engine/Content/EngineMaterials/Substrate/Glints2/dict_0002_0212.uasset" 8036
"../../../Engine/Content/EngineMaterials/Substrate/Glints2/dict_0002_0215.uasset" 8037
"../../../Engine/Content/EngineMaterials/Substrate/Glints2/dict_0002_0213.uasset" 8038
"../../../Engine/Content/EngineMaterials/Substrate/Glints2/dict_0002_0210.uasset" 8039
"../../../Engine/Content/EngineMaterials/Substrate/Glints2/dict_0002_0218.uasset" 8040
"../../../Engine/Content/EngineMaterials/Substrate/Glints2/dict_0002_0217.uasset" 8041
"../../../Engine/Content/EngineMaterials/Substrate/Glints2/dict_0002_0205.uasset" 8042
"/Engine/EngineMaterials/Substrate/Glints2/dict_0002_0218" 8043
"../../../Engine/Content/EngineMaterials/Substrate/Glints2/dict_0002_0225.uasset" 8044
"../../../Engine/Content/EngineMaterials/Substrate/Glints2/dict_0002_0228.uasset" 8045
"../../../Engine/Content/EngineMaterials/Substrate/Glints2/dict_0002_0223.uasset" 8046
"../../../Engine/Content/EngineMaterials/Substrate/Glints2/dict_0002_0231.uasset" 8047
"../../../Engine/Content/EngineMaterials/Substrate/Glints2/dict_0002_0229.uasset" 8048
"../../../Engine/Content/EngineMaterials/Substrate/Glints2/dict_0002_0221.uasset" 8049
"../../../Engine/Content/EngineMaterials/Substrate/Glints2/dict_0002_0222.uasset" 8050
"../../../Engine/Content/EngineMaterials/Substrate/Glints2/dict_0002_0230.uasset" 8051
"../../../Engine/Content/EngineMaterials/Substrate/Glints2/dict_0002_0219.uasset" 8052
"../../../Engine/Content/EngineMaterials/Substrate/Glints2/dict_0002_0220.uasset" 8053
"../../../Engine/Content/EngineMaterials/Substrate/Glints2/dict_0002_0224.uasset" 8054
"../../../Engine/Content/EngineMaterials/Substrate/Glints2/dict_0002_0227.uasset" 8055
"/Engine/EngineMaterials/Substrate/Glints2/dict_0002_0217" 8056
"../../../Engine/Content/EngineMaterials/Substrate/Glints2/dict_0002_0226.uasset" 8057
"/Engine/EngineMaterials/Substrate/Glints2/dict_0002_0216" 8058
"/Engine/EngineMaterials/Substrate/Glints2/dict_0002_0215" 8059
"/Engine/EngineMaterials/Substrate/Glints2/dict_0002_0214" 8060
"/Engine/EngineMaterials/Substrate/Glints2/dict_0002_0213" 8061
"/Engine/EngineMaterials/Substrate/Glints2/dict_0002_0212" 8062
"/Engine/EngineMaterials/Substrate/Glints2/dict_0002_0211" 8063
"/Engine/EngineMaterials/Substrate/Glints2/dict_0002_0210" 8064
"/Engine/EngineMaterials/Substrate/Glints2/dict_0002_0209" 8065
"/Engine/EngineMaterials/Substrate/Glints2/dict_0002_0208" 8066
"/Engine/EngineMaterials/Substrate/Glints2/dict_0002_0207" 8067
"/Engine/EngineMaterials/Substrate/Glints2/dict_0002_0206" 8068
"/Engine/EngineMaterials/Substrate/Glints2/dict_0002_0205" 8069
"/Engine/EngineMaterials/Substrate/Glints2/dict_0002_0231" 8070
"../../../Engine/Content/EngineMaterials/Substrate/Glints2/dict_0002_0232.uasset" 8071
"/Engine/EngineMaterials/Substrate/Glints2/dict_0002_0230" 8072
"/Engine/EngineMaterials/Substrate/Glints2/dict_0002_0229" 8073
"/Engine/EngineMaterials/Substrate/Glints2/dict_0002_0228" 8074
"/Engine/EngineMaterials/Substrate/Glints2/dict_0002_0227" 8075
"/Engine/EngineMaterials/Substrate/Glints2/dict_0002_0226" 8076
"/Engine/EngineMaterials/Substrate/Glints2/dict_0002_0225" 8077
"../../../Engine/Content/EngineMaterials/Substrate/Glints2/dict_0002_0235.uasset" 8078
"../../../Engine/Content/EngineMaterials/Substrate/Glints2/dict_0002_0236.uasset" 8079
"../../../Engine/Content/EngineMaterials/Substrate/Glints2/dict_0002_0234.uasset" 8080
"/Engine/EngineMaterials/Substrate/Glints2/dict_0002_0224" 8081
"../../../Engine/Content/EngineMaterials/Substrate/Glints2/dict_0002_0233.uasset" 8082
"/Engine/EngineMaterials/Substrate/Glints2/dict_0002_0223" 8083
"/Engine/EngineMaterials/Substrate/Glints2/dict_0002_0222" 8084
"/Engine/EngineMaterials/Substrate/Glints2/dict_0002_0221" 8085
"/Engine/EngineMaterials/Substrate/Glints2/dict_0002_0220" 8086
"/Engine/EngineMaterials/Substrate/Glints2/dict_0002_0219" 8087
"/Engine/EngineMaterials/Substrate/Glints2/dict_0002_0232" 8088
"/Engine/EngineMaterials/Substrate/Glints2/dict_0002_0236" 8089
"/Engine/EngineMaterials/Substrate/Glints2/dict_0002_0235" 8090
"/Engine/EngineMaterials/Substrate/Glints2/dict_0002_0234" 8091
"/Engine/EngineMaterials/Substrate/Glints2/dict_0002_0233" 8092
"../../../Engine/Content/EngineMaterials/Substrate/Glints2/dict_0002_0237.uasset" 8093
"../../../Engine/Content/EngineMaterials/Substrate/Glints2/dict_0002_0238.uasset" 8094
"../../../Engine/Content/EngineMaterials/Substrate/Glints2/dict_0002_0244.uasset" 8095
"../../../Engine/Content/EngineMaterials/Substrate/Glints2/dict_0002_0245.uasset" 8096
"../../../Engine/Content/EngineMaterials/Substrate/Glints2/dict_0002_0246.uasset" 8097
"../../../Engine/Content/EngineMaterials/Substrate/Glints2/dict_0002_0240.uasset" 8098
"../../../Engine/Content/EngineMaterials/Substrate/Glints2/dict_0002_0239.uasset" 8099
"../../../Engine/Content/EngineMaterials/Substrate/Glints2/dict_0002_0241.uasset" 8100
"../../../Engine/Content/EngineMaterials/Substrate/Glints2/dict_0002_0242.uasset" 8101
"../../../Engine/Content/EngineMaterials/Substrate/Glints2/dict_0002_0243.uasset" 8102
"../../../Engine/Content/EngineMaterials/Substrate/Glints2/dict_0002_0247.uasset" 8103
"../../../Engine/Content/EngineMaterials/Substrate/Glints2/dict_0002_0249.uasset" 8104
"../../../Engine/Content/EngineMaterials/Substrate/Glints2/dict_0002_0250.uasset" 8105
"../../../Engine/Content/EngineMaterials/Substrate/Glints2/dict_0002_0248.uasset" 8106
"../../../Engine/Content/EngineMaterials/Substrate/Glints2/dict_0002_0252.uasset" 8107
"../../../Engine/Content/EngineMaterials/Substrate/Glints2/dict_0003_0004.uasset" 8108
"../../../Engine/Content/EngineMaterials/Substrate/Glints2/dict_0003_0001.uasset" 8109
"../../../Engine/Content/EngineMaterials/Substrate/Glints2/dict_0003_0002.uasset" 8110
"../../../Engine/Content/EngineMaterials/Substrate/Glints2/dict_0003_0003.uasset" 8111
"../../../Engine/Content/EngineMaterials/Substrate/Glints2/dict_0003_0000.uasset" 8112
"../../../Engine/Content/EngineMaterials/Substrate/Glints2/dict_0002_0255.uasset" 8113
"../../../Engine/Content/EngineMaterials/Substrate/Glints2/dict_0002_0254.uasset" 8114
"../../../Engine/Content/EngineMaterials/Substrate/Glints2/dict_0002_0253.uasset" 8115
"/Engine/EngineMaterials/Substrate/Glints2/dict_0003_0004" 8116
"/Engine/EngineMaterials/Substrate/Glints2/dict_0003_0003" 8117
"/Engine/EngineMaterials/Substrate/Glints2/dict_0002_0250" 8118
"/Engine/EngineMaterials/Substrate/Glints2/dict_0002_0249" 8119
"../../../Engine/Content/EngineMaterials/Substrate/Glints2/dict_0003_0006.uasset" 8120
"../../../Engine/Content/EngineMaterials/Substrate/Glints2/dict_0003_0007.uasset" 8121
"/Engine/EngineMaterials/Substrate/Glints2/dict_0002_0248" 8122
"../../../Engine/Content/EngineMaterials/Substrate/Glints2/dict_0003_0005.uasset" 8123
"../../../Engine/Content/EngineMaterials/Substrate/Glints2/dict_0002_0251.uasset" 8124
"/Engine/EngineMaterials/Substrate/Glints2/dict_0002_0247" 8125
"/Engine/EngineMaterials/Substrate/Glints2/dict_0003_0002" 8126
"/Engine/EngineMaterials/Substrate/Glints2/dict_0003_0001" 8127
"/Engine/EngineMaterials/Substrate/Glints2/dict_0002_0246" 8128
"/Engine/EngineMaterials/Substrate/Glints2/dict_0002_0245" 8129
"/Engine/EngineMaterials/Substrate/Glints2/dict_0002_0244" 8130
"/Engine/EngineMaterials/Substrate/Glints2/dict_0002_0252" 8131
"/Engine/EngineMaterials/Substrate/Glints2/dict_0002_0243" 8132
"/Engine/EngineMaterials/Substrate/Glints2/dict_0002_0242" 8133
"../../../Engine/Content/EngineMaterials/Substrate/Glints2/dict_0003_0008.uasset" 8134
"/Engine/EngineMaterials/Substrate/Glints2/dict_0002_0241" 8135
"/Engine/EngineMaterials/Substrate/Glints2/dict_0002_0240" 8136
"/Engine/EngineMaterials/Substrate/Glints2/dict_0002_0239" 8137
"/Engine/EngineMaterials/Substrate/Glints2/dict_0002_0238" 8138
"/Engine/EngineMaterials/Substrate/Glints2/dict_0002_0237" 8139
"/Engine/EngineMaterials/Substrate/Glints2/dict_0003_0007" 8140
"/Engine/EngineMaterials/Substrate/Glints2/dict_0003_0006" 8141
"../../../Engine/Content/EngineMaterials/Substrate/Glints2/dict_0003_0011.uasset" 8142
"../../../Engine/Content/EngineMaterials/Substrate/Glints2/dict_0003_0009.uasset" 8143
"../../../Engine/Content/EngineMaterials/Substrate/Glints2/dict_0003_0012.uasset" 8144
"/Engine/EngineMaterials/Substrate/Glints2/dict_0003_0005" 8145
"../../../Engine/Content/EngineMaterials/Substrate/Glints2/dict_0003_0010.uasset" 8146
"/Engine/EngineMaterials/Substrate/Glints2/dict_0003_0008" 8147
"/Engine/EngineMaterials/Substrate/Glints2/dict_0003_0000" 8148
"/Engine/EngineMaterials/Substrate/Glints2/dict_0002_0255" 8149
"/Engine/EngineMaterials/Substrate/Glints2/dict_0002_0254" 8150
"/Engine/EngineMaterials/Substrate/Glints2/dict_0002_0253" 8151
"/Engine/EngineMaterials/Substrate/Glints2/dict_0002_0251" 8152
"/Engine/EngineMaterials/Substrate/Glints2/dict_0003_0012" 8153
"/Engine/EngineMaterials/Substrate/Glints2/dict_0003_0011" 8154
"/Engine/EngineMaterials/Substrate/Glints2/dict_0003_0010" 8155
"/Engine/EngineMaterials/Substrate/Glints2/dict_0003_0009" 8156
"../../../Engine/Content/EngineMaterials/Substrate/Glints2/dict_0003_0013.uasset" 8157
"../../../Engine/Content/EngineMaterials/Substrate/Glints2/dict_0003_0018.uasset" 8158
"../../../Engine/Content/EngineMaterials/Substrate/Glints2/dict_0003_0016.uasset" 8159
"../../../Engine/Content/EngineMaterials/Substrate/Glints2/dict_0003_0019.uasset" 8160
"../../../Engine/Content/EngineMaterials/Substrate/Glints2/dict_0003_0020.uasset" 8161
"../../../Engine/Content/EngineMaterials/Substrate/Glints2/dict_0003_0021.uasset" 8162
"../../../Engine/Content/EngineMaterials/Substrate/Glints2/dict_0003_0015.uasset" 8163
"../../../Engine/Content/EngineMaterials/Substrate/Glints2/dict_0003_0024.uasset" 8164
"../../../Engine/Content/EngineMaterials/Substrate/Glints2/dict_0003_0022.uasset" 8165
"../../../Engine/Content/EngineMaterials/Substrate/Glints2/dict_0003_0017.uasset" 8166
"../../../Engine/Content/EngineMaterials/Substrate/Glints2/dict_0003_0023.uasset" 8167
"../../../Engine/Content/EngineMaterials/Substrate/Glints2/dict_0003_0026.uasset" 8168
"../../../Engine/Content/EngineMaterials/Substrate/Glints2/dict_0003_0014.uasset" 8169
"../../../Engine/Content/EngineMaterials/Substrate/Glints2/dict_0003_0025.uasset" 8170
"/Engine/EngineMaterials/Substrate/Glints2/dict_0003_0026" 8171
"/Engine/EngineMaterials/Substrate/Glints2/dict_0003_0024" 8172
"/Engine/EngineMaterials/Substrate/Glints2/dict_0003_0023" 8173
"/Engine/EngineMaterials/Substrate/Glints2/dict_0003_0022" 8174
"/Engine/EngineMaterials/Substrate/Glints2/dict_0003_0021" 8175
"/Engine/EngineMaterials/Substrate/Glints2/dict_0003_0020" 8176
"../../../Engine/Content/EngineMaterials/Substrate/Glints2/dict_0003_0034.uasset" 8177
"../../../Engine/Content/EngineMaterials/Substrate/Glints2/dict_0003_0027.uasset" 8178
"../../../Engine/Content/EngineMaterials/Substrate/Glints2/dict_0003_0030.uasset" 8179
"/Engine/EngineMaterials/Substrate/Glints2/dict_0003_0019" 8180
"../../../Engine/Content/EngineMaterials/Substrate/Glints2/dict_0003_0033.uasset" 8181
"../../../Engine/Content/EngineMaterials/Substrate/Glints2/dict_0003_0037.uasset" 8182
"../../../Engine/Content/EngineMaterials/Substrate/Glints2/dict_0003_0028.uasset" 8183
"../../../Engine/Content/EngineMaterials/Substrate/Glints2/dict_0003_0036.uasset" 8184
"../../../Engine/Content/EngineMaterials/Substrate/Glints2/dict_0003_0035.uasset" 8185
"../../../Engine/Content/EngineMaterials/Substrate/Glints2/dict_0003_0032.uasset" 8186
"../../../Engine/Content/EngineMaterials/Substrate/Glints2/dict_0003_0029.uasset" 8187
"../../../Engine/Content/EngineMaterials/Substrate/Glints2/dict_0003_0031.uasset" 8188
"/Engine/EngineMaterials/Substrate/Glints2/dict_0003_0018" 8189
"../../../Engine/Content/EngineMaterials/Substrate/Glints2/dict_0003_0038.uasset" 8190
"../../../Engine/Content/EngineMaterials/Substrate/Glints2/dict_0003_0039.uasset" 8191
"/Engine/EngineMaterials/Substrate/Glints2/dict_0003_0017" 8192
"/Engine/EngineMaterials/Substrate/Glints2/dict_0003_0016" 8193
"/Engine/EngineMaterials/Substrate/Glints2/dict_0003_0015" 8194
"/Engine/EngineMaterials/Substrate/Glints2/dict_0003_0014" 8195
"/Engine/EngineMaterials/Substrate/Glints2/dict_0003_0013" 8196
"../../../Engine/Content/EngineMaterials/Substrate/Glints2/dict_0003_0040.uasset" 8197
"/Engine/EngineMaterials/Substrate/Glints2/dict_0003_0040" 8198
"../../../Engine/Content/EngineMaterials/Substrate/Glints2/dict_0003_0041.uasset" 8199
"/Engine/EngineMaterials/Substrate/Glints2/dict_0003_0039" 8200
"/Engine/EngineMaterials/Substrate/Glints2/dict_0003_0038" 8201
"/Engine/EngineMaterials/Substrate/Glints2/dict_0003_0031" 8202
"/Engine/EngineMaterials/Substrate/Glints2/dict_0003_0030" 8203
"/Engine/EngineMaterials/Substrate/Glints2/dict_0003_0029" 8204
"../../../Engine/Content/EngineMaterials/Substrate/Glints2/dict_0003_0044.uasset" 8205
"../../../Engine/Content/EngineMaterials/Substrate/Glints2/dict_0003_0043.uasset" 8206
"/Engine/EngineMaterials/Substrate/Glints2/dict_0003_0028" 8207
"/Engine/EngineMaterials/Substrate/Glints2/dict_0003_0027" 8208
"/Engine/EngineMaterials/Substrate/Glints2/dict_0003_0037" 8209
"/Engine/EngineMaterials/Substrate/Glints2/dict_0003_0025" 8210
"/Engine/EngineMaterials/Substrate/Glints2/dict_0003_0036" 8211
"/Engine/EngineMaterials/Substrate/Glints2/dict_0003_0035" 8212
"/Engine/EngineMaterials/Substrate/Glints2/dict_0003_0034" 8213
"../../../Engine/Content/EngineMaterials/Substrate/Glints2/dict_0003_0050.uasset" 8214
"../../../Engine/Content/EngineMaterials/Substrate/Glints2/dict_0003_0053.uasset" 8215
"../../../Engine/Content/EngineMaterials/Substrate/Glints2/dict_0003_0052.uasset" 8216
"../../../Engine/Content/EngineMaterials/Substrate/Glints2/dict_0003_0045.uasset" 8217
"../../../Engine/Content/EngineMaterials/Substrate/Glints2/dict_0003_0048.uasset" 8218
"../../../Engine/Content/EngineMaterials/Substrate/Glints2/dict_0003_0046.uasset" 8219
"../../../Engine/Content/EngineMaterials/Substrate/Glints2/dict_0003_0047.uasset" 8220
"../../../Engine/Content/EngineMaterials/Substrate/Glints2/dict_0003_0042.uasset" 8221
"../../../Engine/Content/EngineMaterials/Substrate/Glints2/dict_0003_0049.uasset" 8222
"../../../Engine/Content/EngineMaterials/Substrate/Glints2/dict_0003_0051.uasset" 8223
"/Engine/EngineMaterials/Substrate/Glints2/dict_0003_0033" 8224
"/Engine/EngineMaterials/Substrate/Glints2/dict_0003_0032" 8225
"/Engine/EngineMaterials/Substrate/Glints2/dict_0003_0044" 8226
"../../../Engine/Content/EngineMaterials/Substrate/Glints2/dict_0003_0054.uasset" 8227
"/Engine/EngineMaterials/Substrate/Glints2/dict_0003_0043" 8228
"../../../Engine/Content/EngineMaterials/Substrate/Glints2/dict_0003_0055.uasset" 8229
"/Engine/EngineMaterials/Substrate/Glints2/dict_0003_0042" 8230
"/Engine/EngineMaterials/Substrate/Glints2/dict_0003_0041" 8231
"/Engine/EngineMaterials/Substrate/Glints2/dict_0003_0053" 8232
"/Engine/EngineMaterials/Substrate/Glints2/dict_0003_0052" 8233
"/Engine/EngineMaterials/Substrate/Glints2/dict_0003_0051" 8234
"/Engine/EngineMaterials/Substrate/Glints2/dict_0003_0050" 8235
"/Engine/EngineMaterials/Substrate/Glints2/dict_0003_0049" 8236
"/Engine/EngineMaterials/Substrate/Glints2/dict_0003_0048" 8237
"/Engine/EngineMaterials/Substrate/Glints2/dict_0003_0047" 8238
"/Engine/EngineMaterials/Substrate/Glints2/dict_0003_0046" 8239
"/Engine/EngineMaterials/Substrate/Glints2/dict_0003_0045" 8240
"/Engine/EngineMaterials/Substrate/Glints2/dict_0003_0055" 8241
"/Engine/EngineMaterials/Substrate/Glints2/dict_0003_0054" 8242
"../../../Engine/Content/EngineMaterials/Substrate/Glints2/dict_0003_0056.uasset" 8243
"../../../Engine/Content/EngineMaterials/Substrate/Glints2/dict_0003_0064.uasset" 8244
"../../../Engine/Content/EngineMaterials/Substrate/Glints2/dict_0003_0065.uasset" 8245
"../../../Engine/Content/EngineMaterials/Substrate/Glints2/dict_0003_0062.uasset" 8246
"../../../Engine/Content/EngineMaterials/Substrate/Glints2/dict_0003_0060.uasset" 8247
"../../../Engine/Content/EngineMaterials/Substrate/Glints2/dict_0003_0063.uasset" 8248
"../../../Engine/Content/EngineMaterials/Substrate/Glints2/dict_0003_0057.uasset" 8249
"../../../Engine/Content/EngineMaterials/Substrate/Glints2/dict_0003_0059.uasset" 8250
"../../../Engine/Content/EngineMaterials/Substrate/Glints2/dict_0003_0068.uasset" 8251
"../../../Engine/Content/EngineMaterials/Substrate/Glints2/dict_0003_0067.uasset" 8252
"../../../Engine/Content/EngineMaterials/Substrate/Glints2/dict_0003_0058.uasset" 8253
"../../../Engine/Content/EngineMaterials/Substrate/Glints2/dict_0003_0066.uasset" 8254
"../../../Engine/Content/EngineMaterials/Substrate/Glints2/dict_0003_0061.uasset" 8255
"../../../Engine/Content/EngineMaterials/Substrate/Glints2/dict_0003_0069.uasset" 8256
"../../../Engine/Content/EngineMaterials/Substrate/Glints2/dict_0003_0072.uasset" 8257
"../../../Engine/Content/EngineMaterials/Substrate/Glints2/dict_0003_0074.uasset" 8258
"../../../Engine/Content/EngineMaterials/Substrate/Glints2/dict_0003_0079.uasset" 8259
"/Engine/EngineMaterials/Substrate/Glints2/dict_0003_0069" 8260
"../../../Engine/Content/EngineMaterials/Substrate/Glints2/dict_0003_0071.uasset" 8261
"../../../Engine/Content/EngineMaterials/Substrate/Glints2/dict_0003_0073.uasset" 8262
"../../../Engine/Content/EngineMaterials/Substrate/Glints2/dict_0003_0075.uasset" 8263
"../../../Engine/Content/EngineMaterials/Substrate/Glints2/dict_0003_0070.uasset" 8264
"../../../Engine/Content/EngineMaterials/Substrate/Glints2/dict_0003_0080.uasset" 8265
"/Engine/EngineMaterials/Substrate/Glints2/dict_0003_0068" 8266
"../../../Engine/Content/EngineMaterials/Substrate/Glints2/dict_0003_0076.uasset" 8267
"../../../Engine/Content/EngineMaterials/Substrate/Glints2/dict_0003_0081.uasset" 8268
"../../../Engine/Content/EngineMaterials/Substrate/Glints2/dict_0003_0077.uasset" 8269
"../../../Engine/Content/EngineMaterials/Substrate/Glints2/dict_0003_0078.uasset" 8270
"/Engine/EngineMaterials/Substrate/Glints2/dict_0003_0067" 8271
"/Engine/EngineMaterials/Substrate/Glints2/dict_0003_0066" 8272
"/Engine/EngineMaterials/Substrate/Glints2/dict_0003_0065" 8273
"/Engine/EngineMaterials/Substrate/Glints2/dict_0003_0057" 8274
"/Engine/EngineMaterials/Substrate/Glints2/dict_0003_0064" 8275
"/Engine/EngineMaterials/Substrate/Glints2/dict_0003_0063" 8276
"/Engine/EngineMaterials/Substrate/Glints2/dict_0003_0056" 8277
"../../../Engine/Content/EngineMaterials/Substrate/Glints2/dict_0003_0082.uasset" 8278
"/Engine/EngineMaterials/Substrate/Glints2/dict_0003_0062" 8279
"/Engine/EngineMaterials/Substrate/Glints2/dict_0003_0061" 8280
"/Engine/EngineMaterials/Substrate/Glints2/dict_0003_0060" 8281
"/Engine/EngineMaterials/Substrate/Glints2/dict_0003_0059" 8282
"/Engine/EngineMaterials/Substrate/Glints2/dict_0003_0058" 8283
"../../../Engine/Content/EngineMaterials/Substrate/Glints2/dict_0003_0083.uasset" 8284
"/Engine/EngineMaterials/Substrate/Glints2/dict_0003_0072" 8285
"/Engine/EngineMaterials/Substrate/Glints2/dict_0003_0071" 8286
"/Engine/EngineMaterials/Substrate/Glints2/dict_0003_0070" 8287
"/Engine/EngineMaterials/Substrate/Glints2/dict_0003_0082" 8288
"/Engine/EngineMaterials/Substrate/Glints2/dict_0003_0081" 8289
"/Engine/EngineMaterials/Substrate/Glints2/dict_0003_0080" 8290
"/Engine/EngineMaterials/Substrate/Glints2/dict_0003_0079" 8291
"/Engine/EngineMaterials/Substrate/Glints2/dict_0003_0078" 8292
"../../../Engine/Content/EngineMaterials/Substrate/Glints2/dict_0003_0084.uasset" 8293
"../../../Engine/Content/EngineMaterials/Substrate/Glints2/dict_0003_0086.uasset" 8294
"/Engine/EngineMaterials/Substrate/Glints2/dict_0003_0077" 8295
"/Engine/EngineMaterials/Substrate/Glints2/dict_0003_0076" 8296
"/Engine/EngineMaterials/Substrate/Glints2/dict_0003_0075" 8297
"/Engine/EngineMaterials/Substrate/Glints2/dict_0003_0074" 8298
"/Engine/EngineMaterials/Substrate/Glints2/dict_0003_0073" 8299
"/Engine/EngineMaterials/Substrate/Glints2/dict_0003_0084" 8300
"/Engine/EngineMaterials/Substrate/Glints2/dict_0003_0083" 8301
"/Engine/EngineMaterials/Substrate/Glints2/dict_0003_0086" 8302
"../../../Engine/Content/EngineMaterials/Substrate/Glints2/dict_0003_0096.uasset" 8303
"../../../Engine/Content/EngineMaterials/Substrate/Glints2/dict_0003_0094.uasset" 8304
"../../../Engine/Content/EngineMaterials/Substrate/Glints2/dict_0003_0091.uasset" 8305
"../../../Engine/Content/EngineMaterials/Substrate/Glints2/dict_0003_0085.uasset" 8306
"../../../Engine/Content/EngineMaterials/Substrate/Glints2/dict_0003_0097.uasset" 8307
"../../../Engine/Content/EngineMaterials/Substrate/Glints2/dict_0003_0087.uasset" 8308
"../../../Engine/Content/EngineMaterials/Substrate/Glints2/dict_0003_0093.uasset" 8309
"../../../Engine/Content/EngineMaterials/Substrate/Glints2/dict_0003_0095.uasset" 8310
"../../../Engine/Content/EngineMaterials/Substrate/Glints2/dict_0003_0090.uasset" 8311
"../../../Engine/Content/EngineMaterials/Substrate/Glints2/dict_0003_0089.uasset" 8312
"../../../Engine/Content/EngineMaterials/Substrate/Glints2/dict_0003_0092.uasset" 8313
"../../../Engine/Content/EngineMaterials/Substrate/Glints2/dict_0003_0098.uasset" 8314
"../../../Engine/Content/EngineMaterials/Substrate/Glints2/dict_0003_0099.uasset" 8315
"../../../Engine/Content/EngineMaterials/Substrate/Glints2/dict_0003_0107.uasset" 8316
"../../../Engine/Content/EngineMaterials/Substrate/Glints2/dict_0003_0102.uasset" 8317
"../../../Engine/Content/EngineMaterials/Substrate/Glints2/dict_0003_0109.uasset" 8318
"../../../Engine/Content/EngineMaterials/Substrate/Glints2/dict_0003_0088.uasset" 8319
"../../../Engine/Content/EngineMaterials/Substrate/Glints2/dict_0003_0104.uasset" 8320
"../../../Engine/Content/EngineMaterials/Substrate/Glints2/dict_0003_0105.uasset" 8321
"../../../Engine/Content/EngineMaterials/Substrate/Glints2/dict_0003_0100.uasset" 8322
"../../../Engine/Content/EngineMaterials/Substrate/Glints2/dict_0003_0106.uasset" 8323
"../../../Engine/Content/EngineMaterials/Substrate/Glints2/dict_0003_0108.uasset" 8324
"/Engine/EngineMaterials/Substrate/Glints2/dict_0003_0085" 8325
"../../../Engine/Content/EngineMaterials/Substrate/Glints2/dict_0003_0101.uasset" 8326
"/Engine/EngineMaterials/Substrate/Glints2/dict_0003_0100" 8327
"../../../Engine/Content/EngineMaterials/Substrate/Glints2/dict_0003_0103.uasset" 8328
"/Engine/EngineMaterials/Substrate/Glints2/dict_0003_0099" 8329
"/Engine/EngineMaterials/Substrate/Glints2/dict_0003_0098" 8330
"/Engine/EngineMaterials/Substrate/Glints2/dict_0003_0097" 8331
"../../../Engine/Content/EngineMaterials/Substrate/Glints2/dict_0003_0110.uasset" 8332
"/Engine/EngineMaterials/Substrate/Glints2/dict_0003_0096" 8333
"/Engine/EngineMaterials/Substrate/Glints2/dict_0003_0095" 8334
"/Engine/EngineMaterials/Substrate/Glints2/dict_0003_0094" 8335
"../../../Engine/Content/EngineMaterials/Substrate/Glints2/dict_0003_0111.uasset" 8336
"/Engine/EngineMaterials/Substrate/Glints2/dict_0003_0093" 8337
"/Engine/EngineMaterials/Substrate/Glints2/dict_0003_0092" 8338
"/Engine/EngineMaterials/Substrate/Glints2/dict_0003_0091" 8339
"/Engine/EngineMaterials/Substrate/Glints2/dict_0003_0087" 8340
"/Engine/EngineMaterials/Substrate/Glints2/dict_0003_0090" 8341
"../../../Engine/Content/EngineMaterials/Substrate/Glints2/dict_0003_0112.uasset" 8342
"../../../Engine/Content/EngineMaterials/Substrate/Glints2/dict_0003_0113.uasset" 8343
"../../../Engine/Content/EngineMaterials/Substrate/Glints2/dict_0003_0114.uasset" 8344
"../../../Engine/Content/EngineMaterials/Substrate/Glints2/dict_0003_0115.uasset" 8345
"../../../Engine/Content/EngineMaterials/Substrate/Glints2/dict_0003_0116.uasset" 8346
"/Engine/EngineMaterials/Substrate/Glints2/dict_0003_0089" 8347
"/Engine/EngineMaterials/Substrate/Glints2/dict_0003_0109" 8348
"/Engine/EngineMaterials/Substrate/Glints2/dict_0003_0108" 8349
"/Engine/EngineMaterials/Substrate/Glints2/dict_0003_0107" 8350
"../../../Engine/Content/EngineMaterials/Substrate/Glints2/dict_0003_0117.uasset" 8351
"/Engine/EngineMaterials/Substrate/Glints2/dict_0003_0106" 8352
"/Engine/EngineMaterials/Substrate/Glints2/dict_0003_0105" 8353
"/Engine/EngineMaterials/Substrate/Glints2/dict_0003_0088" 8354
"/Engine/EngineMaterials/Substrate/Glints2/dict_0003_0104" 8355
"/Engine/EngineMaterials/Substrate/Glints2/dict_0003_0102" 8356
"/Engine/EngineMaterials/Substrate/Glints2/dict_0003_0117" 8357
"/Engine/EngineMaterials/Substrate/Glints2/dict_0003_0114" 8358
"/Engine/EngineMaterials/Substrate/Glints2/dict_0003_0113" 8359
"/Engine/EngineMaterials/Substrate/Glints2/dict_0003_0112" 8360
"/Engine/EngineMaterials/Substrate/Glints2/dict_0003_0116" 8361
"/Engine/EngineMaterials/Substrate/Glints2/dict_0003_0111" 8362
"/Engine/EngineMaterials/Substrate/Glints2/dict_0003_0101" 8363
"/Engine/EngineMaterials/Substrate/Glints2/dict_0003_0115" 8364
"/Engine/EngineMaterials/Substrate/Glints2/dict_0003_0110" 8365
"/Engine/EngineMaterials/Substrate/Glints2/dict_0003_0103" 8366
"../../../Engine/Content/EngineMaterials/Substrate/Glints2/dict_0003_0131.uasset" 8367
"../../../Engine/Content/EngineMaterials/Substrate/Glints2/dict_0003_0125.uasset" 8368
"../../../Engine/Content/EngineMaterials/Substrate/Glints2/dict_0003_0123.uasset" 8369
"../../../Engine/Content/EngineMaterials/Substrate/Glints2/dict_0003_0126.uasset" 8370
"../../../Engine/Content/EngineMaterials/Substrate/Glints2/dict_0003_0127.uasset" 8371
"../../../Engine/Content/EngineMaterials/Substrate/Glints2/dict_0003_0124.uasset" 8372
"../../../Engine/Content/EngineMaterials/Substrate/Glints2/dict_0003_0128.uasset" 8373
"../../../Engine/Content/EngineMaterials/Substrate/Glints2/dict_0003_0120.uasset" 8374
"../../../Engine/Content/EngineMaterials/Substrate/Glints2/dict_0003_0129.uasset" 8375
"../../../Engine/Content/EngineMaterials/Substrate/Glints2/dict_0003_0118.uasset" 8376
"../../../Engine/Content/EngineMaterials/Substrate/Glints2/dict_0003_0121.uasset" 8377
"../../../Engine/Content/EngineMaterials/Substrate/Glints2/dict_0003_0119.uasset" 8378
"../../../Engine/Content/EngineMaterials/Substrate/Glints2/dict_0003_0122.uasset" 8379
"../../../Engine/Content/EngineMaterials/Substrate/Glints2/dict_0003_0130.uasset" 8380
"/Engine/EngineMaterials/Substrate/Glints2/dict_0003_0131" 8381
"/Engine/EngineMaterials/Substrate/Glints2/dict_0003_0129" 8382
"/Engine/EngineMaterials/Substrate/Glints2/dict_0003_0128" 8383
"/Engine/EngineMaterials/Substrate/Glints2/dict_0003_0127" 8384
"/Engine/EngineMaterials/Substrate/Glints2/dict_0003_0126" 8385
"/Engine/EngineMaterials/Substrate/Glints2/dict_0003_0125" 8386
"/Engine/EngineMaterials/Substrate/Glints2/dict_0003_0124" 8387
"/Engine/EngineMaterials/Substrate/Glints2/dict_0003_0123" 8388
"/Engine/EngineMaterials/Substrate/Glints2/dict_0003_0122" 8389
"../../../Engine/Content/EngineMaterials/Substrate/Glints2/dict_0003_0137.uasset" 8390
"../../../Engine/Content/EngineMaterials/Substrate/Glints2/dict_0003_0140.uasset" 8391
"../../../Engine/Content/EngineMaterials/Substrate/Glints2/dict_0003_0139.uasset" 8392
"../../../Engine/Content/EngineMaterials/Substrate/Glints2/dict_0003_0134.uasset" 8393
"/Engine/EngineMaterials/Substrate/Glints2/dict_0003_0121" 8394
"/Engine/EngineMaterials/Substrate/Glints2/dict_0003_0120" 8395
"../../../Engine/Content/EngineMaterials/Substrate/Glints2/dict_0003_0133.uasset" 8396
"/Engine/EngineMaterials/Substrate/Glints2/dict_0003_0119" 8397
"../../../Engine/Content/EngineMaterials/Substrate/Glints2/dict_0003_0132.uasset" 8398
"../../../Engine/Content/EngineMaterials/Substrate/Glints2/dict_0003_0138.uasset" 8399
"/Engine/EngineMaterials/Substrate/Glints2/dict_0003_0118" 8400
"/Engine/EngineMaterials/Substrate/Glints2/dict_0003_0139" 8401
"../../../Engine/Content/EngineMaterials/Substrate/Glints2/dict_0003_0143.uasset" 8402
"/Engine/EngineMaterials/Substrate/Glints2/dict_0003_0138" 8403
"/Engine/EngineMaterials/Substrate/Glints2/dict_0003_0137" 8404
"../../../Engine/Content/EngineMaterials/Substrate/Glints2/dict_0003_0136.uasset" 8405
"../../../Engine/Content/EngineMaterials/Substrate/Glints2/dict_0003_0141.uasset" 8406
"/Engine/EngineMaterials/Substrate/Glints2/dict_0003_0134" 8407
"/Engine/EngineMaterials/Substrate/Glints2/dict_0003_0133" 8408
"/Engine/EngineMaterials/Substrate/Glints2/dict_0003_0132" 8409
"../../../Engine/Content/EngineMaterials/Substrate/Glints2/dict_0003_0142.uasset" 8410
"/Engine/EngineMaterials/Substrate/Glints2/dict_0003_0130" 8411
"/Engine/EngineMaterials/Substrate/Glints2/dict_0003_0140" 8412
"../../../Engine/Content/EngineMaterials/Substrate/Glints2/dict_0003_0135.uasset" 8413
"/Engine/EngineMaterials/Substrate/Glints2/dict_0003_0143" 8414
"/Engine/EngineMaterials/Substrate/Glints2/dict_0003_0136" 8415
"/Engine/EngineMaterials/Substrate/Glints2/dict_0003_0135" 8416
"/Engine/EngineMaterials/Substrate/Glints2/dict_0003_0142" 8417
"/Engine/EngineMaterials/Substrate/Glints2/dict_0003_0141" 8418
"../../../Engine/Content/EngineMaterials/Substrate/Glints2/dict_0003_0145.uasset" 8419
"../../../Engine/Content/EngineMaterials/Substrate/Glints2/dict_0003_0146.uasset" 8420
"../../../Engine/Content/EngineMaterials/Substrate/Glints2/dict_0003_0149.uasset" 8421
"../../../Engine/Content/EngineMaterials/Substrate/Glints2/dict_0003_0147.uasset" 8422
"../../../Engine/Content/EngineMaterials/Substrate/Glints2/dict_0003_0144.uasset" 8423
"../../../Engine/Content/EngineMaterials/Substrate/Glints2/dict_0003_0151.uasset" 8424
"../../../Engine/Content/EngineMaterials/Substrate/Glints2/dict_0003_0153.uasset" 8425
"../../../Engine/Content/EngineMaterials/Substrate/Glints2/dict_0003_0152.uasset" 8426
"../../../Engine/Content/EngineMaterials/Substrate/Glints2/dict_0003_0150.uasset" 8427
"../../../Engine/Content/EngineMaterials/Substrate/Glints2/dict_0003_0155.uasset" 8428
"../../../Engine/Content/EngineMaterials/Substrate/Glints2/dict_0003_0148.uasset" 8429
"../../../Engine/Content/EngineMaterials/Substrate/Glints2/dict_0003_0161.uasset" 8430
"../../../Engine/Content/EngineMaterials/Substrate/Glints2/dict_0003_0160.uasset" 8431
"../../../Engine/Content/EngineMaterials/Substrate/Glints2/dict_0003_0159.uasset" 8432
"../../../Engine/Content/EngineMaterials/Substrate/Glints2/dict_0003_0163.uasset" 8433
"../../../Engine/Content/EngineMaterials/Substrate/Glints2/dict_0003_0158.uasset" 8434
"/Engine/EngineMaterials/Substrate/Glints2/dict_0003_0149" 8435
"/Engine/EngineMaterials/Substrate/Glints2/dict_0003_0148" 8436
"../../../Engine/Content/EngineMaterials/Substrate/Glints2/dict_0003_0157.uasset" 8437
"../../../Engine/Content/EngineMaterials/Substrate/Glints2/dict_0003_0162.uasset" 8438
"../../../Engine/Content/EngineMaterials/Substrate/Glints2/dict_0003_0156.uasset" 8439
"/Engine/EngineMaterials/Substrate/Glints2/dict_0003_0147" 8440
"/Engine/EngineMaterials/Substrate/Glints2/dict_0003_0146" 8441
"../../../Engine/Content/EngineMaterials/Substrate/Glints2/dict_0003_0154.uasset" 8442
"/Engine/EngineMaterials/Substrate/Glints2/dict_0003_0145" 8443
"/Engine/EngineMaterials/Substrate/Glints2/dict_0003_0144" 8444
"/Engine/EngineMaterials/Substrate/Glints2/dict_0003_0161" 8445
"../../../Engine/Content/EngineMaterials/Substrate/Glints2/dict_0003_0164.uasset" 8446
"../../../Engine/Content/EngineMaterials/Substrate/Glints2/dict_0003_0165.uasset" 8447
"/Engine/EngineMaterials/Substrate/Glints2/dict_0003_0160" 8448
"/Engine/EngineMaterials/Substrate/Glints2/dict_0003_0159" 8449
"../../../Engine/Content/EngineMaterials/Substrate/Glints2/dict_0003_0168.uasset" 8450
"/Engine/EngineMaterials/Substrate/Glints2/dict_0003_0155" 8451
"/Engine/EngineMaterials/Substrate/Glints2/dict_0003_0153" 8452
"../../../Engine/Content/EngineMaterials/Substrate/Glints2/dict_0003_0171.uasset" 8453
"../../../Engine/Content/EngineMaterials/Substrate/Glints2/dict_0003_0172.uasset" 8454
"/Engine/EngineMaterials/Substrate/Glints2/dict_0003_0152" 8455
"/Engine/EngineMaterials/Substrate/Glints2/dict_0003_0151" 8456
"/Engine/EngineMaterials/Substrate/Glints2/dict_0003_0163" 8457
"/Engine/EngineMaterials/Substrate/Glints2/dict_0003_0150" 8458
"../../../Engine/Content/EngineMaterials/Substrate/Glints2/dict_0003_0166.uasset" 8459
"../../../Engine/Content/EngineMaterials/Substrate/Glints2/dict_0003_0173.uasset" 8460
"../../../Engine/Content/EngineMaterials/Substrate/Glints2/dict_0003_0167.uasset" 8461
"/Engine/EngineMaterials/Substrate/Glints2/dict_0003_0168" 8462
"/Engine/EngineMaterials/Substrate/Glints2/dict_0003_0173" 8463
"../../../Engine/Content/EngineMaterials/Substrate/Glints2/dict_0003_0169.uasset" 8464
"/Engine/EngineMaterials/Substrate/Glints2/dict_0003_0166" 8465
"../../../Engine/Content/EngineMaterials/Substrate/Glints2/dict_0003_0175.uasset" 8466
"/Engine/EngineMaterials/Substrate/Glints2/dict_0003_0165" 8467
"/Engine/EngineMaterials/Substrate/Glints2/dict_0003_0162" 8468
"/Engine/EngineMaterials/Substrate/Glints2/dict_0003_0164" 8469
"/Engine/EngineMaterials/Substrate/Glints2/dict_0003_0172" 8470
"/Engine/EngineMaterials/Substrate/Glints2/dict_0003_0171" 8471
"/Engine/EngineMaterials/Substrate/Glints2/dict_0003_0158" 8472
"/Engine/EngineMaterials/Substrate/Glints2/dict_0003_0157" 8473
"/Engine/EngineMaterials/Substrate/Glints2/dict_0003_0156" 8474
"/Engine/EngineMaterials/Substrate/Glints2/dict_0003_0154" 8475
"/Engine/EngineMaterials/Substrate/Glints2/dict_0003_0175" 8476
"/Engine/EngineMaterials/Substrate/Glints2/dict_0003_0169" 8477
"../../../Engine/Content/EngineMaterials/Substrate/Glints2/dict_0003_0170.uasset" 8478
"/Engine/EngineMaterials/Substrate/Glints2/dict_0003_0167" 8479
"../../../Engine/Content/EngineMaterials/Substrate/Glints2/dict_0003_0174.uasset" 8480
"/Engine/EngineMaterials/Substrate/Glints2/dict_0003_0170" 8481
"/Engine/EngineMaterials/Substrate/Glints2/dict_0003_0174" 8482
"../../../Engine/Content/EngineMaterials/Substrate/Glints2/dict_0003_0185.uasset" 8483
"../../../Engine/Content/EngineMaterials/Substrate/Glints2/dict_0003_0177.uasset" 8484
"../../../Engine/Content/EngineMaterials/Substrate/Glints2/dict_0003_0178.uasset" 8485
"../../../Engine/Content/EngineMaterials/Substrate/Glints2/dict_0003_0184.uasset" 8486
"../../../Engine/Content/EngineMaterials/Substrate/Glints2/dict_0003_0180.uasset" 8487
"../../../Engine/Content/EngineMaterials/Substrate/Glints2/dict_0003_0183.uasset" 8488
"../../../Engine/Content/EngineMaterials/Substrate/Glints2/dict_0003_0179.uasset" 8489
"../../../Engine/Content/EngineMaterials/Substrate/Glints2/dict_0003_0176.uasset" 8490
"../../../Engine/Content/EngineMaterials/Substrate/Glints2/dict_0003_0182.uasset" 8491
"../../../Engine/Content/EngineMaterials/Substrate/Glints2/dict_0003_0181.uasset" 8492
"../../../Engine/Content/EngineMaterials/Substrate/Glints2/dict_0003_0187.uasset" 8493
"../../../Engine/Content/EngineMaterials/Substrate/Glints2/dict_0003_0195.uasset" 8494
"../../../Engine/Content/EngineMaterials/Substrate/Glints2/dict_0003_0190.uasset" 8495
"../../../Engine/Content/EngineMaterials/Substrate/Glints2/dict_0003_0186.uasset" 8496
"../../../Engine/Content/EngineMaterials/Substrate/Glints2/dict_0003_0196.uasset" 8497
"../../../Engine/Content/EngineMaterials/Substrate/Glints2/dict_0003_0191.uasset" 8498
"../../../Engine/Content/EngineMaterials/Substrate/Glints2/dict_0003_0194.uasset" 8499
"/Engine/EngineMaterials/Substrate/Glints2/dict_0003_0187" 8500
"../../../Engine/Content/EngineMaterials/Substrate/Glints2/dict_0003_0197.uasset" 8501
"../../../Engine/Content/EngineMaterials/Substrate/Glints2/dict_0003_0192.uasset" 8502
"../../../Engine/Content/EngineMaterials/Substrate/Glints2/dict_0003_0189.uasset" 8503
"../../../Engine/Content/EngineMaterials/Substrate/Glints2/dict_0003_0193.uasset" 8504
"/Engine/EngineMaterials/Substrate/Glints2/dict_0003_0185" 8505
"/Engine/EngineMaterials/Substrate/Glints2/dict_0003_0184" 8506
"/Engine/EngineMaterials/Substrate/Glints2/dict_0003_0183" 8507
"../../../Engine/Content/EngineMaterials/Substrate/Glints2/dict_0003_0188.uasset" 8508
"/Engine/EngineMaterials/Substrate/Glints2/dict_0003_0182" 8509
"/Engine/EngineMaterials/Substrate/Glints2/dict_0003_0195" 8510
"/Engine/EngineMaterials/Substrate/Glints2/dict_0003_0181" 8511
"/Engine/EngineMaterials/Substrate/Glints2/dict_0003_0180" 8512
"/Engine/EngineMaterials/Substrate/Glints2/dict_0003_0179" 8513
"../../../Engine/Content/EngineMaterials/Substrate/Glints2/dict_0003_0199.uasset" 8514
"/Engine/EngineMaterials/Substrate/Glints2/dict_0003_0178" 8515
"/Engine/EngineMaterials/Substrate/Glints2/dict_0003_0177" 8516
"/Engine/EngineMaterials/Substrate/Glints2/dict_0003_0176" 8517
"/Engine/EngineMaterials/Substrate/Glints2/dict_0003_0190" 8518
"/Engine/EngineMaterials/Substrate/Glints2/dict_0003_0189" 8519
"../../../Engine/Content/EngineMaterials/Substrate/Glints2/dict_0003_0200.uasset" 8520
"../../../Engine/Content/EngineMaterials/Substrate/Glints2/dict_0003_0203.uasset" 8521
"../../../Engine/Content/EngineMaterials/Substrate/Glints2/dict_0003_0198.uasset" 8522
"../../../Engine/Content/EngineMaterials/Substrate/Glints2/dict_0003_0201.uasset" 8523
"../../../Engine/Content/EngineMaterials/Substrate/Glints2/dict_0003_0205.uasset" 8524
"../../../Engine/Content/EngineMaterials/Substrate/Glints2/dict_0003_0204.uasset" 8525
"/Engine/EngineMaterials/Substrate/Glints2/dict_0003_0188" 8526
"../../../Engine/Content/EngineMaterials/Substrate/Glints2/dict_0003_0207.uasset" 8527
"/Engine/EngineMaterials/Substrate/Glints2/dict_0003_0186" 8528
"/Engine/EngineMaterials/Substrate/Glints2/dict_0003_0199" 8529
"../../../Engine/Content/EngineMaterials/Substrate/Glints2/dict_0003_0202.uasset" 8530
"/Engine/EngineMaterials/Substrate/Glints2/dict_0003_0197" 8531
"/Engine/EngineMaterials/Substrate/Glints2/dict_0003_0196" 8532
"/Engine/EngineMaterials/Substrate/Glints2/dict_0003_0194" 8533
"/Engine/EngineMaterials/Substrate/Glints2/dict_0003_0193" 8534
"../../../Engine/Content/EngineMaterials/Substrate/Glints2/dict_0003_0206.uasset" 8535
"/Engine/EngineMaterials/Substrate/Glints2/dict_0003_0192" 8536
"/Engine/EngineMaterials/Substrate/Glints2/dict_0003_0191" 8537
"/Engine/EngineMaterials/Substrate/Glints2/dict_0003_0207" 8538
"/Engine/EngineMaterials/Substrate/Glints2/dict_0003_0205" 8539
"/Engine/EngineMaterials/Substrate/Glints2/dict_0003_0204" 8540
"/Engine/EngineMaterials/Substrate/Glints2/dict_0003_0202" 8541
"../../../Engine/Content/EngineMaterials/Substrate/Glints2/dict_0003_0217.uasset" 8542
"../../../Engine/Content/EngineMaterials/Substrate/Glints2/dict_0003_0214.uasset" 8543
"../../../Engine/Content/EngineMaterials/Substrate/Glints2/dict_0003_0216.uasset" 8544
"../../../Engine/Content/EngineMaterials/Substrate/Glints2/dict_0003_0213.uasset" 8545
"../../../Engine/Content/EngineMaterials/Substrate/Glints2/dict_0003_0208.uasset" 8546
"../../../Engine/Content/EngineMaterials/Substrate/Glints2/dict_0003_0209.uasset" 8547
"../../../Engine/Content/EngineMaterials/Substrate/Glints2/dict_0003_0212.uasset" 8548
"../../../Engine/Content/EngineMaterials/Substrate/Glints2/dict_0003_0219.uasset" 8549
"../../../Engine/Content/EngineMaterials/Substrate/Glints2/dict_0003_0210.uasset" 8550
"../../../Engine/Content/EngineMaterials/Substrate/Glints2/dict_0003_0211.uasset" 8551
"/Engine/EngineMaterials/Substrate/Glints2/dict_0003_0206" 8552
"../../../Engine/Content/EngineMaterials/Substrate/Glints2/dict_0003_0218.uasset" 8553
"/Engine/EngineMaterials/Substrate/Glints2/dict_0003_0201" 8554
"/Engine/EngineMaterials/Substrate/Glints2/dict_0003_0203" 8555
"../../../Engine/Content/EngineMaterials/Substrate/Glints2/dict_0003_0215.uasset" 8556
"/Engine/EngineMaterials/Substrate/Glints2/dict_0003_0200" 8557
"/Engine/EngineMaterials/Substrate/Glints2/dict_0003_0198" 8558
"/Engine/EngineMaterials/Substrate/Glints2/dict_0003_0219" 8559
"/Engine/EngineMaterials/Substrate/Glints2/dict_0003_0218" 8560
"/Engine/EngineMaterials/Substrate/Glints2/dict_0003_0217" 8561
"../../../Engine/Content/EngineMaterials/Substrate/Glints2/dict_0003_0221.uasset" 8562
"../../../Engine/Content/EngineMaterials/Substrate/Glints2/dict_0003_0220.uasset" 8563
"/Engine/EngineMaterials/Substrate/Glints2/dict_0003_0216" 8564
"/Engine/EngineMaterials/Substrate/Glints2/dict_0003_0215" 8565
"/Engine/EngineMaterials/Substrate/Glints2/dict_0003_0214" 8566
"/Engine/EngineMaterials/Substrate/Glints2/dict_0003_0213" 8567
"/Engine/EngineMaterials/Substrate/Glints2/dict_0003_0212" 8568
"../../../Engine/Content/EngineMaterials/Substrate/Glints2/dict_0003_0224.uasset" 8569
"../../../Engine/Content/EngineMaterials/Substrate/Glints2/dict_0003_0230.uasset" 8570
"../../../Engine/Content/EngineMaterials/Substrate/Glints2/dict_0003_0227.uasset" 8571
"../../../Engine/Content/EngineMaterials/Substrate/Glints2/dict_0003_0225.uasset" 8572
"../../../Engine/Content/EngineMaterials/Substrate/Glints2/dict_0003_0228.uasset" 8573
"/Engine/EngineMaterials/Substrate/Glints2/dict_0003_0211" 8574
"../../../Engine/Content/EngineMaterials/Substrate/Glints2/dict_0003_0222.uasset" 8575
"../../../Engine/Content/EngineMaterials/Substrate/Glints2/dict_0003_0229.uasset" 8576
"../../../Engine/Content/EngineMaterials/Substrate/Glints2/dict_0003_0223.uasset" 8577
"/Engine/EngineMaterials/Substrate/Glints2/dict_0003_0210" 8578
"/Engine/EngineMaterials/Substrate/Glints2/dict_0003_0209" 8579
"../../../Engine/Content/EngineMaterials/Substrate/Glints2/dict_0003_0226.uasset" 8580
"/Engine/EngineMaterials/Substrate/Glints2/dict_0003_0208" 8581
"/Engine/EngineMaterials/Substrate/Glints2/dict_0003_0230" 8582
"/Engine/EngineMaterials/Substrate/Glints2/dict_0003_0229" 8583
"../../../Engine/Content/EngineMaterials/Substrate/Glints2/dict_0003_0231.uasset" 8584
"/Engine/EngineMaterials/Substrate/Glints2/dict_0003_0228" 8585
"/Engine/EngineMaterials/Substrate/Glints2/dict_0003_0227" 8586
"../../../Engine/Content/EngineMaterials/Substrate/Glints2/dict_0003_0232.uasset" 8587
"/Engine/EngineMaterials/Substrate/Glints2/dict_0003_0226" 8588
"/Engine/EngineMaterials/Substrate/Glints2/dict_0003_0225" 8589
"/Engine/EngineMaterials/Substrate/Glints2/dict_0003_0224" 8590
"/Engine/EngineMaterials/Substrate/Glints2/dict_0003_0223" 8591
"/Engine/EngineMaterials/Substrate/Glints2/dict_0003_0222" 8592
"/Engine/EngineMaterials/Substrate/Glints2/dict_0003_0221" 8593
"/Engine/EngineMaterials/Substrate/Glints2/dict_0003_0220" 8594
"../../../Engine/Content/EngineMaterials/Substrate/Glints2/dict_0003_0233.uasset" 8595
"../../../Engine/Content/EngineMaterials/Substrate/Glints2/dict_0003_0235.uasset" 8596
"../../../Engine/Content/EngineMaterials/Substrate/Glints2/dict_0003_0239.uasset" 8597
"/Engine/EngineMaterials/Substrate/Glints2/dict_0003_0235" 8598
"../../../Engine/Content/EngineMaterials/Substrate/Glints2/dict_0003_0236.uasset" 8599
"../../../Engine/Content/EngineMaterials/Substrate/Glints2/dict_0003_0238.uasset" 8600
"../../../Engine/Content/EngineMaterials/Substrate/Glints2/dict_0003_0234.uasset" 8601
"/Engine/EngineMaterials/Substrate/Glints2/dict_0003_0232" 8602
"../../../Engine/Content/EngineMaterials/Substrate/Glints2/dict_0003_0237.uasset" 8603
"../../../Engine/Content/EngineMaterials/Substrate/Glints2/dict_0003_0243.uasset" 8604
"/Engine/EngineMaterials/Substrate/Glints2/dict_0003_0231" 8605
"../../../Engine/Content/EngineMaterials/Substrate/Glints2/dict_0003_0244.uasset" 8606
"../../../Engine/Content/EngineMaterials/Substrate/Glints2/dict_0003_0240.uasset" 8607
"/Engine/EngineMaterials/Substrate/Glints2/dict_0003_0239" 8608
"../../../Engine/Content/EngineMaterials/Substrate/Glints2/dict_0003_0245.uasset" 8609
"/Engine/EngineMaterials/Substrate/Glints2/dict_0003_0238" 8610
"/Engine/EngineMaterials/Substrate/Glints2/dict_0003_0237" 8611
"../../../Engine/Content/EngineMaterials/Substrate/Glints2/dict_0003_0241.uasset" 8612
"/Engine/EngineMaterials/Substrate/Glints2/dict_0003_0236" 8613
"/Engine/EngineMaterials/Substrate/Glints2/dict_0003_0234" 8614
"/Engine/EngineMaterials/Substrate/Glints2/dict_0003_0233" 8615
"/Engine/EngineMaterials/Substrate/Glints2/dict_0003_0244" 8616
"/Engine/EngineMaterials/Substrate/Glints2/dict_0003_0243" 8617
"/Engine/EngineMaterials/Substrate/Glints2/dict_0003_0240" 8618
"/Engine/EngineMaterials/Substrate/Glints2/dict_0003_0245" 8619
"/Engine/EngineMaterials/Substrate/Glints2/dict_0003_0241" 8620
"../../../Engine/Content/EngineMaterials/Substrate/Glints2/dict_0003_0248.uasset" 8621
"../../../Engine/Content/EngineMaterials/Substrate/Glints2/dict_0003_0251.uasset" 8622
"../../../Engine/Content/EngineMaterials/Substrate/Glints2/dict_0003_0247.uasset" 8623
"../../../Engine/Content/EngineMaterials/Substrate/Glints2/dict_0003_0246.uasset" 8624
"../../../Engine/Content/EngineMaterials/Substrate/Glints2/dict_0003_0253.uasset" 8625
"../../../Engine/Content/EngineMaterials/Substrate/Glints2/dict_0004_0000.uasset" 8626
"../../../Engine/Content/EngineMaterials/Substrate/Glints2/dict_0003_0250.uasset" 8627
"../../../Engine/Content/EngineMaterials/Substrate/Glints2/dict_0003_0249.uasset" 8628
"../../../Engine/Content/EngineMaterials/Substrate/Glints2/dict_0003_0254.uasset" 8629
"../../../Engine/Content/EngineMaterials/Substrate/Glints2/dict_0003_0242.uasset" 8630
"../../../Engine/Content/EngineMaterials/Substrate/Glints2/dict_0003_0252.uasset" 8631
"../../../Engine/Content/EngineMaterials/Substrate/Glints2/dict_0004_0001.uasset" 8632
"../../../Engine/Content/EngineMaterials/Substrate/Glints2/dict_0003_0255.uasset" 8633
"../../../Engine/Content/EngineMaterials/Substrate/Glints2/dict_0004_0004.uasset" 8634
"../../../Engine/Content/EngineMaterials/Substrate/Glints2/dict_0004_0006.uasset" 8635
"../../../Engine/Content/EngineMaterials/Substrate/Glints2/dict_0004_0005.uasset" 8636
"../../../Engine/Content/EngineMaterials/Substrate/Glints2/dict_0004_0003.uasset" 8637
"/Engine/EngineMaterials/Substrate/Glints2/dict_0003_0251" 8638
"/Engine/EngineMaterials/Substrate/Glints2/dict_0003_0250" 8639
"/Engine/EngineMaterials/Substrate/Glints2/dict_0004_0001" 8640
"/Engine/EngineMaterials/Substrate/Glints2/dict_0003_0249" 8641
"../../../Engine/Content/EngineMaterials/Substrate/Glints2/dict_0004_0013.uasset" 8642
"../../../Engine/Content/EngineMaterials/Substrate/Glints2/dict_0004_0009.uasset" 8643
"../../../Engine/Content/EngineMaterials/Substrate/Glints2/dict_0004_0007.uasset" 8644
"/Engine/EngineMaterials/Substrate/Glints2/dict_0003_0248" 8645
"../../../Engine/Content/EngineMaterials/Substrate/Glints2/dict_0004_0011.uasset" 8646
"../../../Engine/Content/EngineMaterials/Substrate/Glints2/dict_0004_0008.uasset" 8647
"../../../Engine/Content/EngineMaterials/Substrate/Glints2/dict_0004_0010.uasset" 8648
"/Engine/EngineMaterials/Substrate/Glints2/dict_0004_0000" 8649
"/Engine/EngineMaterials/Substrate/Glints2/dict_0003_0247" 8650
"/Engine/EngineMaterials/Substrate/Glints2/dict_0003_0246" 8651
"../../../Engine/Content/EngineMaterials/Substrate/Glints2/dict_0004_0002.uasset" 8652
"/Engine/EngineMaterials/Substrate/Glints2/dict_0003_0255" 8653
"/Engine/EngineMaterials/Substrate/Glints2/dict_0003_0254" 8654
"/Engine/EngineMaterials/Substrate/Glints2/dict_0003_0253" 8655
"/Engine/EngineMaterials/Substrate/Glints2/dict_0003_0252" 8656
"/Engine/EngineMaterials/Substrate/Glints2/dict_0003_0242" 8657
"/Engine/EngineMaterials/Substrate/Glints2/dict_0004_0006" 8658
"/Engine/EngineMaterials/Substrate/Glints2/dict_0004_0005" 8659
"/Engine/EngineMaterials/Substrate/Glints2/dict_0004_0004" 8660
"/Engine/EngineMaterials/Substrate/Glints2/dict_0004_0003" 8661
"../../../Engine/Content/EngineMaterials/Substrate/Glints2/dict_0004_0015.uasset" 8662
"../../../Engine/Content/EngineMaterials/Substrate/Glints2/dict_0004_0018.uasset" 8663
"/Engine/EngineMaterials/Substrate/Glints2/dict_0004_0009" 8664
"../../../Engine/Content/EngineMaterials/Substrate/Glints2/dict_0004_0017.uasset" 8665
"/Engine/EngineMaterials/Substrate/Glints2/dict_0004_0013" 8666
"/Engine/EngineMaterials/Substrate/Glints2/dict_0004_0008" 8667
"../../../Engine/Content/EngineMaterials/Substrate/Glints2/dict_0004_0016.uasset" 8668
"../../../Engine/Content/EngineMaterials/Substrate/Glints2/dict_0004_0019.uasset" 8669
"../../../Engine/Content/EngineMaterials/Substrate/Glints2/dict_0004_0012.uasset" 8670
"../../../Engine/Content/EngineMaterials/Substrate/Glints2/dict_0004_0020.uasset" 8671
"/Engine/EngineMaterials/Substrate/Glints2/dict_0004_0002" 8672
"../../../Engine/Content/EngineMaterials/Substrate/Glints2/dict_0004_0014.uasset" 8673
"/Engine/EngineMaterials/Substrate/Glints2/dict_0004_0007" 8674
"/Engine/EngineMaterials/Substrate/Glints2/dict_0004_0011" 8675
"/Engine/EngineMaterials/Substrate/Glints2/dict_0004_0010" 8676
"/Engine/EngineMaterials/Substrate/Glints2/dict_0004_0018" 8677
"/Engine/EngineMaterials/Substrate/Glints2/dict_0004_0017" 8678
"/Engine/EngineMaterials/Substrate/Glints2/dict_0004_0016" 8679
"/Engine/EngineMaterials/Substrate/Glints2/dict_0004_0015" 8680
"/Engine/EngineMaterials/Substrate/Glints2/dict_0004_0014" 8681
"/Engine/EngineMaterials/Substrate/Glints2/dict_0004_0020" 8682
"../../../Engine/Content/EngineMaterials/Substrate/Glints2/dict_0004_0023.uasset" 8683
"../../../Engine/Content/EngineMaterials/Substrate/Glints2/dict_0004_0021.uasset" 8684
"/Engine/EngineMaterials/Substrate/Glints2/dict_0004_0012" 8685
"/Engine/EngineMaterials/Substrate/Glints2/dict_0004_0019" 8686
"../../../Engine/Content/EngineMaterials/Substrate/Glints2/dict_0004_0025.uasset" 8687
"/Engine/EngineMaterials/Substrate/Glints2/dict_0004_0025" 8688
"../../../Engine/Content/EngineMaterials/Substrate/Glints2/dict_0004_0027.uasset" 8689
"../../../Engine/Content/EngineMaterials/Substrate/Glints2/dict_0004_0029.uasset" 8690
"/Engine/EngineMaterials/Substrate/Glints2/dict_0004_0023" 8691
"/Engine/EngineMaterials/Substrate/Glints2/dict_0004_0021" 8692
"../../../Engine/Content/EngineMaterials/Substrate/Glints2/dict_0004_0024.uasset" 8693
"../../../Engine/Content/EngineMaterials/Substrate/Glints2/dict_0004_0028.uasset" 8694
"../../../Engine/Content/EngineMaterials/Substrate/Glints2/dict_0004_0022.uasset" 8695
"/Engine/EngineMaterials/Substrate/Glints2/dict_0004_0029" 8696
"/Engine/EngineMaterials/Substrate/Glints2/dict_0004_0028" 8697
"../../../Engine/Content/EngineMaterials/Substrate/Glints2/dict_0004_0026.uasset" 8698
"/Engine/EngineMaterials/Substrate/Glints2/dict_0004_0027" 8699
"/Engine/EngineMaterials/Substrate/Glints2/dict_0004_0024" 8700
"/Engine/EngineMaterials/Substrate/Glints2/dict_0004_0026" 8701
"/Engine/EngineMaterials/Substrate/Glints2/dict_0004_0022" 8702
"../../../Engine/Content/EngineMaterials/Substrate/Glints2/dict_0004_0032.uasset" 8703
"../../../Engine/Content/EngineMaterials/Substrate/Glints2/dict_0004_0031.uasset" 8704
"../../../Engine/Content/EngineMaterials/Substrate/Glints2/dict_0004_0034.uasset" 8705
"../../../Engine/Content/EngineMaterials/Substrate/Glints2/dict_0004_0035.uasset" 8706
"../../../Engine/Content/EngineMaterials/Substrate/Glints2/dict_0004_0039.uasset" 8707
"../../../Engine/Content/EngineMaterials/Substrate/Glints2/dict_0004_0041.uasset" 8708
"../../../Engine/Content/EngineMaterials/Substrate/Glints2/dict_0004_0038.uasset" 8709
"../../../Engine/Content/EngineMaterials/Substrate/Glints2/dict_0004_0040.uasset" 8710
"../../../Engine/Content/EngineMaterials/Substrate/Glints2/dict_0004_0036.uasset" 8711
"../../../Engine/Content/EngineMaterials/Substrate/Glints2/dict_0004_0037.uasset" 8712
"../../../Engine/Content/EngineMaterials/Substrate/Glints2/dict_0004_0030.uasset" 8713
"../../../Engine/Content/EngineMaterials/Substrate/Glints2/dict_0004_0042.uasset" 8714
"../../../Engine/Content/EngineMaterials/Substrate/Glints2/dict_0004_0045.uasset" 8715
"../../../Engine/Content/EngineMaterials/Substrate/Glints2/dict_0004_0044.uasset" 8716
"../../../Engine/Content/EngineMaterials/Substrate/Glints2/dict_0004_0033.uasset" 8717
"../../../Engine/Content/EngineMaterials/Substrate/Glints2/dict_0004_0046.uasset" 8718
"/Engine/EngineMaterials/Substrate/Glints2/dict_0004_0044" 8719
"/Engine/EngineMaterials/Substrate/Glints2/dict_0004_0042" 8720
"../../../Engine/Content/EngineMaterials/Substrate/Glints2/dict_0004_0048.uasset" 8721
"../../../Engine/Content/EngineMaterials/Substrate/Glints2/dict_0004_0043.uasset" 8722
"../../../Engine/Content/EngineMaterials/Substrate/Glints2/dict_0004_0049.uasset" 8723
"../../../Engine/Content/EngineMaterials/Substrate/Glints2/dict_0004_0047.uasset" 8724
"../../../Engine/Content/EngineMaterials/Substrate/Glints2/dict_0004_0050.uasset" 8725
"/Engine/EngineMaterials/Substrate/Glints2/dict_0004_0033" 8726
"/Engine/EngineMaterials/Substrate/Glints2/dict_0004_0041" 8727
"../../../Engine/Content/EngineMaterials/Substrate/Glints2/dict_0004_0053.uasset" 8728
"../../../Engine/Content/EngineMaterials/Substrate/Glints2/dict_0004_0051.uasset" 8729
"/Engine/EngineMaterials/Substrate/Glints2/dict_0004_0032" 8730
"/Engine/EngineMaterials/Substrate/Glints2/dict_0004_0040" 8731
"/Engine/EngineMaterials/Substrate/Glints2/dict_0004_0039" 8732
"/Engine/EngineMaterials/Substrate/Glints2/dict_0004_0038" 8733
"../../../Engine/Content/EngineMaterials/Substrate/Glints2/dict_0004_0055.uasset" 8734
"/Engine/EngineMaterials/Substrate/Glints2/dict_0004_0037" 8735
"../../../Engine/Content/EngineMaterials/Substrate/Glints2/dict_0004_0052.uasset" 8736
"/Engine/EngineMaterials/Substrate/Glints2/dict_0004_0036" 8737
"../../../Engine/Content/EngineMaterials/Substrate/Glints2/dict_0004_0056.uasset" 8738
"/Engine/EngineMaterials/Substrate/Glints2/dict_0004_0031" 8739
"/Engine/EngineMaterials/Substrate/Glints2/dict_0004_0030" 8740
"/Engine/EngineMaterials/Substrate/Glints2/dict_0004_0046" 8741
"/Engine/EngineMaterials/Substrate/Glints2/dict_0004_0035" 8742
"/Engine/EngineMaterials/Substrate/Glints2/dict_0004_0045" 8743
"/Engine/EngineMaterials/Substrate/Glints2/dict_0004_0034" 8744
"/Engine/EngineMaterials/Substrate/Glints2/dict_0004_0052" 8745
"/Engine/EngineMaterials/Substrate/Glints2/dict_0004_0043" 8746
"/Engine/EngineMaterials/Substrate/Glints2/dict_0004_0051" 8747
"../../../Engine/Content/EngineMaterials/Substrate/Glints2/dict_0004_0057.uasset" 8748
"../../../Engine/Content/EngineMaterials/Substrate/Glints2/dict_0004_0054.uasset" 8749
"/Engine/EngineMaterials/Substrate/Glints2/dict_0004_0050" 8750
"/Engine/EngineMaterials/Substrate/Glints2/dict_0004_0049" 8751
"/Engine/EngineMaterials/Substrate/Glints2/dict_0004_0048" 8752
"../../../Engine/Content/EngineMaterials/Substrate/Glints2/dict_0004_0061.uasset" 8753
"../../../Engine/Content/EngineMaterials/Substrate/Glints2/dict_0004_0060.uasset" 8754
"/Engine/EngineMaterials/Substrate/Glints2/dict_0004_0055" 8755
"/Engine/EngineMaterials/Substrate/Glints2/dict_0004_0056" 8756
"/Engine/EngineMaterials/Substrate/Glints2/dict_0004_0047" 8757
"/Engine/EngineMaterials/Substrate/Glints2/dict_0004_0053" 8758
"/Engine/EngineMaterials/Substrate/Glints2/dict_0004_0057" 8759
"/Engine/EngineMaterials/Substrate/Glints2/dict_0004_0061" 8760
"/Engine/EngineMaterials/Substrate/Glints2/dict_0004_0054" 8761
"/Engine/EngineMaterials/Substrate/Glints2/dict_0004_0060" 8762
"../../../Engine/Content/EngineMaterials/Substrate/Glints2/dict_0004_0058.uasset" 8763
"../../../Engine/Content/EngineMaterials/Substrate/Glints2/dict_0004_0066.uasset" 8764
"../../../Engine/Content/EngineMaterials/Substrate/Glints2/dict_0004_0068.uasset" 8765
"../../../Engine/Content/EngineMaterials/Substrate/Glints2/dict_0004_0069.uasset" 8766
"../../../Engine/Content/EngineMaterials/Substrate/Glints2/dict_0004_0059.uasset" 8767
"../../../Engine/Content/EngineMaterials/Substrate/Glints2/dict_0004_0063.uasset" 8768
"../../../Engine/Content/EngineMaterials/Substrate/Glints2/dict_0004_0071.uasset" 8769
"../../../Engine/Content/EngineMaterials/Substrate/Glints2/dict_0004_0067.uasset" 8770
"../../../Engine/Content/EngineMaterials/Substrate/Glints2/dict_0004_0062.uasset" 8771
"../../../Engine/Content/EngineMaterials/Substrate/Glints2/dict_0004_0070.uasset" 8772
"../../../Engine/Content/EngineMaterials/Substrate/Glints2/dict_0004_0064.uasset" 8773
"../../../Engine/Content/EngineMaterials/Substrate/Glints2/dict_0004_0073.uasset" 8774
"../../../Engine/Content/EngineMaterials/Substrate/Glints2/dict_0004_0072.uasset" 8775
"../../../Engine/Content/EngineMaterials/Substrate/Glints2/dict_0004_0065.uasset" 8776
"../../../Engine/Content/EngineMaterials/Substrate/Glints2/dict_0004_0075.uasset" 8777
"../../../Engine/Content/EngineMaterials/Substrate/Glints2/dict_0004_0076.uasset" 8778
"../../../Engine/Content/EngineMaterials/Substrate/Glints2/dict_0004_0083.uasset" 8779
"../../../Engine/Content/EngineMaterials/Substrate/Glints2/dict_0004_0080.uasset" 8780
"../../../Engine/Content/EngineMaterials/Substrate/Glints2/dict_0004_0079.uasset" 8781
"../../../Engine/Content/EngineMaterials/Substrate/Glints2/dict_0004_0082.uasset" 8782
"../../../Engine/Content/EngineMaterials/Substrate/Glints2/dict_0004_0078.uasset" 8783
"/Engine/EngineMaterials/Substrate/Glints2/dict_0004_0073" 8784
"../../../Engine/Content/EngineMaterials/Substrate/Glints2/dict_0004_0084.uasset" 8785
"/Engine/EngineMaterials/Substrate/Glints2/dict_0004_0072" 8786
"../../../Engine/Content/EngineMaterials/Substrate/Glints2/dict_0004_0081.uasset" 8787
"/Engine/EngineMaterials/Substrate/Glints2/dict_0004_0071" 8788
"../../../Engine/Content/EngineMaterials/Substrate/Glints2/dict_0004_0077.uasset" 8789
"../../../Engine/Content/EngineMaterials/Substrate/Glints2/dict_0004_0085.uasset" 8790
"/Engine/EngineMaterials/Substrate/Glints2/dict_0004_0070" 8791
"/Engine/EngineMaterials/Substrate/Glints2/dict_0004_0069" 8792
"../../../Engine/Content/EngineMaterials/Substrate/Glints2/dict_0004_0074.uasset" 8793
"/Engine/EngineMaterials/Substrate/Glints2/dict_0004_0068" 8794
"/Engine/EngineMaterials/Substrate/Glints2/dict_0004_0067" 8795
"/Engine/EngineMaterials/Substrate/Glints2/dict_0004_0066" 8796
"../../../Engine/Content/EngineMaterials/Substrate/Glints2/dict_0004_0086.uasset" 8797
"/Engine/EngineMaterials/Substrate/Glints2/dict_0004_0059" 8798
"/Engine/EngineMaterials/Substrate/Glints2/dict_0004_0058" 8799
"/Engine/EngineMaterials/Substrate/Glints2/dict_0004_0065" 8800
"/Engine/EngineMaterials/Substrate/Glints2/dict_0004_0064" 8801
"../../../Engine/Content/EngineMaterials/Substrate/Glints2/dict_0004_0087.uasset" 8802
"/Engine/EngineMaterials/Substrate/Glints2/dict_0004_0063" 8803
"/Engine/EngineMaterials/Substrate/Glints2/dict_0004_0062" 8804
"/Engine/EngineMaterials/Substrate/Glints2/dict_0004_0087" 8805
"/Engine/EngineMaterials/Substrate/Glints2/dict_0004_0077" 8806
"../../../Engine/Content/EngineMaterials/Substrate/Glints2/dict_0004_0090.uasset" 8807
"../../../Engine/Content/EngineMaterials/Substrate/Glints2/dict_0004_0089.uasset" 8808
"/Engine/EngineMaterials/Substrate/Glints2/dict_0004_0086" 8809
"/Engine/EngineMaterials/Substrate/Glints2/dict_0004_0076" 8810
"../../../Engine/Content/EngineMaterials/Substrate/Glints2/dict_0004_0088.uasset" 8811
"../../../Engine/Content/EngineMaterials/Substrate/Glints2/dict_0004_0091.uasset" 8812
"/Engine/EngineMaterials/Substrate/Glints2/dict_0004_0075" 8813
"/Engine/EngineMaterials/Substrate/Glints2/dict_0004_0074" 8814
"/Engine/EngineMaterials/Substrate/Glints2/dict_0004_0085" 8815
"/Engine/EngineMaterials/Substrate/Glints2/dict_0004_0084" 8816
"/Engine/EngineMaterials/Substrate/Glints2/dict_0004_0083" 8817
"/Engine/EngineMaterials/Substrate/Glints2/dict_0004_0082" 8818
"/Engine/EngineMaterials/Substrate/Glints2/dict_0004_0081" 8819
"/Engine/EngineMaterials/Substrate/Glints2/dict_0004_0080" 8820
"/Engine/EngineMaterials/Substrate/Glints2/dict_0004_0079" 8821
"/Engine/EngineMaterials/Substrate/Glints2/dict_0004_0078" 8822
"/Engine/EngineMaterials/Substrate/Glints2/dict_0004_0091" 8823
"/Engine/EngineMaterials/Substrate/Glints2/dict_0004_0090" 8824
"/Engine/EngineMaterials/Substrate/Glints2/dict_0004_0089" 8825
"/Engine/EngineMaterials/Substrate/Glints2/dict_0004_0088" 8826
"../../../Engine/Content/EngineMaterials/Substrate/Glints2/dict_0004_0097.uasset" 8827
"../../../Engine/Content/EngineMaterials/Substrate/Glints2/dict_0004_0092.uasset" 8828
"../../../Engine/Content/EngineMaterials/Substrate/Glints2/dict_0004_0095.uasset" 8829
"../../../Engine/Content/EngineMaterials/Substrate/Glints2/dict_0004_0096.uasset" 8830
"../../../Engine/Content/EngineMaterials/Substrate/Glints2/dict_0004_0094.uasset" 8831
"../../../Engine/Content/EngineMaterials/Substrate/Glints2/dict_0004_0103.uasset" 8832
"../../../Engine/Content/EngineMaterials/Substrate/Glints2/dict_0004_0102.uasset" 8833
"../../../Engine/Content/EngineMaterials/Substrate/Glints2/dict_0004_0100.uasset" 8834
"../../../Engine/Content/EngineMaterials/Substrate/Glints2/dict_0004_0101.uasset" 8835
"../../../Engine/Content/EngineMaterials/Substrate/Glints2/dict_0004_0105.uasset" 8836
"../../../Engine/Content/EngineMaterials/Substrate/Glints2/dict_0004_0099.uasset" 8837
"../../../Engine/Content/EngineMaterials/Substrate/Glints2/dict_0004_0093.uasset" 8838
"../../../Engine/Content/EngineMaterials/Substrate/Glints2/dict_0004_0098.uasset" 8839
"../../../Engine/Content/EngineMaterials/Substrate/Glints2/dict_0004_0104.uasset" 8840
"../../../Engine/Content/EngineMaterials/Substrate/Glints2/dict_0004_0112.uasset" 8841
"../../../Engine/Content/EngineMaterials/Substrate/Glints2/dict_0004_0108.uasset" 8842
"../../../Engine/Content/EngineMaterials/Substrate/Glints2/dict_0004_0106.uasset" 8843
"../../../Engine/Content/EngineMaterials/Substrate/Glints2/dict_0004_0114.uasset" 8844
"/Engine/EngineMaterials/Substrate/Glints2/dict_0004_0105" 8845
"../../../Engine/Content/EngineMaterials/Substrate/Glints2/dict_0004_0115.uasset" 8846
"../../../Engine/Content/EngineMaterials/Substrate/Glints2/dict_0004_0109.uasset" 8847
"../../../Engine/Content/EngineMaterials/Substrate/Glints2/dict_0004_0111.uasset" 8848
"../../../Engine/Content/EngineMaterials/Substrate/Glints2/dict_0004_0107.uasset" 8849
"../../../Engine/Content/EngineMaterials/Substrate/Glints2/dict_0004_0110.uasset" 8850
"/Engine/EngineMaterials/Substrate/Glints2/dict_0004_0112" 8851
"/Engine/EngineMaterials/Substrate/Glints2/dict_0004_0104" 8852
"../../../Engine/Content/EngineMaterials/Substrate/Glints2/dict_0004_0117.uasset" 8853
"/Engine/EngineMaterials/Substrate/Glints2/dict_0004_0103" 8854
"/Engine/EngineMaterials/Substrate/Glints2/dict_0004_0102" 8855
"/Engine/EngineMaterials/Substrate/Glints2/dict_0004_0101" 8856
"/Engine/EngineMaterials/Substrate/Glints2/dict_0004_0100" 8857
"/Engine/EngineMaterials/Substrate/Glints2/dict_0004_0099" 8858
"../../../Engine/Content/EngineMaterials/Substrate/Glints2/dict_0004_0113.uasset" 8859
"/Engine/EngineMaterials/Substrate/Glints2/dict_0004_0098" 8860
"../../../Engine/Content/EngineMaterials/Substrate/Glints2/dict_0004_0116.uasset" 8861
"../../../Engine/Content/EngineMaterials/Substrate/Glints2/dict_0004_0119.uasset" 8862
"../../../Engine/Content/EngineMaterials/Substrate/Glints2/dict_0004_0118.uasset" 8863
"/Engine/EngineMaterials/Substrate/Glints2/dict_0004_0097" 8864
"/Engine/EngineMaterials/Substrate/Glints2/dict_0004_0096" 8865
"../../../Engine/Content/EngineMaterials/Substrate/Glints2/dict_0004_0121.uasset" 8866
"/Engine/EngineMaterials/Substrate/Glints2/dict_0004_0108" 8867
"../../../Engine/Content/EngineMaterials/Substrate/Glints2/dict_0004_0122.uasset" 8868
"../../../Engine/Content/EngineMaterials/Substrate/Glints2/dict_0004_0120.uasset" 8869
"/Engine/EngineMaterials/Substrate/Glints2/dict_0004_0095" 8870
"/Engine/EngineMaterials/Substrate/Glints2/dict_0004_0094" 8871
"../../../Engine/Content/EngineMaterials/Substrate/Glints2/dict_0004_0123.uasset" 8872
"/Engine/EngineMaterials/Substrate/Glints2/dict_0004_0106" 8873
"/Engine/EngineMaterials/Substrate/Glints2/dict_0004_0093" 8874
"/Engine/EngineMaterials/Substrate/Glints2/dict_0004_0092" 8875
"/Engine/EngineMaterials/Substrate/Glints2/dict_0004_0119" 8876
"/Engine/EngineMaterials/Substrate/Glints2/dict_0004_0118" 8877
"/Engine/EngineMaterials/Substrate/Glints2/dict_0004_0117" 8878
"/Engine/EngineMaterials/Substrate/Glints2/dict_0004_0116" 8879
"/Engine/EngineMaterials/Substrate/Glints2/dict_0004_0115" 8880
"/Engine/EngineMaterials/Substrate/Glints2/dict_0004_0114" 8881
"/Engine/EngineMaterials/Substrate/Glints2/dict_0004_0113" 8882
"/Engine/EngineMaterials/Substrate/Glints2/dict_0004_0111" 8883
"/Engine/EngineMaterials/Substrate/Glints2/dict_0004_0110" 8884
"/Engine/EngineMaterials/Substrate/Glints2/dict_0004_0123" 8885
"/Engine/EngineMaterials/Substrate/Glints2/dict_0004_0122" 8886
"/Engine/EngineMaterials/Substrate/Glints2/dict_0004_0109" 8887
"/Engine/EngineMaterials/Substrate/Glints2/dict_0004_0121" 8888
"/Engine/EngineMaterials/Substrate/Glints2/dict_0004_0107" 8889
"/Engine/EngineMaterials/Substrate/Glints2/dict_0004_0120" 8890
"../../../Engine/Content/EngineMaterials/Substrate/Glints2/dict_0004_0125.uasset" 8891
"../../../Engine/Content/EngineMaterials/Substrate/Glints2/dict_0004_0130.uasset" 8892
"../../../Engine/Content/EngineMaterials/Substrate/Glints2/dict_0004_0131.uasset" 8893
"../../../Engine/Content/EngineMaterials/Substrate/Glints2/dict_0004_0127.uasset" 8894
"../../../Engine/Content/EngineMaterials/Substrate/Glints2/dict_0004_0134.uasset" 8895
"../../../Engine/Content/EngineMaterials/Substrate/Glints2/dict_0004_0137.uasset" 8896
"../../../Engine/Content/EngineMaterials/Substrate/Glints2/dict_0004_0128.uasset" 8897
"../../../Engine/Content/EngineMaterials/Substrate/Glints2/dict_0004_0129.uasset" 8898
"../../../Engine/Content/EngineMaterials/Substrate/Glints2/dict_0004_0132.uasset" 8899
"../../../Engine/Content/EngineMaterials/Substrate/Glints2/dict_0004_0133.uasset" 8900
"../../../Engine/Content/EngineMaterials/Substrate/Glints2/dict_0004_0135.uasset" 8901
"../../../Engine/Content/EngineMaterials/Substrate/Glints2/dict_0004_0126.uasset" 8902
"../../../Engine/Content/EngineMaterials/Substrate/Glints2/dict_0004_0136.uasset" 8903
"../../../Engine/Content/EngineMaterials/Substrate/Glints2/dict_0004_0124.uasset" 8904
"/Engine/EngineMaterials/Substrate/Glints2/dict_0004_0137" 8905
"/Engine/EngineMaterials/Substrate/Glints2/dict_0004_0136" 8906
"/Engine/EngineMaterials/Substrate/Glints2/dict_0004_0135" 8907
"/Engine/EngineMaterials/Substrate/Glints2/dict_0004_0134" 8908
"/Engine/EngineMaterials/Substrate/Glints2/dict_0004_0133" 8909
"/Engine/EngineMaterials/Substrate/Glints2/dict_0004_0132" 8910
"../../../Engine/Content/EngineMaterials/Substrate/Glints2/dict_0004_0150.uasset" 8911
"../../../Engine/Content/EngineMaterials/Substrate/Glints2/dict_0004_0142.uasset" 8912
"../../../Engine/Content/EngineMaterials/Substrate/Glints2/dict_0004_0138.uasset" 8913
"../../../Engine/Content/EngineMaterials/Substrate/Glints2/dict_0004_0147.uasset" 8914
"../../../Engine/Content/EngineMaterials/Substrate/Glints2/dict_0004_0140.uasset" 8915
"../../../Engine/Content/EngineMaterials/Substrate/Glints2/dict_0004_0141.uasset" 8916
"../../../Engine/Content/EngineMaterials/Substrate/Glints2/dict_0004_0144.uasset" 8917
"/Engine/EngineMaterials/Substrate/Glints2/dict_0004_0131" 8918
"../../../Engine/Content/EngineMaterials/Substrate/Glints2/dict_0004_0143.uasset" 8919
"../../../Engine/Content/EngineMaterials/Substrate/Glints2/dict_0004_0149.uasset" 8920
"../../../Engine/Content/EngineMaterials/Substrate/Glints2/dict_0004_0145.uasset" 8921
"/Engine/EngineMaterials/Substrate/Glints2/dict_0004_0130" 8922
"../../../Engine/Content/EngineMaterials/Substrate/Glints2/dict_0004_0146.uasset" 8923
"../../../Engine/Content/EngineMaterials/Substrate/Glints2/dict_0004_0148.uasset" 8924
"/Engine/EngineMaterials/Substrate/Glints2/dict_0004_0129" 8925
"/Engine/EngineMaterials/Substrate/Glints2/dict_0004_0128" 8926
"../../../Engine/Content/EngineMaterials/Substrate/Glints2/dict_0004_0151.uasset" 8927
"/Engine/EngineMaterials/Substrate/Glints2/dict_0004_0127" 8928
"/Engine/EngineMaterials/Substrate/Glints2/dict_0004_0126" 8929
"/Engine/EngineMaterials/Substrate/Glints2/dict_0004_0125" 8930
"../../../Engine/Content/EngineMaterials/Substrate/Glints2/dict_0004_0139.uasset" 8931
"/Engine/EngineMaterials/Substrate/Glints2/dict_0004_0124" 8932
"/Engine/EngineMaterials/Substrate/Glints2/dict_0004_0151" 8933
"/Engine/EngineMaterials/Substrate/Glints2/dict_0004_0150" 8934
"/Engine/EngineMaterials/Substrate/Glints2/dict_0004_0140" 8935
"/Engine/EngineMaterials/Substrate/Glints2/dict_0004_0149" 8936
"/Engine/EngineMaterials/Substrate/Glints2/dict_0004_0139" 8937
"/Engine/EngineMaterials/Substrate/Glints2/dict_0004_0148" 8938
"/Engine/EngineMaterials/Substrate/Glints2/dict_0004_0138" 8939
"/Engine/EngineMaterials/Substrate/Glints2/dict_0004_0147" 8940
"/Engine/EngineMaterials/Substrate/Glints2/dict_0004_0146" 8941
"/Engine/EngineMaterials/Substrate/Glints2/dict_0004_0145" 8942
"/Engine/EngineMaterials/Substrate/Glints2/dict_0004_0144" 8943
"/Engine/EngineMaterials/Substrate/Glints2/dict_0004_0143" 8944
"/Engine/EngineMaterials/Substrate/Glints2/dict_0004_0142" 8945
"/Engine/EngineMaterials/Substrate/Glints2/dict_0004_0141" 8946
"../../../Engine/Content/EngineMaterials/Substrate/Glints2/dict_0004_0155.uasset" 8947
"../../../Engine/Content/EngineMaterials/Substrate/Glints2/dict_0004_0152.uasset" 8948
"../../../Engine/Content/EngineMaterials/Substrate/Glints2/dict_0004_0153.uasset" 8949
"../../../Engine/Content/EngineMaterials/Substrate/Glints2/dict_0004_0154.uasset" 8950
"../../../Engine/Content/EngineMaterials/Substrate/Glints2/dict_0004_0162.uasset" 8951
"../../../Engine/Content/EngineMaterials/Substrate/Glints2/dict_0004_0163.uasset" 8952
"../../../Engine/Content/EngineMaterials/Substrate/Glints2/dict_0004_0164.uasset" 8953
"../../../Engine/Content/EngineMaterials/Substrate/Glints2/dict_0004_0165.uasset" 8954
"../../../Engine/Content/EngineMaterials/Substrate/Glints2/dict_0004_0157.uasset" 8955
"../../../Engine/Content/EngineMaterials/Substrate/Glints2/dict_0004_0158.uasset" 8956
"../../../Engine/Content/EngineMaterials/Substrate/Glints2/dict_0004_0156.uasset" 8957
"../../../Engine/Content/EngineMaterials/Substrate/Glints2/dict_0004_0160.uasset" 8958
"../../../Engine/Content/EngineMaterials/Substrate/Glints2/dict_0004_0159.uasset" 8959
"../../../Engine/Content/EngineMaterials/Substrate/Glints2/dict_0004_0167.uasset" 8960
"../../../Engine/Content/EngineMaterials/Substrate/Glints2/dict_0004_0166.uasset" 8961
"../../../Engine/Content/EngineMaterials/Substrate/Glints2/dict_0004_0161.uasset" 8962
"../../../Engine/Content/EngineMaterials/Substrate/Glints2/dict_0004_0171.uasset" 8963
"/Engine/EngineMaterials/Substrate/Glints2/dict_0004_0155" 8964
"../../../Engine/Content/EngineMaterials/Substrate/Glints2/dict_0004_0170.uasset" 8965
"../../../Engine/Content/EngineMaterials/Substrate/Glints2/dict_0004_0172.uasset" 8966
"/Engine/EngineMaterials/Substrate/Glints2/dict_0004_0154" 8967
"/Engine/EngineMaterials/Substrate/Glints2/dict_0004_0153" 8968
"/Engine/EngineMaterials/Substrate/Glints2/dict_0004_0152" 8969
"/Engine/EngineMaterials/Substrate/Glints2/dict_0004_0167" 8970
"../../../Engine/Content/EngineMaterials/Substrate/Glints2/dict_0004_0176.uasset" 8971
"../../../Engine/Content/EngineMaterials/Substrate/Glints2/dict_0004_0169.uasset" 8972
"/Engine/EngineMaterials/Substrate/Glints2/dict_0004_0166" 8973
"../../../Engine/Content/EngineMaterials/Substrate/Glints2/dict_0004_0174.uasset" 8974
"../../../Engine/Content/EngineMaterials/Substrate/Glints2/dict_0004_0173.uasset" 8975
"/Engine/EngineMaterials/Substrate/Glints2/dict_0004_0165" 8976
"../../../Engine/Content/EngineMaterials/Substrate/Glints2/dict_0004_0175.uasset" 8977
"../../../Engine/Content/EngineMaterials/Substrate/Glints2/dict_0004_0168.uasset" 8978
"/Engine/EngineMaterials/Substrate/Glints2/dict_0004_0164" 8979
"/Engine/EngineMaterials/Substrate/Glints2/dict_0004_0163" 8980
"/Engine/EngineMaterials/Substrate/Glints2/dict_0004_0162" 8981
"/Engine/EngineMaterials/Substrate/Glints2/dict_0004_0161" 8982
"/Engine/EngineMaterials/Substrate/Glints2/dict_0004_0171" 8983
"/Engine/EngineMaterials/Substrate/Glints2/dict_0004_0160" 8984
"/Engine/EngineMaterials/Substrate/Glints2/dict_0004_0159" 8985
"/Engine/EngineMaterials/Substrate/Glints2/dict_0004_0158" 8986
"/Engine/EngineMaterials/Substrate/Glints2/dict_0004_0157" 8987
"../../../Engine/Content/EngineMaterials/Substrate/Glints2/dict_0004_0178.uasset" 8988
"../../../Engine/Content/EngineMaterials/Substrate/Glints2/dict_0004_0177.uasset" 8989
"/Engine/EngineMaterials/Substrate/Glints2/dict_0004_0156" 8990
"/Engine/EngineMaterials/Substrate/Glints2/dict_0004_0178" 8991
"/Engine/EngineMaterials/Substrate/Glints2/dict_0004_0177" 8992
"/Engine/EngineMaterials/Substrate/Glints2/dict_0004_0176" 8993
"../../../Engine/Content/EngineMaterials/Substrate/Glints2/dict_0004_0180.uasset" 8994
"../../../Engine/Content/EngineMaterials/Substrate/Glints2/dict_0004_0179.uasset" 8995
"/Engine/EngineMaterials/Substrate/Glints2/dict_0004_0169" 8996
"/Engine/EngineMaterials/Substrate/Glints2/dict_0004_0168" 8997
"/Engine/EngineMaterials/Substrate/Glints2/dict_0004_0175" 8998
"../../../Engine/Content/EngineMaterials/Substrate/Glints2/dict_0004_0182.uasset" 8999
"/Engine/EngineMaterials/Substrate/Glints2/dict_0004_0174" 9000
"/Engine/EngineMaterials/Substrate/Glints2/dict_0004_0173" 9001
"/Engine/EngineMaterials/Substrate/Glints2/dict_0004_0172" 9002
"/Engine/EngineMaterials/Substrate/Glints2/dict_0004_0170" 9003
"/Engine/EngineMaterials/Substrate/Glints2/dict_0004_0182" 9004
"/Engine/EngineMaterials/Substrate/Glints2/dict_0004_0180" 9005
"/Engine/EngineMaterials/Substrate/Glints2/dict_0004_0179" 9006
"../../../Engine/Content/EngineMaterials/Substrate/Glints2/dict_0004_0194.uasset" 9007
"../../../Engine/Content/EngineMaterials/Substrate/Glints2/dict_0004_0190.uasset" 9008
"../../../Engine/Content/EngineMaterials/Substrate/Glints2/dict_0004_0189.uasset" 9009
"../../../Engine/Content/EngineMaterials/Substrate/Glints2/dict_0004_0181.uasset" 9010
"../../../Engine/Content/EngineMaterials/Substrate/Glints2/dict_0004_0193.uasset" 9011
"../../../Engine/Content/EngineMaterials/Substrate/Glints2/dict_0004_0183.uasset" 9012
"../../../Engine/Content/EngineMaterials/Substrate/Glints2/dict_0004_0184.uasset" 9013
"../../../Engine/Content/EngineMaterials/Substrate/Glints2/dict_0004_0186.uasset" 9014
"../../../Engine/Content/EngineMaterials/Substrate/Glints2/dict_0004_0191.uasset" 9015
"../../../Engine/Content/EngineMaterials/Substrate/Glints2/dict_0004_0188.uasset" 9016
"../../../Engine/Content/EngineMaterials/Substrate/Glints2/dict_0004_0195.uasset" 9017
"/Engine/EngineMaterials/Substrate/Glints2/dict_0004_0183" 9018
"/Engine/EngineMaterials/Substrate/Glints2/dict_0004_0181" 9019
"/Engine/EngineMaterials/Substrate/Glints2/dict_0004_0195" 9020
"../../../Engine/Content/EngineMaterials/Substrate/Glints2/dict_0004_0187.uasset" 9021
"/Engine/EngineMaterials/Substrate/Glints2/dict_0004_0194" 9022
"/Engine/EngineMaterials/Substrate/Glints2/dict_0004_0193" 9023
"/Engine/EngineMaterials/Substrate/Glints2/dict_0004_0191" 9024
"../../../Engine/Content/EngineMaterials/Substrate/Glints2/dict_0004_0192.uasset" 9025
"/Engine/EngineMaterials/Substrate/Glints2/dict_0004_0190" 9026
"../../../Engine/Content/EngineMaterials/Substrate/Glints2/dict_0004_0203.uasset" 9027
"../../../Engine/Content/EngineMaterials/Substrate/Glints2/dict_0004_0201.uasset" 9028
"../../../Engine/Content/EngineMaterials/Substrate/Glints2/dict_0004_0196.uasset" 9029
"../../../Engine/Content/EngineMaterials/Substrate/Glints2/dict_0004_0197.uasset" 9030
"/Engine/EngineMaterials/Substrate/Glints2/dict_0004_0189" 9031
"../../../Engine/Content/EngineMaterials/Substrate/Glints2/dict_0004_0200.uasset" 9032
"../../../Engine/Content/EngineMaterials/Substrate/Glints2/dict_0004_0199.uasset" 9033
"/Engine/EngineMaterials/Substrate/Glints2/dict_0004_0188" 9034
"../../../Engine/Content/EngineMaterials/Substrate/Glints2/dict_0004_0205.uasset" 9035
"/Engine/EngineMaterials/Substrate/Glints2/dict_0004_0186" 9036
"../../../Engine/Content/EngineMaterials/Substrate/Glints2/dict_0004_0204.uasset" 9037
"/Engine/EngineMaterials/Substrate/Glints2/dict_0004_0184" 9038
"../../../Engine/Content/EngineMaterials/Substrate/Glints2/dict_0004_0202.uasset" 9039
"/Engine/EngineMaterials/Substrate/Glints2/dict_0004_0200" 9040
"../../../Engine/Content/EngineMaterials/Substrate/Glints2/dict_0004_0198.uasset" 9041
"../../../Engine/Content/EngineMaterials/Substrate/Glints2/dict_0004_0185.uasset" 9042
"/Engine/EngineMaterials/Substrate/Glints2/dict_0004_0199" 9043
"/Engine/EngineMaterials/Substrate/Glints2/dict_0004_0197" 9044
"/Engine/EngineMaterials/Substrate/Glints2/dict_0004_0196" 9045
"/Engine/EngineMaterials/Substrate/Glints2/dict_0004_0192" 9046
"/Engine/EngineMaterials/Substrate/Glints2/dict_0004_0205" 9047
"/Engine/EngineMaterials/Substrate/Glints2/dict_0004_0204" 9048
"/Engine/EngineMaterials/Substrate/Glints2/dict_0004_0203" 9049
"/Engine/EngineMaterials/Substrate/Glints2/dict_0004_0202" 9050
"../../../Engine/Content/EngineMaterials/Substrate/Glints2/dict_0004_0206.uasset" 9051
"/Engine/EngineMaterials/Substrate/Glints2/dict_0004_0201" 9052
"/Engine/EngineMaterials/Substrate/Glints2/dict_0004_0187" 9053
"/Engine/EngineMaterials/Substrate/Glints2/dict_0004_0198" 9054
"/Engine/EngineMaterials/Substrate/Glints2/dict_0004_0206" 9055
"/Engine/EngineMaterials/Substrate/Glints2/dict_0004_0185" 9056
"../../../Engine/Content/EngineMaterials/Substrate/Glints2/dict_0004_0213.uasset" 9057
"../../../Engine/Content/EngineMaterials/Substrate/Glints2/dict_0004_0210.uasset" 9058
"../../../Engine/Content/EngineMaterials/Substrate/Glints2/dict_0004_0207.uasset" 9059
"../../../Engine/Content/EngineMaterials/Substrate/Glints2/dict_0004_0216.uasset" 9060
"../../../Engine/Content/EngineMaterials/Substrate/Glints2/dict_0004_0214.uasset" 9061
"../../../Engine/Content/EngineMaterials/Substrate/Glints2/dict_0004_0212.uasset" 9062
"../../../Engine/Content/EngineMaterials/Substrate/Glints2/dict_0004_0217.uasset" 9063
"../../../Engine/Content/EngineMaterials/Substrate/Glints2/dict_0004_0209.uasset" 9064
"../../../Engine/Content/EngineMaterials/Substrate/Glints2/dict_0004_0211.uasset" 9065
"../../../Engine/Content/EngineMaterials/Substrate/Glints2/dict_0004_0218.uasset" 9066
"../../../Engine/Content/EngineMaterials/Substrate/Glints2/dict_0004_0215.uasset" 9067
"../../../Engine/Content/EngineMaterials/Substrate/Glints2/dict_0004_0220.uasset" 9068
"/Engine/EngineMaterials/Substrate/Glints2/dict_0004_0213" 9069
"../../../Engine/Content/EngineMaterials/Substrate/Glints2/dict_0004_0229.uasset" 9070
"../../../Engine/Content/EngineMaterials/Substrate/Glints2/dict_0004_0219.uasset" 9071
"../../../Engine/Content/EngineMaterials/Substrate/Glints2/dict_0004_0221.uasset" 9072
"../../../Engine/Content/EngineMaterials/Substrate/Glints2/dict_0004_0223.uasset" 9073
"../../../Engine/Content/EngineMaterials/Substrate/Glints2/dict_0004_0226.uasset" 9074
"../../../Engine/Content/EngineMaterials/Substrate/Glints2/dict_0004_0225.uasset" 9075
"../../../Engine/Content/EngineMaterials/Substrate/Glints2/dict_0004_0227.uasset" 9076
"/Engine/EngineMaterials/Substrate/Glints2/dict_0004_0212" 9077
"../../../Engine/Content/EngineMaterials/Substrate/Glints2/dict_0004_0230.uasset" 9078
"/Engine/EngineMaterials/Substrate/Glints2/dict_0004_0211" 9079
"../../../Engine/Content/EngineMaterials/Substrate/Glints2/dict_0004_0228.uasset" 9080
"/Engine/EngineMaterials/Substrate/Glints2/dict_0004_0210" 9081
"/Engine/EngineMaterials/Substrate/Glints2/dict_0004_0209" 9082
"../../../Engine/Content/EngineMaterials/Substrate/Glints2/dict_0004_0224.uasset" 9083
"/Engine/EngineMaterials/Substrate/Glints2/dict_0004_0207" 9084
"/Engine/EngineMaterials/Substrate/Glints2/dict_0004_0220" 9085
"/Engine/EngineMaterials/Substrate/Glints2/dict_0004_0218" 9086
"/Engine/EngineMaterials/Substrate/Glints2/dict_0004_0217" 9087
"/Engine/EngineMaterials/Substrate/Glints2/dict_0004_0216" 9088
"../../../Engine/Content/EngineMaterials/Substrate/Glints2/dict_0004_0231.uasset" 9089
"../../../Engine/Content/EngineMaterials/Substrate/Glints2/dict_0004_0222.uasset" 9090
"/Engine/EngineMaterials/Substrate/Glints2/dict_0004_0215" 9091
"/Engine/EngineMaterials/Substrate/Glints2/dict_0004_0214" 9092
"/Engine/EngineMaterials/Substrate/Glints2/dict_0004_0224" 9093
"/Engine/EngineMaterials/Substrate/Glints2/dict_0004_0223" 9094
"/Engine/EngineMaterials/Substrate/Glints2/dict_0004_0222" 9095
"/Engine/EngineMaterials/Substrate/Glints2/dict_0004_0221" 9096
"/Engine/EngineMaterials/Substrate/Glints2/dict_0004_0231" 9097
"/Engine/EngineMaterials/Substrate/Glints2/dict_0004_0219" 9098
"../../../Engine/Content/EngineMaterials/Substrate/Glints2/dict_0004_0232.uasset" 9099
"/Engine/EngineMaterials/Substrate/Glints2/dict_0004_0230" 9100
"/Engine/EngineMaterials/Substrate/Glints2/dict_0004_0229" 9101
"../../../Engine/Content/EngineMaterials/Substrate/Glints2/dict_0004_0238.uasset" 9102
"../../../Engine/Content/EngineMaterials/Substrate/Glints2/dict_0004_0237.uasset" 9103
"/Engine/EngineMaterials/Substrate/Glints2/dict_0004_0228" 9104
"/Engine/EngineMaterials/Substrate/Glints2/dict_0004_0227" 9105
"../../../Engine/Content/EngineMaterials/Substrate/Glints2/dict_0004_0234.uasset" 9106
"/Engine/EngineMaterials/Substrate/Glints2/dict_0004_0226" 9107
"../../../Engine/Content/EngineMaterials/Substrate/Glints2/dict_0004_0235.uasset" 9108
"/Engine/EngineMaterials/Substrate/Glints2/dict_0004_0225" 9109
"/Engine/EngineMaterials/Substrate/Glints2/dict_0004_0235" 9110
"/Engine/EngineMaterials/Substrate/Glints2/dict_0004_0234" 9111
"/Engine/EngineMaterials/Substrate/Glints2/dict_0004_0238" 9112
"../../../Engine/Content/EngineMaterials/Substrate/Glints2/dict_0004_0233.uasset" 9113
"/Engine/EngineMaterials/Substrate/Glints2/dict_0004_0237" 9114
"/Engine/EngineMaterials/Substrate/Glints2/dict_0004_0232" 9115
"/Engine/EngineMaterials/Substrate/Glints2/dict_0004_0233" 9116
"../../../Engine/Content/EngineMaterials/Substrate/Glints2/dict_0004_0243.uasset" 9117
"../../../Engine/Content/EngineMaterials/Substrate/Glints2/dict_0004_0240.uasset" 9118
"../../../Engine/Content/EngineMaterials/Substrate/Glints2/dict_0004_0239.uasset" 9119
"../../../Engine/Content/EngineMaterials/Substrate/Glints2/dict_0004_0241.uasset" 9120
"../../../Engine/Content/EngineMaterials/Substrate/Glints2/dict_0004_0208.uasset" 9121
"../../../Engine/Content/EngineMaterials/Substrate/Glints2/dict_0004_0236.uasset" 9122
"../../../Engine/Content/EngineMaterials/Substrate/Glints2/dict_0004_0242.uasset" 9123
"../../../Engine/Content/EngineMaterials/Substrate/Glints2/dict_0004_0245.uasset" 9124
"../../../Engine/Content/EngineMaterials/Substrate/Glints2/dict_0004_0244.uasset" 9125
"../../../Engine/Content/EngineMaterials/Substrate/Glints2/dict_0004_0247.uasset" 9126
"../../../Engine/Content/EngineMaterials/Substrate/Glints2/dict_0004_0246.uasset" 9127
"../../../Engine/Content/EngineMaterials/Substrate/Glints2/dict_0004_0248.uasset" 9128
"../../../Engine/Content/EngineMaterials/Substrate/Glints2/dict_0004_0249.uasset" 9129
"/Engine/EngineMaterials/Substrate/Glints2/dict_0004_0249" 9130
"../../../Engine/Content/EngineMaterials/Substrate/Glints2/dict_0004_0252.uasset" 9131
"../../../Engine/Content/EngineMaterials/Substrate/Glints2/dict_0004_0253.uasset" 9132
"../../../Engine/Content/EngineMaterials/Substrate/Glints2/dict_0004_0254.uasset" 9133
"../../../Engine/Content/EngineMaterials/Substrate/Glints2/dict_0004_0251.uasset" 9134
"/Engine/EngineMaterials/Substrate/Glints2/dict_0004_0248" 9135
"/Engine/EngineMaterials/Substrate/Glints2/dict_0004_0247" 9136
"../../../Engine/Content/EngineMaterials/Substrate/Glints2/dict_0005_0005.uasset" 9137
"/Engine/EngineMaterials/Substrate/Glints2/dict_0004_0246" 9138
"../../../Engine/Content/EngineMaterials/Substrate/Glints2/dict_0005_0006.uasset" 9139
"../../../Engine/Content/EngineMaterials/Substrate/Glints2/dict_0005_0007.uasset" 9140
"/Engine/EngineMaterials/Substrate/Glints2/dict_0004_0208" 9141
"../../../Engine/Content/EngineMaterials/Substrate/Glints2/dict_0005_0003.uasset" 9142
"/Engine/EngineMaterials/Substrate/Glints2/dict_0004_0245" 9143
"/Engine/EngineMaterials/Substrate/Glints2/dict_0004_0244" 9144
"/Engine/EngineMaterials/Substrate/Glints2/dict_0004_0243" 9145
"../../../Engine/Content/EngineMaterials/Substrate/Glints2/dict_0005_0002.uasset" 9146
"/Engine/EngineMaterials/Substrate/Glints2/dict_0004_0242" 9147
"/Engine/EngineMaterials/Substrate/Glints2/dict_0004_0241" 9148
"/Engine/EngineMaterials/Substrate/Glints2/dict_0004_0240" 9149
"/Engine/EngineMaterials/Substrate/Glints2/dict_0004_0236" 9150
"/Engine/EngineMaterials/Substrate/Glints2/dict_0004_0239" 9151
"../../../Engine/Content/EngineMaterials/Substrate/Glints2/dict_0004_0250.uasset" 9152
"../../../Engine/Content/EngineMaterials/Substrate/Glints2/dict_0004_0255.uasset" 9153
"/Engine/EngineMaterials/Substrate/Glints2/dict_0005_0006" 9154
"../../../Engine/Content/EngineMaterials/Substrate/Glints2/dict_0005_0001.uasset" 9155
"/Engine/EngineMaterials/Substrate/Glints2/dict_0004_0250" 9156
"/Engine/EngineMaterials/Substrate/Glints2/dict_0005_0005" 9157
"/Engine/EngineMaterials/Substrate/Glints2/dict_0005_0007" 9158
"../../../Engine/Content/EngineMaterials/Substrate/Glints2/dict_0005_0000.uasset" 9159
"/Engine/EngineMaterials/Substrate/Glints2/dict_0005_0003" 9160
"/Engine/EngineMaterials/Substrate/Glints2/dict_0005_0002" 9161
"/Engine/EngineMaterials/Substrate/Glints2/dict_0004_0254" 9162
"/Engine/EngineMaterials/Substrate/Glints2/dict_0004_0253" 9163
"../../../Engine/Content/EngineMaterials/Substrate/Glints2/dict_0005_0012.uasset" 9164
"../../../Engine/Content/EngineMaterials/Substrate/Glints2/dict_0005_0009.uasset" 9165
"/Engine/EngineMaterials/Substrate/Glints2/dict_0004_0252" 9166
"../../../Engine/Content/EngineMaterials/Substrate/Glints2/dict_0005_0010.uasset" 9167
"../../../Engine/Content/EngineMaterials/Substrate/Glints2/dict_0005_0004.uasset" 9168
"../../../Engine/Content/EngineMaterials/Substrate/Glints2/dict_0005_0008.uasset" 9169
"../../../Engine/Content/EngineMaterials/Substrate/Glints2/dict_0005_0011.uasset" 9170
"/Engine/EngineMaterials/Substrate/Glints2/dict_0004_0251" 9171
"/Engine/EngineMaterials/Substrate/Glints2/dict_0005_0011" 9172
"/Engine/EngineMaterials/Substrate/Glints2/dict_0005_0010" 9173
"/Engine/EngineMaterials/Substrate/Glints2/dict_0005_0009" 9174
"/Engine/EngineMaterials/Substrate/Glints2/dict_0005_0012" 9175
"/Engine/EngineMaterials/Substrate/Glints2/dict_0005_0008" 9176
"/Engine/EngineMaterials/Substrate/Glints2/dict_0005_0004" 9177
"/Engine/EngineMaterials/Substrate/Glints2/dict_0005_0001" 9178
"/Engine/EngineMaterials/Substrate/Glints2/dict_0005_0000" 9179
"/Engine/EngineMaterials/Substrate/Glints2/dict_0004_0255" 9180
"../../../Engine/Content/EngineMaterials/Substrate/Glints2/dict_0005_0018.uasset" 9181
"../../../Engine/Content/EngineMaterials/Substrate/Glints2/dict_0005_0014.uasset" 9182
"../../../Engine/Content/EngineMaterials/Substrate/Glints2/dict_0005_0015.uasset" 9183
"../../../Engine/Content/EngineMaterials/Substrate/Glints2/dict_0005_0013.uasset" 9184
"../../../Engine/Content/EngineMaterials/Substrate/Glints2/dict_0005_0019.uasset" 9185
"../../../Engine/Content/EngineMaterials/Substrate/Glints2/dict_0005_0016.uasset" 9186
"../../../Engine/Content/EngineMaterials/Substrate/Glints2/dict_0005_0023.uasset" 9187
"../../../Engine/Content/EngineMaterials/Substrate/Glints2/dict_0005_0024.uasset" 9188
"../../../Engine/Content/EngineMaterials/Substrate/Glints2/dict_0005_0021.uasset" 9189
"../../../Engine/Content/EngineMaterials/Substrate/Glints2/dict_0005_0025.uasset" 9190
"../../../Engine/Content/EngineMaterials/Substrate/Glints2/dict_0005_0017.uasset" 9191
"../../../Engine/Content/EngineMaterials/Substrate/Glints2/dict_0005_0026.uasset" 9192
"../../../Engine/Content/EngineMaterials/Substrate/Glints2/dict_0005_0020.uasset" 9193
"../../../Engine/Content/EngineMaterials/Substrate/Glints2/dict_0005_0022.uasset" 9194
"/Engine/EngineMaterials/Substrate/Glints2/dict_0005_0025" 9195
"/Engine/EngineMaterials/Substrate/Glints2/dict_0005_0024" 9196
"/Engine/EngineMaterials/Substrate/Glints2/dict_0005_0023" 9197
"../../../Engine/Content/EngineMaterials/Substrate/Glints2/dict_0005_0030.uasset" 9198
"../../../Engine/Content/EngineMaterials/Substrate/Glints2/dict_0005_0033.uasset" 9199
"/Engine/EngineMaterials/Substrate/Glints2/dict_0005_0022" 9200
"/Engine/EngineMaterials/Substrate/Glints2/dict_0005_0021" 9201
"../../../Engine/Content/EngineMaterials/Substrate/Glints2/dict_0005_0027.uasset" 9202
"../../../Engine/Content/EngineMaterials/Substrate/Glints2/dict_0005_0028.uasset" 9203
"../../../Engine/Content/EngineMaterials/Substrate/Glints2/dict_0005_0029.uasset" 9204
"/Engine/EngineMaterials/Substrate/Glints2/dict_0005_0020" 9205
"../../../Engine/Content/EngineMaterials/Substrate/Glints2/dict_0005_0034.uasset" 9206
"../../../Engine/Content/EngineMaterials/Substrate/Glints2/dict_0005_0031.uasset" 9207
"/Engine/EngineMaterials/Substrate/Glints2/dict_0005_0019" 9208
"/Engine/EngineMaterials/Substrate/Glints2/dict_0005_0018" 9209
"/Engine/EngineMaterials/Substrate/Glints2/dict_0005_0017" 9210
"/Engine/EngineMaterials/Substrate/Glints2/dict_0005_0016" 9211
"../../../Engine/Content/EngineMaterials/Substrate/Glints2/dict_0005_0036.uasset" 9212
"/Engine/EngineMaterials/Substrate/Glints2/dict_0005_0026" 9213
"/Engine/EngineMaterials/Substrate/Glints2/dict_0005_0015" 9214
"../../../Engine/Content/EngineMaterials/Substrate/Glints2/dict_0005_0038.uasset" 9215
"/Engine/EngineMaterials/Substrate/Glints2/dict_0005_0014" 9216
"../../../Engine/Content/EngineMaterials/Substrate/Glints2/dict_0005_0039.uasset" 9217
"../../../Engine/Content/EngineMaterials/Substrate/Glints2/dict_0005_0037.uasset" 9218
"/Engine/EngineMaterials/Substrate/Glints2/dict_0005_0013" 9219
"/Engine/EngineMaterials/Substrate/Glints2/dict_0005_0034" 9220
"../../../Engine/Content/EngineMaterials/Substrate/Glints2/dict_0005_0040.uasset" 9221
"/Engine/EngineMaterials/Substrate/Glints2/dict_0005_0033" 9222
"/Engine/EngineMaterials/Substrate/Glints2/dict_0005_0039" 9223
"/Engine/EngineMaterials/Substrate/Glints2/dict_0005_0031" 9224
"/Engine/EngineMaterials/Substrate/Glints2/dict_0005_0030" 9225
"/Engine/EngineMaterials/Substrate/Glints2/dict_0005_0038" 9226
"/Engine/EngineMaterials/Substrate/Glints2/dict_0005_0037" 9227
"/Engine/EngineMaterials/Substrate/Glints2/dict_0005_0036" 9228
"../../../Engine/Content/EngineMaterials/Substrate/Glints2/dict_0005_0035.uasset" 9229
"../../../Engine/Content/EngineMaterials/Substrate/Glints2/dict_0005_0032.uasset" 9230
"/Engine/EngineMaterials/Substrate/Glints2/dict_0005_0029" 9231
"/Engine/EngineMaterials/Substrate/Glints2/dict_0005_0028" 9232
"../../../Engine/Content/EngineMaterials/Substrate/Glints2/dict_0005_0044.uasset" 9233
"../../../Engine/Content/EngineMaterials/Substrate/Glints2/dict_0005_0042.uasset" 9234
"../../../Engine/Content/EngineMaterials/Substrate/Glints2/dict_0005_0043.uasset" 9235
"../../../Engine/Content/EngineMaterials/Substrate/Glints2/dict_0005_0041.uasset" 9236
"/Engine/EngineMaterials/Substrate/Glints2/dict_0005_0027" 9237
"/Engine/EngineMaterials/Substrate/Glints2/dict_0005_0044" 9238
"/Engine/EngineMaterials/Substrate/Glints2/dict_0005_0043" 9239
"/Engine/EngineMaterials/Substrate/Glints2/dict_0005_0042" 9240
"/Engine/EngineMaterials/Substrate/Glints2/dict_0005_0041" 9241
"/Engine/EngineMaterials/Substrate/Glints2/dict_0005_0035" 9242
"/Engine/EngineMaterials/Substrate/Glints2/dict_0005_0040" 9243
"/Engine/EngineMaterials/Substrate/Glints2/dict_0005_0032" 9244
"../../../Engine/Content/EngineMaterials/Substrate/Glints2/dict_0005_0047.uasset" 9245
"../../../Engine/Content/EngineMaterials/Substrate/Glints2/dict_0005_0045.uasset" 9246
"../../../Engine/Content/EngineMaterials/Substrate/Glints2/dict_0005_0050.uasset" 9247
"../../../Engine/Content/EngineMaterials/Substrate/Glints2/dict_0005_0046.uasset" 9248
"../../../Engine/Content/EngineMaterials/Substrate/Glints2/dict_0005_0048.uasset" 9249
"../../../Engine/Content/EngineMaterials/Substrate/Glints2/dict_0005_0056.uasset" 9250
"../../../Engine/Content/EngineMaterials/Substrate/Glints2/dict_0005_0049.uasset" 9251
"../../../Engine/Content/EngineMaterials/Substrate/Glints2/dict_0005_0057.uasset" 9252
"../../../Engine/Content/EngineMaterials/Substrate/Glints2/dict_0005_0054.uasset" 9253
"../../../Engine/Content/EngineMaterials/Substrate/Glints2/dict_0005_0053.uasset" 9254
"../../../Engine/Content/EngineMaterials/Substrate/Glints2/dict_0005_0052.uasset" 9255
"../../../Engine/Content/EngineMaterials/Substrate/Glints2/dict_0005_0055.uasset" 9256
"../../../Engine/Content/EngineMaterials/Substrate/Glints2/dict_0005_0062.uasset" 9257
"../../../Engine/Content/EngineMaterials/Substrate/Glints2/dict_0005_0058.uasset" 9258
"../../../Engine/Content/EngineMaterials/Substrate/Glints2/dict_0005_0061.uasset" 9259
"/Engine/EngineMaterials/Substrate/Glints2/dict_0005_0058" 9260
"../../../Engine/Content/EngineMaterials/Substrate/Glints2/dict_0005_0059.uasset" 9261
"/Engine/EngineMaterials/Substrate/Glints2/dict_0005_0057" 9262
"/Engine/EngineMaterials/Substrate/Glints2/dict_0005_0056" 9263
"/Engine/EngineMaterials/Substrate/Glints2/dict_0005_0055" 9264
"/Engine/EngineMaterials/Substrate/Glints2/dict_0005_0054" 9265
"/Engine/EngineMaterials/Substrate/Glints2/dict_0005_0053" 9266
"/Engine/EngineMaterials/Substrate/Glints2/dict_0005_0052" 9267
"../../../Engine/Content/EngineMaterials/Substrate/Glints2/dict_0005_0065.uasset" 9268
"../../../Engine/Content/EngineMaterials/Substrate/Glints2/dict_0005_0063.uasset" 9269
"/Engine/EngineMaterials/Substrate/Glints2/dict_0005_0062" 9270
"/Engine/EngineMaterials/Substrate/Glints2/dict_0005_0061" 9271
"/Engine/EngineMaterials/Substrate/Glints2/dict_0005_0050" 9272
"/Engine/EngineMaterials/Substrate/Glints2/dict_0005_0049" 9273
"../../../Engine/Content/EngineMaterials/Substrate/Glints2/dict_0005_0060.uasset" 9274
"/Engine/EngineMaterials/Substrate/Glints2/dict_0005_0048" 9275
"../../../Engine/Content/EngineMaterials/Substrate/Glints2/dict_0005_0068.uasset" 9276
"/Engine/EngineMaterials/Substrate/Glints2/dict_0005_0047" 9277
"../../../Engine/Content/EngineMaterials/Substrate/Glints2/dict_0005_0067.uasset" 9278
"/Engine/EngineMaterials/Substrate/Glints2/dict_0005_0046" 9279
"/Engine/EngineMaterials/Substrate/Glints2/dict_0005_0045" 9280
"/Engine/EngineMaterials/Substrate/Glints2/dict_0005_0068" 9281
"../../../Engine/Content/EngineMaterials/Substrate/Glints2/dict_0005_0051.uasset" 9282
"/Engine/EngineMaterials/Substrate/Glints2/dict_0005_0067" 9283
"/Engine/EngineMaterials/Substrate/Glints2/dict_0005_0065" 9284
"../../../Engine/Content/EngineMaterials/Substrate/Glints2/dict_0005_0064.uasset" 9285
"/Engine/EngineMaterials/Substrate/Glints2/dict_0005_0063" 9286
"/Engine/EngineMaterials/Substrate/Glints2/dict_0005_0060" 9287
"../../../Engine/Content/EngineMaterials/Substrate/Glints2/dict_0005_0066.uasset" 9288
"../../../Engine/Content/EngineMaterials/Substrate/Glints2/dict_0005_0070.uasset" 9289
"../../../Engine/Content/EngineMaterials/Substrate/Glints2/dict_0005_0073.uasset" 9290
"/Engine/EngineMaterials/Substrate/Glints2/dict_0005_0059" 9291
"/Engine/EngineMaterials/Substrate/Glints2/dict_0005_0073" 9292
"../../../Engine/Content/EngineMaterials/Substrate/Glints2/dict_0005_0072.uasset" 9293
"/Engine/EngineMaterials/Substrate/Glints2/dict_0005_0070" 9294
"/Engine/EngineMaterials/Substrate/Glints2/dict_0005_0066" 9295
"/Engine/EngineMaterials/Substrate/Glints2/dict_0005_0064" 9296
"../../../Engine/Content/EngineMaterials/Substrate/Glints2/dict_0005_0071.uasset" 9297
"../../../Engine/Content/EngineMaterials/Substrate/Glints2/dict_0005_0069.uasset" 9298
"/Engine/EngineMaterials/Substrate/Glints2/dict_0005_0051" 9299
"/Engine/EngineMaterials/Substrate/Glints2/dict_0005_0072" 9300
"/Engine/EngineMaterials/Substrate/Glints2/dict_0005_0069" 9301
"/Engine/EngineMaterials/Substrate/Glints2/dict_0005_0071" 9302
"../../../Engine/Content/EngineMaterials/Substrate/Glints2/dict_0005_0074.uasset" 9303
"../../../Engine/Content/EngineMaterials/Substrate/Glints2/dict_0005_0075.uasset" 9304
"../../../Engine/Content/EngineMaterials/Substrate/Glints2/dict_0005_0076.uasset" 9305
"../../../Engine/Content/EngineMaterials/Substrate/Glints2/dict_0005_0081.uasset" 9306
"../../../Engine/Content/EngineMaterials/Substrate/Glints2/dict_0005_0077.uasset" 9307
"../../../Engine/Content/EngineMaterials/Substrate/Glints2/dict_0005_0079.uasset" 9308
"../../../Engine/Content/EngineMaterials/Substrate/Glints2/dict_0005_0080.uasset" 9309
"../../../Engine/Content/EngineMaterials/Substrate/Glints2/dict_0005_0078.uasset" 9310
"../../../Engine/Content/EngineMaterials/Substrate/Glints2/dict_0005_0085.uasset" 9311
"../../../Engine/Content/EngineMaterials/Substrate/Glints2/dict_0005_0082.uasset" 9312
"../../../Engine/Content/EngineMaterials/Substrate/Glints2/dict_0005_0084.uasset" 9313
"../../../Engine/Content/EngineMaterials/Substrate/Glints2/dict_0005_0086.uasset" 9314
"../../../Engine/Content/EngineMaterials/Substrate/Glints2/dict_0005_0083.uasset" 9315
"../../../Engine/Content/EngineMaterials/Substrate/Glints2/dict_0005_0087.uasset" 9316
"../../../Engine/Content/EngineMaterials/Substrate/Glints2/dict_0005_0088.uasset" 9317
"../../../Engine/Content/EngineMaterials/Substrate/Glints2/dict_0005_0089.uasset" 9318
"/Engine/EngineMaterials/Substrate/Glints2/dict_0005_0076" 9319
"/Engine/EngineMaterials/Substrate/Glints2/dict_0005_0075" 9320
"../../../Engine/Content/EngineMaterials/Substrate/Glints2/dict_0005_0090.uasset" 9321
"../../../Engine/Content/EngineMaterials/Substrate/Glints2/dict_0005_0091.uasset" 9322
"/Engine/EngineMaterials/Substrate/Glints2/dict_0005_0074" 9323
"../../../Engine/Content/EngineMaterials/Substrate/Glints2/dict_0005_0096.uasset" 9324
"/Engine/EngineMaterials/Substrate/Glints2/dict_0005_0089" 9325
"/Engine/EngineMaterials/Substrate/Glints2/dict_0005_0088" 9326
"../../../Engine/Content/EngineMaterials/Substrate/Glints2/dict_0005_0098.uasset" 9327
"../../../Engine/Content/EngineMaterials/Substrate/Glints2/dict_0005_0092.uasset" 9328
"/Engine/EngineMaterials/Substrate/Glints2/dict_0005_0087" 9329
"../../../Engine/Content/EngineMaterials/Substrate/Glints2/dict_0005_0094.uasset" 9330
"../../../Engine/Content/EngineMaterials/Substrate/Glints2/dict_0005_0095.uasset" 9331
"/Engine/EngineMaterials/Substrate/Glints2/dict_0005_0086" 9332
"/Engine/EngineMaterials/Substrate/Glints2/dict_0005_0085" 9333
"/Engine/EngineMaterials/Substrate/Glints2/dict_0005_0084" 9334
"../../../Engine/Content/EngineMaterials/Substrate/Glints2/dict_0005_0093.uasset" 9335
"../../../Engine/Content/EngineMaterials/Substrate/Glints2/dict_0005_0100.uasset" 9336
"/Engine/EngineMaterials/Substrate/Glints2/dict_0005_0083" 9337
"/Engine/EngineMaterials/Substrate/Glints2/dict_0005_0082" 9338
"/Engine/EngineMaterials/Substrate/Glints2/dict_0005_0081" 9339
"/Engine/EngineMaterials/Substrate/Glints2/dict_0005_0080" 9340
"../../../Engine/Content/EngineMaterials/Substrate/Glints2/dict_0005_0097.uasset" 9341
"../../../Engine/Content/EngineMaterials/Substrate/Glints2/dict_0005_0099.uasset" 9342
"../../../Engine/Content/EngineMaterials/Substrate/Glints2/dict_0005_0101.uasset" 9343
"/Engine/EngineMaterials/Substrate/Glints2/dict_0005_0079" 9344
"../../../Engine/Content/EngineMaterials/Substrate/Glints2/dict_0005_0102.uasset" 9345
"/Engine/EngineMaterials/Substrate/Glints2/dict_0005_0078" 9346
"../../../Engine/Content/EngineMaterials/Substrate/Glints2/dict_0005_0103.uasset" 9347
"/Engine/EngineMaterials/Substrate/Glints2/dict_0005_0077" 9348
"/Engine/EngineMaterials/Substrate/Glints2/dict_0005_0102" 9349
"/Engine/EngineMaterials/Substrate/Glints2/dict_0005_0097" 9350
"/Engine/EngineMaterials/Substrate/Glints2/dict_0005_0091" 9351
"/Engine/EngineMaterials/Substrate/Glints2/dict_0005_0090" 9352
"/Engine/EngineMaterials/Substrate/Glints2/dict_0005_0103" 9353
"/Engine/EngineMaterials/Substrate/Glints2/dict_0005_0101" 9354
"/Engine/EngineMaterials/Substrate/Glints2/dict_0005_0096" 9355
"/Engine/EngineMaterials/Substrate/Glints2/dict_0005_0100" 9356
"/Engine/EngineMaterials/Substrate/Glints2/dict_0005_0095" 9357
"/Engine/EngineMaterials/Substrate/Glints2/dict_0005_0099" 9358
"/Engine/EngineMaterials/Substrate/Glints2/dict_0005_0094" 9359
"/Engine/EngineMaterials/Substrate/Glints2/dict_0005_0098" 9360
"../../../Engine/Content/EngineMaterials/Substrate/Glints2/dict_0005_0104.uasset" 9361
"../../../Engine/Content/EngineMaterials/Substrate/Glints2/dict_0005_0105.uasset" 9362
"/Engine/EngineMaterials/Substrate/Glints2/dict_0005_0093" 9363
"/Engine/EngineMaterials/Substrate/Glints2/dict_0005_0092" 9364
"/Engine/EngineMaterials/Substrate/Glints2/dict_0005_0105" 9365
"/Engine/EngineMaterials/Substrate/Glints2/dict_0005_0104" 9366
"../../../Engine/Content/EngineMaterials/Substrate/Glints2/dict_0005_0107.uasset" 9367
"../../../Engine/Content/EngineMaterials/Substrate/Glints2/dict_0005_0108.uasset" 9368
"../../../Engine/Content/EngineMaterials/Substrate/Glints2/dict_0005_0115.uasset" 9369
"../../../Engine/Content/EngineMaterials/Substrate/Glints2/dict_0005_0117.uasset" 9370
"../../../Engine/Content/EngineMaterials/Substrate/Glints2/dict_0005_0112.uasset" 9371
"../../../Engine/Content/EngineMaterials/Substrate/Glints2/dict_0005_0113.uasset" 9372
"../../../Engine/Content/EngineMaterials/Substrate/Glints2/dict_0005_0116.uasset" 9373
"../../../Engine/Content/EngineMaterials/Substrate/Glints2/dict_0005_0111.uasset" 9374
"../../../Engine/Content/EngineMaterials/Substrate/Glints2/dict_0005_0114.uasset" 9375
"../../../Engine/Content/EngineMaterials/Substrate/Glints2/dict_0005_0106.uasset" 9376
"../../../Engine/Content/EngineMaterials/Substrate/Glints2/dict_0005_0110.uasset" 9377
"../../../Engine/Content/EngineMaterials/Substrate/Glints2/dict_0005_0109.uasset" 9378
"../../../Engine/Content/EngineMaterials/Substrate/Glints2/dict_0005_0118.uasset" 9379
"../../../Engine/Content/EngineMaterials/Substrate/Glints2/dict_0005_0119.uasset" 9380
"/Engine/EngineMaterials/Substrate/Glints2/dict_0005_0119" 9381
"../../../Engine/Content/EngineMaterials/Substrate/Glints2/dict_0005_0120.uasset" 9382
"../../../Engine/Content/EngineMaterials/Substrate/Glints2/dict_0005_0126.uasset" 9383
"/Engine/EngineMaterials/Substrate/Glints2/dict_0005_0118" 9384
"../../../Engine/Content/EngineMaterials/Substrate/Glints2/dict_0005_0123.uasset" 9385
"../../../Engine/Content/EngineMaterials/Substrate/Glints2/dict_0005_0129.uasset" 9386
"../../../Engine/Content/EngineMaterials/Substrate/Glints2/dict_0005_0128.uasset" 9387
"../../../Engine/Content/EngineMaterials/Substrate/Glints2/dict_0005_0122.uasset" 9388
"../../../Engine/Content/EngineMaterials/Substrate/Glints2/dict_0005_0121.uasset" 9389
"../../../Engine/Content/EngineMaterials/Substrate/Glints2/dict_0005_0124.uasset" 9390
"../../../Engine/Content/EngineMaterials/Substrate/Glints2/dict_0005_0127.uasset" 9391
"/Engine/EngineMaterials/Substrate/Glints2/dict_0005_0117" 9392
"/Engine/EngineMaterials/Substrate/Glints2/dict_0005_0116" 9393
"/Engine/EngineMaterials/Substrate/Glints2/dict_0005_0115" 9394
"../../../Engine/Content/EngineMaterials/Substrate/Glints2/dict_0005_0130.uasset" 9395
"/Engine/EngineMaterials/Substrate/Glints2/dict_0005_0114" 9396
"/Engine/EngineMaterials/Substrate/Glints2/dict_0005_0113" 9397
"/Engine/EngineMaterials/Substrate/Glints2/dict_0005_0112" 9398
"/Engine/EngineMaterials/Substrate/Glints2/dict_0005_0111" 9399
"/Engine/EngineMaterials/Substrate/Glints2/dict_0005_0110" 9400
"/Engine/EngineMaterials/Substrate/Glints2/dict_0005_0109" 9401
"../../../Engine/Content/EngineMaterials/Substrate/Glints2/dict_0005_0131.uasset" 9402
"../../../Engine/Content/EngineMaterials/Substrate/Glints2/dict_0005_0125.uasset" 9403
"../../../Engine/Content/EngineMaterials/Substrate/Glints2/dict_0005_0132.uasset" 9404
"/Engine/EngineMaterials/Substrate/Glints2/dict_0005_0108" 9405
"/Engine/EngineMaterials/Substrate/Glints2/dict_0005_0107" 9406
"/Engine/EngineMaterials/Substrate/Glints2/dict_0005_0106" 9407
"../../../Engine/Content/EngineMaterials/Substrate/Glints2/dict_0005_0133.uasset" 9408
"/Engine/EngineMaterials/Substrate/Glints2/dict_0005_0121" 9409
"/Engine/EngineMaterials/Substrate/Glints2/dict_0005_0120" 9410
"../../../Engine/Content/EngineMaterials/Substrate/Glints2/dict_0005_0137.uasset" 9411
"/Engine/EngineMaterials/Substrate/Glints2/dict_0005_0133" 9412
"../../../Engine/Content/EngineMaterials/Substrate/Glints2/dict_0005_0136.uasset" 9413
"../../../Engine/Content/EngineMaterials/Substrate/Glints2/dict_0005_0135.uasset" 9414
"../../../Engine/Content/EngineMaterials/Substrate/Glints2/dict_0005_0134.uasset" 9415
"/Engine/EngineMaterials/Substrate/Glints2/dict_0005_0132" 9416
"/Engine/EngineMaterials/Substrate/Glints2/dict_0005_0131" 9417
"/Engine/EngineMaterials/Substrate/Glints2/dict_0005_0130" 9418
"/Engine/EngineMaterials/Substrate/Glints2/dict_0005_0129" 9419
"/Engine/EngineMaterials/Substrate/Glints2/dict_0005_0128" 9420
"/Engine/EngineMaterials/Substrate/Glints2/dict_0005_0127" 9421
"/Engine/EngineMaterials/Substrate/Glints2/dict_0005_0126" 9422
"/Engine/EngineMaterials/Substrate/Glints2/dict_0005_0125" 9423
"/Engine/EngineMaterials/Substrate/Glints2/dict_0005_0124" 9424
"/Engine/EngineMaterials/Substrate/Glints2/dict_0005_0123" 9425
"/Engine/EngineMaterials/Substrate/Glints2/dict_0005_0122" 9426
"/Engine/EngineMaterials/Substrate/Glints2/dict_0005_0135" 9427
"/Engine/EngineMaterials/Substrate/Glints2/dict_0005_0137" 9428
"/Engine/EngineMaterials/Substrate/Glints2/dict_0005_0136" 9429
"../../../Engine/Content/EngineMaterials/Substrate/Glints2/dict_0005_0140.uasset" 9430
"../../../Engine/Content/EngineMaterials/Substrate/Glints2/dict_0005_0141.uasset" 9431
"../../../Engine/Content/EngineMaterials/Substrate/Glints2/dict_0005_0151.uasset" 9432
"/Engine/EngineMaterials/Substrate/Glints2/dict_0005_0134" 9433
"../../../Engine/Content/EngineMaterials/Substrate/Glints2/dict_0005_0139.uasset" 9434
"../../../Engine/Content/EngineMaterials/Substrate/Glints2/dict_0005_0150.uasset" 9435
"/Engine/EngineMaterials/Substrate/Glints2/dict_0005_0151" 9436
"../../../Engine/Content/EngineMaterials/Substrate/Glints2/dict_0005_0147.uasset" 9437
"../../../Engine/Content/EngineMaterials/Substrate/Glints2/dict_0005_0138.uasset" 9438
"../../../Engine/Content/EngineMaterials/Substrate/Glints2/dict_0005_0149.uasset" 9439
"../../../Engine/Content/EngineMaterials/Substrate/Glints2/dict_0005_0144.uasset" 9440
"../../../Engine/Content/EngineMaterials/Substrate/Glints2/dict_0005_0146.uasset" 9441
"/Engine/EngineMaterials/Substrate/Glints2/dict_0005_0141" 9442
"/Engine/EngineMaterials/Substrate/Glints2/dict_0005_0140" 9443
"../../../Engine/Content/EngineMaterials/Substrate/Glints2/dict_0005_0145.uasset" 9444
"/Engine/EngineMaterials/Substrate/Glints2/dict_0005_0139" 9445
"/Engine/EngineMaterials/Substrate/Glints2/dict_0005_0150" 9446
"/Engine/EngineMaterials/Substrate/Glints2/dict_0005_0149" 9447
"/Engine/EngineMaterials/Substrate/Glints2/dict_0005_0147" 9448
"../../../Engine/Content/EngineMaterials/Substrate/Glints2/dict_0005_0143.uasset" 9449
"/Engine/EngineMaterials/Substrate/Glints2/dict_0005_0146" 9450
"/Engine/EngineMaterials/Substrate/Glints2/dict_0005_0145" 9451
"/Engine/EngineMaterials/Substrate/Glints2/dict_0005_0144" 9452
"/Engine/EngineMaterials/Substrate/Glints2/dict_0005_0138" 9453
"../../../Engine/Content/EngineMaterials/Substrate/Glints2/dict_0005_0148.uasset" 9454
"/Engine/EngineMaterials/Substrate/Glints2/dict_0005_0148" 9455
"/Engine/EngineMaterials/Substrate/Glints2/dict_0005_0143" 9456
"../../../Engine/Content/EngineMaterials/Substrate/Glints2/dict_0005_0142.uasset" 9457
"../../../Engine/Content/EngineMaterials/Substrate/Glints2/dict_0005_0153.uasset" 9458
"../../../Engine/Content/EngineMaterials/Substrate/Glints2/dict_0005_0155.uasset" 9459
"../../../Engine/Content/EngineMaterials/Substrate/Glints2/dict_0005_0159.uasset" 9460
"../../../Engine/Content/EngineMaterials/Substrate/Glints2/dict_0005_0152.uasset" 9461
"../../../Engine/Content/EngineMaterials/Substrate/Glints2/dict_0005_0156.uasset" 9462
"../../../Engine/Content/EngineMaterials/Substrate/Glints2/dict_0005_0160.uasset" 9463
"../../../Engine/Content/EngineMaterials/Substrate/Glints2/dict_0005_0161.uasset" 9464
"../../../Engine/Content/EngineMaterials/Substrate/Glints2/dict_0005_0158.uasset" 9465
"../../../Engine/Content/EngineMaterials/Substrate/Glints2/dict_0005_0154.uasset" 9466
"../../../Engine/Content/EngineMaterials/Substrate/Glints2/dict_0005_0162.uasset" 9467
"/Engine/EngineMaterials/Substrate/Glints2/dict_0005_0162" 9468
"../../../Engine/Content/EngineMaterials/Substrate/Glints2/dict_0005_0165.uasset" 9469
"/Engine/EngineMaterials/Substrate/Glints2/dict_0005_0161" 9470
"../../../Engine/Content/EngineMaterials/Substrate/Glints2/dict_0005_0157.uasset" 9471
"../../../Engine/Content/EngineMaterials/Substrate/Glints2/dict_0005_0169.uasset" 9472
"../../../Engine/Content/EngineMaterials/Substrate/Glints2/dict_0005_0163.uasset" 9473
"../../../Engine/Content/EngineMaterials/Substrate/Glints2/dict_0005_0164.uasset" 9474
"../../../Engine/Content/EngineMaterials/Substrate/Glints2/dict_0005_0166.uasset" 9475
"/Engine/EngineMaterials/Substrate/Glints2/dict_0005_0160" 9476
"../../../Engine/Content/EngineMaterials/Substrate/Glints2/dict_0005_0173.uasset" 9477
"../../../Engine/Content/EngineMaterials/Substrate/Glints2/dict_0005_0168.uasset" 9478
"/Engine/EngineMaterials/Substrate/Glints2/dict_0005_0159" 9479
"/Engine/EngineMaterials/Substrate/Glints2/dict_0005_0158" 9480
"../../../Engine/Content/EngineMaterials/Substrate/Glints2/dict_0005_0172.uasset" 9481
"/Engine/EngineMaterials/Substrate/Glints2/dict_0005_0156" 9482
"../../../Engine/Content/EngineMaterials/Substrate/Glints2/dict_0005_0171.uasset" 9483
"../../../Engine/Content/EngineMaterials/Substrate/Glints2/dict_0005_0170.uasset" 9484
"/Engine/EngineMaterials/Substrate/Glints2/dict_0005_0155" 9485
"/Engine/EngineMaterials/Substrate/Glints2/dict_0005_0154" 9486
"/Engine/EngineMaterials/Substrate/Glints2/dict_0005_0153" 9487
"/Engine/EngineMaterials/Substrate/Glints2/dict_0005_0152" 9488
"/Engine/EngineMaterials/Substrate/Glints2/dict_0005_0142" 9489
"../../../Engine/Content/EngineMaterials/Substrate/Glints2/dict_0005_0174.uasset" 9490
"../../../Engine/Content/EngineMaterials/Substrate/Glints2/dict_0005_0175.uasset" 9491
"/Engine/EngineMaterials/Substrate/Glints2/dict_0005_0165" 9492
"../../../Engine/Content/EngineMaterials/Substrate/Glints2/dict_0005_0167.uasset" 9493
"/Engine/EngineMaterials/Substrate/Glints2/dict_0005_0164" 9494
"/Engine/EngineMaterials/Substrate/Glints2/dict_0005_0173" 9495
"/Engine/EngineMaterials/Substrate/Glints2/dict_0005_0169" 9496
"/Engine/EngineMaterials/Substrate/Glints2/dict_0005_0168" 9497
"/Engine/EngineMaterials/Substrate/Glints2/dict_0005_0166" 9498
"/Engine/EngineMaterials/Substrate/Glints2/dict_0005_0163" 9499
"/Engine/EngineMaterials/Substrate/Glints2/dict_0005_0157" 9500
"/Engine/EngineMaterials/Substrate/Glints2/dict_0005_0175" 9501
"/Engine/EngineMaterials/Substrate/Glints2/dict_0005_0172" 9502
"/Engine/EngineMaterials/Substrate/Glints2/dict_0005_0171" 9503
"/Engine/EngineMaterials/Substrate/Glints2/dict_0005_0170" 9504
"/Engine/EngineMaterials/Substrate/Glints2/dict_0005_0174" 9505
"/Engine/EngineMaterials/Substrate/Glints2/dict_0005_0167" 9506
"../../../Engine/Content/EngineMaterials/Substrate/Glints2/dict_0005_0177.uasset" 9507
"../../../Engine/Content/EngineMaterials/Substrate/Glints2/dict_0005_0179.uasset" 9508
"../../../Engine/Content/EngineMaterials/Substrate/Glints2/dict_0005_0178.uasset" 9509
"../../../Engine/Content/EngineMaterials/Substrate/Glints2/dict_0005_0181.uasset" 9510
"../../../Engine/Content/EngineMaterials/Substrate/Glints2/dict_0005_0176.uasset" 9511
"/Engine/EngineMaterials/Substrate/Glints2/dict_0005_0179" 9512
"/Engine/EngineMaterials/Substrate/Glints2/dict_0005_0178" 9513
"../../../Engine/Content/EngineMaterials/Substrate/Glints2/dict_0005_0182.uasset" 9514
"/Engine/EngineMaterials/Substrate/Glints2/dict_0005_0177" 9515
"/Engine/EngineMaterials/Substrate/Glints2/dict_0005_0176" 9516
"../../../Engine/Content/EngineMaterials/Substrate/Glints2/dict_0005_0180.uasset" 9517
"/Engine/EngineMaterials/Substrate/Glints2/dict_0005_0181" 9518
"../../../Engine/Content/EngineMaterials/Substrate/Glints2/dict_0005_0183.uasset" 9519
"../../../Engine/Content/EngineMaterials/Substrate/Glints2/dict_0005_0186.uasset" 9520
"/Engine/EngineMaterials/Substrate/Glints2/dict_0005_0180" 9521
"../../../Engine/Content/EngineMaterials/Substrate/Glints2/dict_0005_0184.uasset" 9522
"../../../Engine/Content/EngineMaterials/Substrate/Glints2/dict_0005_0189.uasset" 9523
"../../../Engine/Content/EngineMaterials/Substrate/Glints2/dict_0005_0185.uasset" 9524
"../../../Engine/Content/EngineMaterials/Substrate/Glints2/dict_0005_0187.uasset" 9525
"/Engine/EngineMaterials/Substrate/Glints2/dict_0005_0182" 9526
"/Engine/EngineMaterials/Substrate/Glints2/dict_0005_0186" 9527
"/Engine/EngineMaterials/Substrate/Glints2/dict_0005_0183" 9528
"/Engine/EngineMaterials/Substrate/Glints2/dict_0005_0189" 9529
"/Engine/EngineMaterials/Substrate/Glints2/dict_0005_0187" 9530
"/Engine/EngineMaterials/Substrate/Glints2/dict_0005_0185" 9531
"/Engine/EngineMaterials/Substrate/Glints2/dict_0005_0184" 9532
"../../../Engine/Content/EngineMaterials/Substrate/Glints2/dict_0005_0188.uasset" 9533
"../../../Engine/Content/EngineMaterials/Substrate/Glints2/dict_0005_0191.uasset" 9534
"../../../Engine/Content/EngineMaterials/Substrate/Glints2/dict_0005_0190.uasset" 9535
"../../../Engine/Content/EngineMaterials/Substrate/Glints2/dict_0005_0193.uasset" 9536
"../../../Engine/Content/EngineMaterials/Substrate/Glints2/dict_0005_0192.uasset" 9537
"../../../Engine/Content/EngineMaterials/Substrate/Glints2/dict_0005_0194.uasset" 9538
"../../../Engine/Content/EngineMaterials/Substrate/Glints2/dict_0005_0198.uasset" 9539
"../../../Engine/Content/EngineMaterials/Substrate/Glints2/dict_0005_0199.uasset" 9540
"../../../Engine/Content/EngineMaterials/Substrate/Glints2/dict_0005_0196.uasset" 9541
"../../../Engine/Content/EngineMaterials/Substrate/Glints2/dict_0005_0195.uasset" 9542
"../../../Engine/Content/EngineMaterials/Substrate/Glints2/dict_0005_0197.uasset" 9543
"/Engine/EngineMaterials/Substrate/Glints2/dict_0005_0193" 9544
"/Engine/EngineMaterials/Substrate/Glints2/dict_0005_0192" 9545
"../../../Engine/Content/EngineMaterials/Substrate/Glints2/dict_0005_0209.uasset" 9546
"/Engine/EngineMaterials/Substrate/Glints2/dict_0005_0191" 9547
"../../../Engine/Content/EngineMaterials/Substrate/Glints2/dict_0005_0203.uasset" 9548
"/Engine/EngineMaterials/Substrate/Glints2/dict_0005_0190" 9549
"../../../Engine/Content/EngineMaterials/Substrate/Glints2/dict_0005_0205.uasset" 9550
"../../../Engine/Content/EngineMaterials/Substrate/Glints2/dict_0005_0210.uasset" 9551
"../../../Engine/Content/EngineMaterials/Substrate/Glints2/dict_0005_0206.uasset" 9552
"/Engine/EngineMaterials/Substrate/Glints2/dict_0005_0199" 9553
"/Engine/EngineMaterials/Substrate/Glints2/dict_0005_0188" 9554
"../../../Engine/Content/EngineMaterials/Substrate/Glints2/dict_0005_0200.uasset" 9555
"/Engine/EngineMaterials/Substrate/Glints2/dict_0005_0198" 9556
"../../../Engine/Content/EngineMaterials/Substrate/Glints2/dict_0005_0201.uasset" 9557
"/Engine/EngineMaterials/Substrate/Glints2/dict_0005_0197" 9558
"../../../Engine/Content/EngineMaterials/Substrate/Glints2/dict_0005_0202.uasset" 9559
"../../../Engine/Content/EngineMaterials/Substrate/Glints2/dict_0005_0204.uasset" 9560
"/Engine/EngineMaterials/Substrate/Glints2/dict_0005_0196" 9561
"../../../Engine/Content/EngineMaterials/Substrate/Glints2/dict_0005_0212.uasset" 9562
"../../../Engine/Content/EngineMaterials/Substrate/Glints2/dict_0005_0213.uasset" 9563
"/Engine/EngineMaterials/Substrate/Glints2/dict_0005_0195" 9564
"../../../Engine/Content/EngineMaterials/Substrate/Glints2/dict_0005_0211.uasset" 9565
"/Engine/EngineMaterials/Substrate/Glints2/dict_0005_0194" 9566
"../../../Engine/Content/EngineMaterials/Substrate/Glints2/dict_0005_0207.uasset" 9567
"/Engine/EngineMaterials/Substrate/Glints2/dict_0005_0206" 9568
"/Engine/EngineMaterials/Substrate/Glints2/dict_0005_0205" 9569
"/Engine/EngineMaterials/Substrate/Glints2/dict_0005_0204" 9570
"/Engine/EngineMaterials/Substrate/Glints2/dict_0005_0203" 9571
"/Engine/EngineMaterials/Substrate/Glints2/dict_0005_0202" 9572
"/Engine/EngineMaterials/Substrate/Glints2/dict_0005_0207" 9573
"/Engine/EngineMaterials/Substrate/Glints2/dict_0005_0201" 9574
"/Engine/EngineMaterials/Substrate/Glints2/dict_0005_0200" 9575
"/Engine/EngineMaterials/Substrate/Glints2/dict_0005_0212" 9576
"/Engine/EngineMaterials/Substrate/Glints2/dict_0005_0211" 9577
"/Engine/EngineMaterials/Substrate/Glints2/dict_0005_0210" 9578
"/Engine/EngineMaterials/Substrate/Glints2/dict_0005_0209" 9579
"/Engine/EngineMaterials/Substrate/Glints2/dict_0005_0213" 9580
"../../../Engine/Content/EngineMaterials/Substrate/Glints2/dict_0005_0215.uasset" 9581
"../../../Engine/Content/EngineMaterials/Substrate/Glints2/dict_0005_0217.uasset" 9582
"../../../Engine/Content/EngineMaterials/Substrate/Glints2/dict_0005_0216.uasset" 9583
"../../../Engine/Content/EngineMaterials/Substrate/Glints2/dict_0005_0214.uasset" 9584
"../../../Engine/Content/EngineMaterials/Substrate/Glints2/dict_0005_0222.uasset" 9585
"../../../Engine/Content/EngineMaterials/Substrate/Glints2/dict_0005_0225.uasset" 9586
"../../../Engine/Content/EngineMaterials/Substrate/Glints2/dict_0005_0219.uasset" 9587
"../../../Engine/Content/EngineMaterials/Substrate/Glints2/dict_0005_0218.uasset" 9588
"../../../Engine/Content/EngineMaterials/Substrate/Glints2/dict_0005_0220.uasset" 9589
"../../../Engine/Content/EngineMaterials/Substrate/Glints2/dict_0005_0223.uasset" 9590
"../../../Engine/Content/EngineMaterials/Substrate/Glints2/dict_0005_0221.uasset" 9591
"../../../Engine/Content/EngineMaterials/Substrate/Glints2/dict_0005_0208.uasset" 9592
"../../../Engine/Content/EngineMaterials/Substrate/Glints2/dict_0005_0226.uasset" 9593
"../../../Engine/Content/EngineMaterials/Substrate/Glints2/dict_0005_0224.uasset" 9594
"../../../Engine/Content/EngineMaterials/Substrate/Glints2/dict_0005_0229.uasset" 9595
"../../../Engine/Content/EngineMaterials/Substrate/Glints2/dict_0005_0227.uasset" 9596
"../../../Engine/Content/EngineMaterials/Substrate/Glints2/dict_0005_0230.uasset" 9597
"../../../Engine/Content/EngineMaterials/Substrate/Glints2/dict_0005_0228.uasset" 9598
"/Engine/EngineMaterials/Substrate/Glints2/dict_0005_0216" 9599
"/Engine/EngineMaterials/Substrate/Glints2/dict_0005_0215" 9600
"/Engine/EngineMaterials/Substrate/Glints2/dict_0005_0229" 9601
"../../../Engine/Content/EngineMaterials/Substrate/Glints2/dict_0005_0231.uasset" 9602
"../../../Engine/Content/EngineMaterials/Substrate/Glints2/dict_0005_0233.uasset" 9603
"/Engine/EngineMaterials/Substrate/Glints2/dict_0005_0220" 9604
"../../../Engine/Content/EngineMaterials/Substrate/Glints2/dict_0005_0234.uasset" 9605
"../../../Engine/Content/EngineMaterials/Substrate/Glints2/dict_0005_0232.uasset" 9606
"../../../Engine/Content/EngineMaterials/Substrate/Glints2/dict_0005_0236.uasset" 9607
"/Engine/EngineMaterials/Substrate/Glints2/dict_0005_0227" 9608
"/Engine/EngineMaterials/Substrate/Glints2/dict_0005_0226" 9609
"../../../Engine/Content/EngineMaterials/Substrate/Glints2/dict_0005_0235.uasset" 9610
"/Engine/EngineMaterials/Substrate/Glints2/dict_0005_0219" 9611
"/Engine/EngineMaterials/Substrate/Glints2/dict_0005_0225" 9612
"../../../Engine/Content/EngineMaterials/Substrate/Glints2/dict_0005_0237.uasset" 9613
"/Engine/EngineMaterials/Substrate/Glints2/dict_0005_0214" 9614
"/Engine/EngineMaterials/Substrate/Glints2/dict_0005_0218" 9615
"../../../Engine/Content/EngineMaterials/Substrate/Glints2/dict_0005_0239.uasset" 9616
"/Engine/EngineMaterials/Substrate/Glints2/dict_0005_0208" 9617
"/Engine/EngineMaterials/Substrate/Glints2/dict_0005_0217" 9618
"../../../Engine/Content/EngineMaterials/Substrate/Glints2/dict_0005_0240.uasset" 9619
"/Engine/EngineMaterials/Substrate/Glints2/dict_0005_0224" 9620
"../../../Engine/Content/EngineMaterials/Substrate/Glints2/dict_0005_0238.uasset" 9621
"/Engine/EngineMaterials/Substrate/Glints2/dict_0005_0223" 9622
"/Engine/EngineMaterials/Substrate/Glints2/dict_0005_0222" 9623
"/Engine/EngineMaterials/Substrate/Glints2/dict_0005_0221" 9624
"/Engine/EngineMaterials/Substrate/Glints2/dict_0005_0240" 9625
"/Engine/EngineMaterials/Substrate/Glints2/dict_0005_0239" 9626
"/Engine/EngineMaterials/Substrate/Glints2/dict_0005_0238" 9627
"/Engine/EngineMaterials/Substrate/Glints2/dict_0005_0237" 9628
"/Engine/EngineMaterials/Substrate/Glints2/dict_0005_0231" 9629
"/Engine/EngineMaterials/Substrate/Glints2/dict_0005_0236" 9630
"/Engine/EngineMaterials/Substrate/Glints2/dict_0005_0235" 9631
"/Engine/EngineMaterials/Substrate/Glints2/dict_0005_0230" 9632
"../../../Engine/Content/EngineMaterials/Substrate/Glints2/dict_0005_0244.uasset" 9633
"/Engine/EngineMaterials/Substrate/Glints2/dict_0005_0228" 9634
"../../../Engine/Content/EngineMaterials/Substrate/Glints2/dict_0005_0243.uasset" 9635
"/Engine/EngineMaterials/Substrate/Glints2/dict_0005_0234" 9636
"/Engine/EngineMaterials/Substrate/Glints2/dict_0005_0233" 9637
"../../../Engine/Content/EngineMaterials/Substrate/Glints2/dict_0005_0241.uasset" 9638
"/Engine/EngineMaterials/Substrate/Glints2/dict_0005_0232" 9639
"/Engine/EngineMaterials/Substrate/Glints2/dict_0005_0244" 9640
"/Engine/EngineMaterials/Substrate/Glints2/dict_0005_0243" 9641
"/Engine/EngineMaterials/Substrate/Glints2/dict_0005_0241" 9642
"../../../Engine/Content/EngineMaterials/Substrate/Glints2/dict_0005_0242.uasset" 9643
"../../../Engine/Content/EngineMaterials/Substrate/Glints2/dict_0005_0252.uasset" 9644
"../../../Engine/Content/EngineMaterials/Substrate/Glints2/dict_0005_0254.uasset" 9645
"../../../Engine/Content/EngineMaterials/Substrate/Glints2/dict_0005_0253.uasset" 9646
"../../../Engine/Content/EngineMaterials/Substrate/Glints2/dict_0005_0245.uasset" 9647
"../../../Engine/Content/EngineMaterials/Substrate/Glints2/dict_0005_0246.uasset" 9648
"../../../Engine/Content/EngineMaterials/Substrate/Glints2/dict_0005_0247.uasset" 9649
"../../../Engine/Content/EngineMaterials/Substrate/Glints2/dict_0005_0249.uasset" 9650
"../../../Engine/Content/EngineMaterials/Substrate/Glints2/dict_0005_0250.uasset" 9651
"../../../Engine/Content/EngineMaterials/Substrate/Glints2/dict_0005_0248.uasset" 9652
"../../../Engine/Content/EngineMaterials/Substrate/Glints2/dict_0005_0251.uasset" 9653
"../../../Engine/Content/EngineMaterials/Substrate/Glints2/dict_0005_0255.uasset" 9654
"../../../Engine/Content/EngineMaterials/Substrate/Glints2/dict_0006_0001.uasset" 9655
"/Engine/EngineMaterials/Substrate/Glints2/dict_0005_0242" 9656
"../../../Engine/Content/EngineMaterials/Substrate/Glints2/dict_0006_0007.uasset" 9657
"../../../Engine/Content/EngineMaterials/Substrate/Glints2/dict_0006_0008.uasset" 9658
"../../../Engine/Content/EngineMaterials/Substrate/Glints2/dict_0006_0005.uasset" 9659
"../../../Engine/Content/EngineMaterials/Substrate/Glints2/dict_0006_0004.uasset" 9660
"/Engine/EngineMaterials/Substrate/Glints2/dict_0006_0001" 9661
"../../../Engine/Content/EngineMaterials/Substrate/Glints2/dict_0006_0002.uasset" 9662
"../../../Engine/Content/EngineMaterials/Substrate/Glints2/dict_0006_0003.uasset" 9663
"/Engine/EngineMaterials/Substrate/Glints2/dict_0005_0255" 9664
"/Engine/EngineMaterials/Substrate/Glints2/dict_0005_0254" 9665
"/Engine/EngineMaterials/Substrate/Glints2/dict_0005_0253" 9666
"../../../Engine/Content/EngineMaterials/Substrate/Glints2/dict_0006_0011.uasset" 9667
"../../../Engine/Content/EngineMaterials/Substrate/Glints2/dict_0006_0006.uasset" 9668
"/Engine/EngineMaterials/Substrate/Glints2/dict_0005_0252" 9669
"../../../Engine/Content/EngineMaterials/Substrate/Glints2/dict_0006_0000.uasset" 9670
"/Engine/EngineMaterials/Substrate/Glints2/dict_0005_0251" 9671
"../../../Engine/Content/EngineMaterials/Substrate/Glints2/dict_0006_0009.uasset" 9672
"../../../Engine/Content/EngineMaterials/Substrate/Glints2/dict_0006_0010.uasset" 9673
"/Engine/EngineMaterials/Substrate/Glints2/dict_0005_0250" 9674
"/Engine/EngineMaterials/Substrate/Glints2/dict_0005_0249" 9675
"/Engine/EngineMaterials/Substrate/Glints2/dict_0005_0248" 9676
"/Engine/EngineMaterials/Substrate/Glints2/dict_0005_0247" 9677
"/Engine/EngineMaterials/Substrate/Glints2/dict_0005_0246" 9678
"/Engine/EngineMaterials/Substrate/Glints2/dict_0005_0245" 9679
"../../../Engine/Content/EngineMaterials/Substrate/Glints2/dict_0006_0013.uasset" 9680
"../../../Engine/Content/EngineMaterials/Substrate/Glints2/dict_0006_0012.uasset" 9681
"/Engine/EngineMaterials/Substrate/Glints2/dict_0006_0013" 9682
"/Engine/EngineMaterials/Substrate/Glints2/dict_0006_0004" 9683
"../../../Engine/Content/EngineMaterials/Substrate/Glints2/dict_0006_0017.uasset" 9684
"/Engine/EngineMaterials/Substrate/Glints2/dict_0006_0011" 9685
"../../../Engine/Content/EngineMaterials/Substrate/Glints2/dict_0006_0015.uasset" 9686
"/Engine/EngineMaterials/Substrate/Glints2/dict_0006_0003" 9687
"/Engine/EngineMaterials/Substrate/Glints2/dict_0006_0010" 9688
"/Engine/EngineMaterials/Substrate/Glints2/dict_0006_0009" 9689
"/Engine/EngineMaterials/Substrate/Glints2/dict_0006_0002" 9690
"../../../Engine/Content/EngineMaterials/Substrate/Glints2/dict_0006_0014.uasset" 9691
"/Engine/EngineMaterials/Substrate/Glints2/dict_0006_0008" 9692
"../../../Engine/Content/EngineMaterials/Substrate/Glints2/dict_0006_0019.uasset" 9693
"../../../Engine/Content/EngineMaterials/Substrate/Glints2/dict_0006_0018.uasset" 9694
"/Engine/EngineMaterials/Substrate/Glints2/dict_0006_0007" 9695
"/Engine/EngineMaterials/Substrate/Glints2/dict_0006_0000" 9696
"/Engine/EngineMaterials/Substrate/Glints2/dict_0006_0006" 9697
"/Engine/EngineMaterials/Substrate/Glints2/dict_0006_0005" 9698
"../../../Engine/Content/EngineMaterials/Substrate/Glints2/dict_0006_0016.uasset" 9699
"/Engine/EngineMaterials/Substrate/Glints2/dict_0006_0019" 9700
"/Engine/EngineMaterials/Substrate/Glints2/dict_0006_0018" 9701
"/Engine/EngineMaterials/Substrate/Glints2/dict_0006_0017" 9702
"/Engine/EngineMaterials/Substrate/Glints2/dict_0006_0016" 9703
"/Engine/EngineMaterials/Substrate/Glints2/dict_0006_0015" 9704
"/Engine/EngineMaterials/Substrate/Glints2/dict_0006_0014" 9705
"/Engine/EngineMaterials/Substrate/Glints2/dict_0006_0012" 9706
"../../../Engine/Content/EngineMaterials/Substrate/Glints2/dict_0006_0020.uasset" 9707
"../../../Engine/Content/EngineMaterials/Substrate/Glints2/dict_0006_0027.uasset" 9708
"../../../Engine/Content/EngineMaterials/Substrate/Glints2/dict_0006_0026.uasset" 9709
"../../../Engine/Content/EngineMaterials/Substrate/Glints2/dict_0006_0028.uasset" 9710
"../../../Engine/Content/EngineMaterials/Substrate/Glints2/dict_0006_0029.uasset" 9711
"../../../Engine/Content/EngineMaterials/Substrate/Glints2/dict_0006_0024.uasset" 9712
"../../../Engine/Content/EngineMaterials/Substrate/Glints2/dict_0006_0025.uasset" 9713
"../../../Engine/Content/EngineMaterials/Substrate/Glints2/dict_0006_0021.uasset" 9714
"../../../Engine/Content/EngineMaterials/Substrate/Glints2/dict_0006_0022.uasset" 9715
"../../../Engine/Content/EngineMaterials/Substrate/Glints2/dict_0006_0023.uasset" 9716
"../../../Engine/Content/EngineMaterials/Substrate/Glints2/dict_0006_0030.uasset" 9717
"../../../Engine/Content/EngineMaterials/Substrate/Glints2/dict_0006_0032.uasset" 9718
"../../../Engine/Content/EngineMaterials/Substrate/Glints2/dict_0006_0038.uasset" 9719
"../../../Engine/Content/EngineMaterials/Substrate/Glints2/dict_0006_0039.uasset" 9720
"../../../Engine/Content/EngineMaterials/Substrate/Glints2/dict_0006_0036.uasset" 9721
"../../../Engine/Content/EngineMaterials/Substrate/Glints2/dict_0006_0031.uasset" 9722
"../../../Engine/Content/EngineMaterials/Substrate/Glints2/dict_0006_0041.uasset" 9723
"/Engine/EngineMaterials/Substrate/Glints2/dict_0006_0032" 9724
"../../../Engine/Content/EngineMaterials/Substrate/Glints2/dict_0006_0033.uasset" 9725
"/Engine/EngineMaterials/Substrate/Glints2/dict_0006_0039" 9726
"../../../Engine/Content/EngineMaterials/Substrate/Glints2/dict_0006_0035.uasset" 9727
"../../../Engine/Content/EngineMaterials/Substrate/Glints2/dict_0006_0040.uasset" 9728
"/Engine/EngineMaterials/Substrate/Glints2/dict_0006_0038" 9729
"../../../Engine/Content/EngineMaterials/Substrate/Glints2/dict_0006_0034.uasset" 9730
"/Engine/EngineMaterials/Substrate/Glints2/dict_0006_0031" 9731
"../../../Engine/Content/EngineMaterials/Substrate/Glints2/dict_0006_0042.uasset" 9732
"/Engine/EngineMaterials/Substrate/Glints2/dict_0006_0036" 9733
"/Engine/EngineMaterials/Substrate/Glints2/dict_0006_0030" 9734
"/Engine/EngineMaterials/Substrate/Glints2/dict_0006_0029" 9735
"/Engine/EngineMaterials/Substrate/Glints2/dict_0006_0028" 9736
"/Engine/EngineMaterials/Substrate/Glints2/dict_0006_0027" 9737
"/Engine/EngineMaterials/Substrate/Glints2/dict_0006_0026" 9738
"/Engine/EngineMaterials/Substrate/Glints2/dict_0006_0025" 9739
"/Engine/EngineMaterials/Substrate/Glints2/dict_0006_0024" 9740
"/Engine/EngineMaterials/Substrate/Glints2/dict_0006_0023" 9741
"/Engine/EngineMaterials/Substrate/Glints2/dict_0006_0022" 9742
"../../../Engine/Content/EngineMaterials/Substrate/Glints2/dict_0006_0044.uasset" 9743
"../../../Engine/Content/EngineMaterials/Substrate/Glints2/dict_0006_0045.uasset" 9744
"/Engine/EngineMaterials/Substrate/Glints2/dict_0006_0021" 9745
"/Engine/EngineMaterials/Substrate/Glints2/dict_0006_0020" 9746
"/Engine/EngineMaterials/Substrate/Glints2/dict_0006_0044" 9747
"/Engine/EngineMaterials/Substrate/Glints2/dict_0006_0045" 9748
"/Engine/EngineMaterials/Substrate/Glints2/dict_0006_0042" 9749
"/Engine/EngineMaterials/Substrate/Glints2/dict_0006_0041" 9750
"../../../Engine/Content/EngineMaterials/Substrate/Glints2/dict_0006_0046.uasset" 9751
"../../../Engine/Content/EngineMaterials/Substrate/Glints2/dict_0006_0047.uasset" 9752
"../../../Engine/Content/EngineMaterials/Substrate/Glints2/dict_0006_0043.uasset" 9753
"/Engine/EngineMaterials/Substrate/Glints2/dict_0006_0040" 9754
"/Engine/EngineMaterials/Substrate/Glints2/dict_0006_0035" 9755
"/Engine/EngineMaterials/Substrate/Glints2/dict_0006_0034" 9756
"../../../Engine/Content/EngineMaterials/Substrate/Glints2/dict_0006_0037.uasset" 9757
"/Engine/EngineMaterials/Substrate/Glints2/dict_0006_0033" 9758
"/Engine/EngineMaterials/Substrate/Glints2/dict_0006_0047" 9759
"../../../Engine/Content/EngineMaterials/Substrate/Glints2/dict_0006_0048.uasset" 9760
"../../../Engine/Content/EngineMaterials/Substrate/Glints2/dict_0006_0049.uasset" 9761
"/Engine/EngineMaterials/Substrate/Glints2/dict_0006_0046" 9762
"../../../Engine/Content/EngineMaterials/Substrate/Glints2/dict_0006_0050.uasset" 9763
"/Engine/EngineMaterials/Substrate/Glints2/dict_0006_0043" 9764
"/Engine/EngineMaterials/Substrate/Glints2/dict_0006_0037" 9765
"/Engine/EngineMaterials/Substrate/Glints2/dict_0006_0050" 9766
"/Engine/EngineMaterials/Substrate/Glints2/dict_0006_0049" 9767
"/Engine/EngineMaterials/Substrate/Glints2/dict_0006_0048" 9768
"../../../Engine/Content/EngineMaterials/Substrate/Glints2/dict_0006_0054.uasset" 9769
"../../../Engine/Content/EngineMaterials/Substrate/Glints2/dict_0006_0053.uasset" 9770
"../../../Engine/Content/EngineMaterials/Substrate/Glints2/dict_0006_0055.uasset" 9771
"../../../Engine/Content/EngineMaterials/Substrate/Glints2/dict_0006_0052.uasset" 9772
"../../../Engine/Content/EngineMaterials/Substrate/Glints2/dict_0006_0051.uasset" 9773
"../../../Engine/Content/EngineMaterials/Substrate/Glints2/dict_0006_0064.uasset" 9774
"../../../Engine/Content/EngineMaterials/Substrate/Glints2/dict_0006_0063.uasset" 9775
"../../../Engine/Content/EngineMaterials/Substrate/Glints2/dict_0006_0061.uasset" 9776
"../../../Engine/Content/EngineMaterials/Substrate/Glints2/dict_0006_0056.uasset" 9777
"../../../Engine/Content/EngineMaterials/Substrate/Glints2/dict_0006_0057.uasset" 9778
"../../../Engine/Content/EngineMaterials/Substrate/Glints2/dict_0006_0058.uasset" 9779
"../../../Engine/Content/EngineMaterials/Substrate/Glints2/dict_0006_0059.uasset" 9780
"../../../Engine/Content/EngineMaterials/Substrate/Glints2/dict_0006_0062.uasset" 9781
"../../../Engine/Content/EngineMaterials/Substrate/Glints2/dict_0006_0060.uasset" 9782
"../../../Engine/Content/EngineMaterials/Substrate/Glints2/dict_0006_0066.uasset" 9783
"/Engine/EngineMaterials/Substrate/Glints2/dict_0006_0051" 9784
"/Engine/EngineMaterials/Substrate/Glints2/dict_0006_0064" 9785
"../../../Engine/Content/EngineMaterials/Substrate/Glints2/dict_0006_0067.uasset" 9786
"../../../Engine/Content/EngineMaterials/Substrate/Glints2/dict_0006_0068.uasset" 9787
"/Engine/EngineMaterials/Substrate/Glints2/dict_0006_0063" 9788
"../../../Engine/Content/EngineMaterials/Substrate/Glints2/dict_0006_0065.uasset" 9789
"/Engine/EngineMaterials/Substrate/Glints2/dict_0006_0062" 9790
"/Engine/EngineMaterials/Substrate/Glints2/dict_0006_0061" 9791
"/Engine/EngineMaterials/Substrate/Glints2/dict_0006_0060" 9792
"/Engine/EngineMaterials/Substrate/Glints2/dict_0006_0059" 9793
"../../../Engine/Content/EngineMaterials/Substrate/Glints2/dict_0006_0073.uasset" 9794
"../../../Engine/Content/EngineMaterials/Substrate/Glints2/dict_0006_0070.uasset" 9795
"../../../Engine/Content/EngineMaterials/Substrate/Glints2/dict_0006_0069.uasset" 9796
"../../../Engine/Content/EngineMaterials/Substrate/Glints2/dict_0006_0071.uasset" 9797
"/Engine/EngineMaterials/Substrate/Glints2/dict_0006_0058" 9798
"../../../Engine/Content/EngineMaterials/Substrate/Glints2/dict_0006_0076.uasset" 9799
"../../../Engine/Content/EngineMaterials/Substrate/Glints2/dict_0006_0075.uasset" 9800
"../../../Engine/Content/EngineMaterials/Substrate/Glints2/dict_0006_0072.uasset" 9801
"/Engine/EngineMaterials/Substrate/Glints2/dict_0006_0057" 9802
"/Engine/EngineMaterials/Substrate/Glints2/dict_0006_0056" 9803
"/Engine/EngineMaterials/Substrate/Glints2/dict_0006_0055" 9804
"/Engine/EngineMaterials/Substrate/Glints2/dict_0006_0054" 9805
"/Engine/EngineMaterials/Substrate/Glints2/dict_0006_0053" 9806
"/Engine/EngineMaterials/Substrate/Glints2/dict_0006_0052" 9807
"/Engine/EngineMaterials/Substrate/Glints2/dict_0006_0067" 9808
"/Engine/EngineMaterials/Substrate/Glints2/dict_0006_0075" 9809
"/Engine/EngineMaterials/Substrate/Glints2/dict_0006_0073" 9810
"/Engine/EngineMaterials/Substrate/Glints2/dict_0006_0072" 9811
"../../../Engine/Content/EngineMaterials/Substrate/Glints2/dict_0006_0079.uasset" 9812
"/Engine/EngineMaterials/Substrate/Glints2/dict_0006_0071" 9813
"/Engine/EngineMaterials/Substrate/Glints2/dict_0006_0066" 9814
"../../../Engine/Content/EngineMaterials/Substrate/Glints2/dict_0006_0078.uasset" 9815
"/Engine/EngineMaterials/Substrate/Glints2/dict_0006_0065" 9816
"/Engine/EngineMaterials/Substrate/Glints2/dict_0006_0076" 9817
"/Engine/EngineMaterials/Substrate/Glints2/dict_0006_0070" 9818
"../../../Engine/Content/EngineMaterials/Substrate/Glints2/dict_0006_0080.uasset" 9819
"../../../Engine/Content/EngineMaterials/Substrate/Glints2/dict_0006_0082.uasset" 9820
"/Engine/EngineMaterials/Substrate/Glints2/dict_0006_0069" 9821
"/Engine/EngineMaterials/Substrate/Glints2/dict_0006_0068" 9822
"/Engine/EngineMaterials/Substrate/Glints2/dict_0006_0082" 9823
"/Engine/EngineMaterials/Substrate/Glints2/dict_0006_0080" 9824
"/Engine/EngineMaterials/Substrate/Glints2/dict_0006_0079" 9825
"../../../Engine/Content/EngineMaterials/Substrate/Glints2/dict_0006_0081.uasset" 9826
"../../../Engine/Content/EngineMaterials/Substrate/Glints2/dict_0006_0077.uasset" 9827
"/Engine/EngineMaterials/Substrate/Glints2/dict_0006_0078" 9828
"../../../Engine/Content/EngineMaterials/Substrate/Glints2/dict_0006_0074.uasset" 9829
"/Engine/EngineMaterials/Substrate/Glints2/dict_0006_0081" 9830
"/Engine/EngineMaterials/Substrate/Glints2/dict_0006_0074" 9831
"/Engine/EngineMaterials/Substrate/Glints2/dict_0006_0077" 9832
"../../../Engine/Content/EngineMaterials/Substrate/Glints2/dict_0006_0083.uasset" 9833
"../../../Engine/Content/EngineMaterials/Substrate/Glints2/dict_0006_0084.uasset" 9834
"../../../Engine/Content/EngineMaterials/Substrate/Glints2/dict_0006_0086.uasset" 9835
"../../../Engine/Content/EngineMaterials/Substrate/Glints2/dict_0006_0093.uasset" 9836
"../../../Engine/Content/EngineMaterials/Substrate/Glints2/dict_0006_0087.uasset" 9837
"../../../Engine/Content/EngineMaterials/Substrate/Glints2/dict_0006_0088.uasset" 9838
"../../../Engine/Content/EngineMaterials/Substrate/Glints2/dict_0006_0089.uasset" 9839
"../../../Engine/Content/EngineMaterials/Substrate/Glints2/dict_0006_0085.uasset" 9840
"../../../Engine/Content/EngineMaterials/Substrate/Glints2/dict_0006_0091.uasset" 9841
"../../../Engine/Content/EngineMaterials/Substrate/Glints2/dict_0006_0094.uasset" 9842
"../../../Engine/Content/EngineMaterials/Substrate/Glints2/dict_0006_0092.uasset" 9843
"../../../Engine/Content/EngineMaterials/Substrate/Glints2/dict_0006_0096.uasset" 9844
"../../../Engine/Content/EngineMaterials/Substrate/Glints2/dict_0006_0099.uasset" 9845
"../../../Engine/Content/EngineMaterials/Substrate/Glints2/dict_0006_0098.uasset" 9846
"../../../Engine/Content/EngineMaterials/Substrate/Glints2/dict_0006_0095.uasset" 9847
"../../../Engine/Content/EngineMaterials/Substrate/Glints2/dict_0006_0097.uasset" 9848
"/Engine/EngineMaterials/Substrate/Glints2/dict_0006_0096" 9849
"/Engine/EngineMaterials/Substrate/Glints2/dict_0006_0095" 9850
"/Engine/EngineMaterials/Substrate/Glints2/dict_0006_0094" 9851
"/Engine/EngineMaterials/Substrate/Glints2/dict_0006_0099" 9852
"/Engine/EngineMaterials/Substrate/Glints2/dict_0006_0093" 9853
"/Engine/EngineMaterials/Substrate/Glints2/dict_0006_0092" 9854
"../../../Engine/Content/EngineMaterials/Substrate/Glints2/dict_0006_0101.uasset" 9855
"/Engine/EngineMaterials/Substrate/Glints2/dict_0006_0098" 9856
"../../../Engine/Content/EngineMaterials/Substrate/Glints2/dict_0006_0090.uasset" 9857
"../../../Engine/Content/EngineMaterials/Substrate/Glints2/dict_0006_0107.uasset" 9858
"/Engine/EngineMaterials/Substrate/Glints2/dict_0006_0091" 9859
"../../../Engine/Content/EngineMaterials/Substrate/Glints2/dict_0006_0102.uasset" 9860
"/Engine/EngineMaterials/Substrate/Glints2/dict_0006_0089" 9861
"../../../Engine/Content/EngineMaterials/Substrate/Glints2/dict_0006_0105.uasset" 9862
"../../../Engine/Content/EngineMaterials/Substrate/Glints2/dict_0006_0100.uasset" 9863
"../../../Engine/Content/EngineMaterials/Substrate/Glints2/dict_0006_0108.uasset" 9864
"../../../Engine/Content/EngineMaterials/Substrate/Glints2/dict_0006_0106.uasset" 9865
"/Engine/EngineMaterials/Substrate/Glints2/dict_0006_0088" 9866
"/Engine/EngineMaterials/Substrate/Glints2/dict_0006_0087" 9867
"/Engine/EngineMaterials/Substrate/Glints2/dict_0006_0097" 9868
"../../../Engine/Content/EngineMaterials/Substrate/Glints2/dict_0006_0103.uasset" 9869
"/Engine/EngineMaterials/Substrate/Glints2/dict_0006_0086" 9870
"/Engine/EngineMaterials/Substrate/Glints2/dict_0006_0085" 9871
"/Engine/EngineMaterials/Substrate/Glints2/dict_0006_0084" 9872
"/Engine/EngineMaterials/Substrate/Glints2/dict_0006_0083" 9873
"/Engine/EngineMaterials/Substrate/Glints2/dict_0006_0107" 9874
"../../../Engine/Content/EngineMaterials/Substrate/Glints2/dict_0006_0110.uasset" 9875
"/Engine/EngineMaterials/Substrate/Glints2/dict_0006_0108" 9876
"../../../Engine/Content/EngineMaterials/Substrate/Glints2/dict_0006_0112.uasset" 9877
"../../../Engine/Content/EngineMaterials/Substrate/Glints2/dict_0006_0109.uasset" 9878
"/Engine/EngineMaterials/Substrate/Glints2/dict_0006_0106" 9879
"../../../Engine/Content/EngineMaterials/Substrate/Glints2/dict_0006_0111.uasset" 9880
"/Engine/EngineMaterials/Substrate/Glints2/dict_0006_0105" 9881
"/Engine/EngineMaterials/Substrate/Glints2/dict_0006_0103" 9882
"/Engine/EngineMaterials/Substrate/Glints2/dict_0006_0102" 9883
"/Engine/EngineMaterials/Substrate/Glints2/dict_0006_0101" 9884
"/Engine/EngineMaterials/Substrate/Glints2/dict_0006_0100" 9885
"/Engine/EngineMaterials/Substrate/Glints2/dict_0006_0090" 9886
"/Engine/EngineMaterials/Substrate/Glints2/dict_0006_0111" 9887
"/Engine/EngineMaterials/Substrate/Glints2/dict_0006_0110" 9888
"/Engine/EngineMaterials/Substrate/Glints2/dict_0006_0109" 9889
"/Engine/EngineMaterials/Substrate/Glints2/dict_0006_0112" 9890
"../../../Engine/Content/EngineMaterials/Substrate/Glints2/dict_0006_0114.uasset" 9891
"../../../Engine/Content/EngineMaterials/Substrate/Glints2/dict_0006_0104.uasset" 9892
"../../../Engine/Content/EngineMaterials/Substrate/Glints2/dict_0006_0113.uasset" 9893
"../../../Engine/Content/EngineMaterials/Substrate/Glints2/dict_0006_0123.uasset" 9894
"../../../Engine/Content/EngineMaterials/Substrate/Glints2/dict_0006_0119.uasset" 9895
"../../../Engine/Content/EngineMaterials/Substrate/Glints2/dict_0006_0118.uasset" 9896
"../../../Engine/Content/EngineMaterials/Substrate/Glints2/dict_0006_0121.uasset" 9897
"../../../Engine/Content/EngineMaterials/Substrate/Glints2/dict_0006_0115.uasset" 9898
"../../../Engine/Content/EngineMaterials/Substrate/Glints2/dict_0006_0116.uasset" 9899
"../../../Engine/Content/EngineMaterials/Substrate/Glints2/dict_0006_0122.uasset" 9900
"../../../Engine/Content/EngineMaterials/Substrate/Glints2/dict_0006_0125.uasset" 9901
"../../../Engine/Content/EngineMaterials/Substrate/Glints2/dict_0006_0117.uasset" 9902
"../../../Engine/Content/EngineMaterials/Substrate/Glints2/dict_0006_0120.uasset" 9903
"../../../Engine/Content/EngineMaterials/Substrate/Glints2/dict_0006_0124.uasset" 9904
"/Engine/EngineMaterials/Substrate/Glints2/dict_0006_0114" 9905
"../../../Engine/Content/EngineMaterials/Substrate/Glints2/dict_0006_0128.uasset" 9906
"../../../Engine/Content/EngineMaterials/Substrate/Glints2/dict_0006_0126.uasset" 9907
"../../../Engine/Content/EngineMaterials/Substrate/Glints2/dict_0006_0127.uasset" 9908
"../../../Engine/Content/EngineMaterials/Substrate/Glints2/dict_0006_0130.uasset" 9909
"../../../Engine/Content/EngineMaterials/Substrate/Glints2/dict_0006_0131.uasset" 9910
"/Engine/EngineMaterials/Substrate/Glints2/dict_0006_0113" 9911
"../../../Engine/Content/EngineMaterials/Substrate/Glints2/dict_0006_0129.uasset" 9912
"/Engine/EngineMaterials/Substrate/Glints2/dict_0006_0104" 9913
"../../../Engine/Content/EngineMaterials/Substrate/Glints2/dict_0006_0136.uasset" 9914
"../../../Engine/Content/EngineMaterials/Substrate/Glints2/dict_0006_0133.uasset" 9915
"../../../Engine/Content/EngineMaterials/Substrate/Glints2/dict_0006_0132.uasset" 9916
"../../../Engine/Content/EngineMaterials/Substrate/Glints2/dict_0006_0134.uasset" 9917
"../../../Engine/Content/EngineMaterials/Substrate/Glints2/dict_0006_0135.uasset" 9918
"/Engine/EngineMaterials/Substrate/Glints2/dict_0006_0125" 9919
"/Engine/EngineMaterials/Substrate/Glints2/dict_0006_0123" 9920
"/Engine/EngineMaterials/Substrate/Glints2/dict_0006_0122" 9921
"/Engine/EngineMaterials/Substrate/Glints2/dict_0006_0121" 9922
"/Engine/EngineMaterials/Substrate/Glints2/dict_0006_0120" 9923
"/Engine/EngineMaterials/Substrate/Glints2/dict_0006_0119" 9924
"/Engine/EngineMaterials/Substrate/Glints2/dict_0006_0118" 9925
"/Engine/EngineMaterials/Substrate/Glints2/dict_0006_0117" 9926
"/Engine/EngineMaterials/Substrate/Glints2/dict_0006_0116" 9927
"/Engine/EngineMaterials/Substrate/Glints2/dict_0006_0115" 9928
"../../../Engine/Content/EngineMaterials/Substrate/Glints2/dict_0006_0138.uasset" 9929
"../../../Engine/Content/EngineMaterials/Substrate/Glints2/dict_0006_0140.uasset" 9930
"../../../Engine/Content/EngineMaterials/Substrate/Glints2/dict_0006_0137.uasset" 9931
"../../../Engine/Content/EngineMaterials/Substrate/Glints2/dict_0006_0142.uasset" 9932
"/Engine/EngineMaterials/Substrate/Glints2/dict_0006_0130" 9933
"../../../Engine/Content/EngineMaterials/Substrate/Glints2/dict_0006_0141.uasset" 9934
"../../../Engine/Content/EngineMaterials/Substrate/Glints2/dict_0006_0143.uasset" 9935
"/Engine/EngineMaterials/Substrate/Glints2/dict_0006_0138" 9936
"/Engine/EngineMaterials/Substrate/Glints2/dict_0006_0137" 9937
"/Engine/EngineMaterials/Substrate/Glints2/dict_0006_0140" 9938
"/Engine/EngineMaterials/Substrate/Glints2/dict_0006_0136" 9939
"/Engine/EngineMaterials/Substrate/Glints2/dict_0006_0135" 9940
"/Engine/EngineMaterials/Substrate/Glints2/dict_0006_0134" 9941
"/Engine/EngineMaterials/Substrate/Glints2/dict_0006_0133" 9942
"../../../Engine/Content/EngineMaterials/Substrate/Glints2/dict_0006_0139.uasset" 9943
"/Engine/EngineMaterials/Substrate/Glints2/dict_0006_0132" 9944
"/Engine/EngineMaterials/Substrate/Glints2/dict_0006_0129" 9945
"/Engine/EngineMaterials/Substrate/Glints2/dict_0006_0128" 9946
"/Engine/EngineMaterials/Substrate/Glints2/dict_0006_0127" 9947
"/Engine/EngineMaterials/Substrate/Glints2/dict_0006_0126" 9948
"/Engine/EngineMaterials/Substrate/Glints2/dict_0006_0124" 9949
"/Engine/EngineMaterials/Substrate/Glints2/dict_0006_0131" 9950
"/Engine/EngineMaterials/Substrate/Glints2/dict_0006_0143" 9951
"/Engine/EngineMaterials/Substrate/Glints2/dict_0006_0139" 9952
"../../../Engine/Content/EngineMaterials/Substrate/Glints2/dict_0006_0154.uasset" 9953
"../../../Engine/Content/EngineMaterials/Substrate/Glints2/dict_0006_0146.uasset" 9954
"../../../Engine/Content/EngineMaterials/Substrate/Glints2/dict_0006_0153.uasset" 9955
"../../../Engine/Content/EngineMaterials/Substrate/Glints2/dict_0006_0144.uasset" 9956
"../../../Engine/Content/EngineMaterials/Substrate/Glints2/dict_0006_0156.uasset" 9957
"../../../Engine/Content/EngineMaterials/Substrate/Glints2/dict_0006_0155.uasset" 9958
"../../../Engine/Content/EngineMaterials/Substrate/Glints2/dict_0006_0150.uasset" 9959
"../../../Engine/Content/EngineMaterials/Substrate/Glints2/dict_0006_0149.uasset" 9960
"../../../Engine/Content/EngineMaterials/Substrate/Glints2/dict_0006_0152.uasset" 9961
"../../../Engine/Content/EngineMaterials/Substrate/Glints2/dict_0006_0145.uasset" 9962
"../../../Engine/Content/EngineMaterials/Substrate/Glints2/dict_0006_0148.uasset" 9963
"../../../Engine/Content/EngineMaterials/Substrate/Glints2/dict_0006_0151.uasset" 9964
"../../../Engine/Content/EngineMaterials/Substrate/Glints2/dict_0006_0147.uasset" 9965
"/Engine/EngineMaterials/Substrate/Glints2/dict_0006_0142" 9966
"/Engine/EngineMaterials/Substrate/Glints2/dict_0006_0141" 9967
"/Engine/EngineMaterials/Substrate/Glints2/dict_0006_0156" 9968
"/Engine/EngineMaterials/Substrate/Glints2/dict_0006_0155" 9969
"/Engine/EngineMaterials/Substrate/Glints2/dict_0006_0154" 9970
"/Engine/EngineMaterials/Substrate/Glints2/dict_0006_0153" 9971
"/Engine/EngineMaterials/Substrate/Glints2/dict_0006_0152" 9972
"/Engine/EngineMaterials/Substrate/Glints2/dict_0006_0151" 9973
"/Engine/EngineMaterials/Substrate/Glints2/dict_0006_0150" 9974
"/Engine/EngineMaterials/Substrate/Glints2/dict_0006_0149" 9975
"/Engine/EngineMaterials/Substrate/Glints2/dict_0006_0148" 9976
"/Engine/EngineMaterials/Substrate/Glints2/dict_0006_0147" 9977
"/Engine/EngineMaterials/Substrate/Glints2/dict_0006_0146" 9978
"../../../Engine/Content/EngineMaterials/Substrate/Glints2/dict_0006_0162.uasset" 9979
"../../../Engine/Content/EngineMaterials/Substrate/Glints2/dict_0006_0169.uasset" 9980
"../../../Engine/Content/EngineMaterials/Substrate/Glints2/dict_0006_0163.uasset" 9981
"/Engine/EngineMaterials/Substrate/Glints2/dict_0006_0145" 9982
"../../../Engine/Content/EngineMaterials/Substrate/Glints2/dict_0006_0157.uasset" 9983
"../../../Engine/Content/EngineMaterials/Substrate/Glints2/dict_0006_0168.uasset" 9984
"../../../Engine/Content/EngineMaterials/Substrate/Glints2/dict_0006_0161.uasset" 9985
"../../../Engine/Content/EngineMaterials/Substrate/Glints2/dict_0006_0164.uasset" 9986
"../../../Engine/Content/EngineMaterials/Substrate/Glints2/dict_0006_0158.uasset" 9987
"../../../Engine/Content/EngineMaterials/Substrate/Glints2/dict_0006_0165.uasset" 9988
"../../../Engine/Content/EngineMaterials/Substrate/Glints2/dict_0006_0159.uasset" 9989
"../../../Engine/Content/EngineMaterials/Substrate/Glints2/dict_0006_0160.uasset" 9990
"../../../Engine/Content/EngineMaterials/Substrate/Glints2/dict_0006_0167.uasset" 9991
"../../../Engine/Content/EngineMaterials/Substrate/Glints2/dict_0006_0166.uasset" 9992
"/Engine/EngineMaterials/Substrate/Glints2/dict_0006_0144" 9993
"/Engine/EngineMaterials/Substrate/Glints2/dict_0006_0169" 9994
"/Engine/EngineMaterials/Substrate/Glints2/dict_0006_0168" 9995
"/Engine/EngineMaterials/Substrate/Glints2/dict_0006_0167" 9996
"/Engine/EngineMaterials/Substrate/Glints2/dict_0006_0166" 9997
"/Engine/EngineMaterials/Substrate/Glints2/dict_0006_0165" 9998
"/Engine/EngineMaterials/Substrate/Glints2/dict_0006_0164" 9999
"/Engine/EngineMaterials/Substrate/Glints2/dict_0006_0163" 10000
"/Engine/EngineMaterials/Substrate/Glints2/dict_0006_0162" 10001
"/Engine/EngineMaterials/Substrate/Glints2/dict_0006_0161" 10002
"../../../Engine/Content/EngineMaterials/Substrate/Glints2/dict_0006_0174.uasset" 10003
"../../../Engine/Content/EngineMaterials/Substrate/Glints2/dict_0006_0175.uasset" 10004
"../../../Engine/Content/EngineMaterials/Substrate/Glints2/dict_0006_0176.uasset" 10005
"../../../Engine/Content/EngineMaterials/Substrate/Glints2/dict_0006_0178.uasset" 10006
"../../../Engine/Content/EngineMaterials/Substrate/Glints2/dict_0006_0173.uasset" 10007
"../../../Engine/Content/EngineMaterials/Substrate/Glints2/dict_0006_0171.uasset" 10008
"../../../Engine/Content/EngineMaterials/Substrate/Glints2/dict_0006_0172.uasset" 10009
"../../../Engine/Content/EngineMaterials/Substrate/Glints2/dict_0006_0177.uasset" 10010
"../../../Engine/Content/EngineMaterials/Substrate/Glints2/dict_0006_0183.uasset" 10011
"../../../Engine/Content/EngineMaterials/Substrate/Glints2/dict_0006_0170.uasset" 10012
"../../../Engine/Content/EngineMaterials/Substrate/Glints2/dict_0006_0179.uasset" 10013
"/Engine/EngineMaterials/Substrate/Glints2/dict_0006_0160" 10014
"../../../Engine/Content/EngineMaterials/Substrate/Glints2/dict_0006_0181.uasset" 10015
"/Engine/EngineMaterials/Substrate/Glints2/dict_0006_0159" 10016
"../../../Engine/Content/EngineMaterials/Substrate/Glints2/dict_0006_0182.uasset" 10017
"/Engine/EngineMaterials/Substrate/Glints2/dict_0006_0158" 10018
"../../../Engine/Content/EngineMaterials/Substrate/Glints2/dict_0006_0180.uasset" 10019
"/Engine/EngineMaterials/Substrate/Glints2/dict_0006_0157" 10020
"/Engine/EngineMaterials/Substrate/Glints2/dict_0006_0171" 10021
"/Engine/EngineMaterials/Substrate/Glints2/dict_0006_0175" 10022
"/Engine/EngineMaterials/Substrate/Glints2/dict_0006_0174" 10023
"/Engine/EngineMaterials/Substrate/Glints2/dict_0006_0173" 10024
"/Engine/EngineMaterials/Substrate/Glints2/dict_0006_0172" 10025
"/Engine/EngineMaterials/Substrate/Glints2/dict_0006_0170" 10026
"/Engine/EngineMaterials/Substrate/Glints2/dict_0006_0183" 10027
"/Engine/EngineMaterials/Substrate/Glints2/dict_0006_0182" 10028
"../../../Engine/Content/EngineMaterials/Substrate/Glints2/dict_0006_0186.uasset" 10029
"../../../Engine/Content/EngineMaterials/Substrate/Glints2/dict_0006_0188.uasset" 10030
"../../../Engine/Content/EngineMaterials/Substrate/Glints2/dict_0006_0185.uasset" 10031
"/Engine/EngineMaterials/Substrate/Glints2/dict_0006_0181" 10032
"../../../Engine/Content/EngineMaterials/Substrate/Glints2/dict_0006_0187.uasset" 10033
"../../../Engine/Content/EngineMaterials/Substrate/Glints2/dict_0006_0197.uasset" 10034
"../../../Engine/Content/EngineMaterials/Substrate/Glints2/dict_0006_0196.uasset" 10035
"../../../Engine/Content/EngineMaterials/Substrate/Glints2/dict_0006_0195.uasset" 10036
"../../../Engine/Content/EngineMaterials/Substrate/Glints2/dict_0006_0193.uasset" 10037
"../../../Engine/Content/EngineMaterials/Substrate/Glints2/dict_0006_0184.uasset" 10038
"/Engine/EngineMaterials/Substrate/Glints2/dict_0006_0180" 10039
"../../../Engine/Content/EngineMaterials/Substrate/Glints2/dict_0006_0192.uasset" 10040
"/Engine/EngineMaterials/Substrate/Glints2/dict_0006_0179" 10041
"../../../Engine/Content/EngineMaterials/Substrate/Glints2/dict_0006_0189.uasset" 10042
"../../../Engine/Content/EngineMaterials/Substrate/Glints2/dict_0006_0191.uasset" 10043
"../../../Engine/Content/EngineMaterials/Substrate/Glints2/dict_0006_0194.uasset" 10044
"/Engine/EngineMaterials/Substrate/Glints2/dict_0006_0178" 10045
"/Engine/EngineMaterials/Substrate/Glints2/dict_0006_0177" 10046
"/Engine/EngineMaterials/Substrate/Glints2/dict_0006_0176" 10047
"/Engine/EngineMaterials/Substrate/Glints2/dict_0006_0188" 10048
"/Engine/EngineMaterials/Substrate/Glints2/dict_0006_0187" 10049
"/Engine/EngineMaterials/Substrate/Glints2/dict_0006_0186" 10050
"/Engine/EngineMaterials/Substrate/Glints2/dict_0006_0197" 10051
"/Engine/EngineMaterials/Substrate/Glints2/dict_0006_0196" 10052
"/Engine/EngineMaterials/Substrate/Glints2/dict_0006_0195" 10053
"../../../Engine/Content/EngineMaterials/Substrate/Glints2/dict_0006_0190.uasset" 10054
"/Engine/EngineMaterials/Substrate/Glints2/dict_0006_0194" 10055
"/Engine/EngineMaterials/Substrate/Glints2/dict_0006_0193" 10056
"/Engine/EngineMaterials/Substrate/Glints2/dict_0006_0192" 10057
"/Engine/EngineMaterials/Substrate/Glints2/dict_0006_0191" 10058
"/Engine/EngineMaterials/Substrate/Glints2/dict_0006_0185" 10059
"/Engine/EngineMaterials/Substrate/Glints2/dict_0006_0184" 10060
"/Engine/EngineMaterials/Substrate/Glints2/dict_0006_0189" 10061
"../../../Engine/Content/EngineMaterials/Substrate/Glints2/dict_0006_0199.uasset" 10062
"/Engine/EngineMaterials/Substrate/Glints2/dict_0006_0199" 10063
"/Engine/EngineMaterials/Substrate/Glints2/dict_0006_0190" 10064
"../../../Engine/Content/EngineMaterials/Substrate/Glints2/dict_0006_0200.uasset" 10065
"/Engine/EngineMaterials/Substrate/Glints2/dict_0006_0200" 10066
"../../../Engine/Content/EngineMaterials/Substrate/Glints2/dict_0006_0201.uasset" 10067
"/Engine/EngineMaterials/Substrate/Glints2/dict_0006_0201" 10068
"../../../Engine/Content/EngineMaterials/Substrate/Glints2/dict_0006_0198.uasset" 10069
"/Engine/EngineMaterials/Substrate/Glints2/dict_0006_0198" 10070
"../../../Engine/Content/EngineMaterials/Substrate/Glints2/dict_0006_0205.uasset" 10071
"../../../Engine/Content/EngineMaterials/Substrate/Glints2/dict_0006_0202.uasset" 10072
"../../../Engine/Content/EngineMaterials/Substrate/Glints2/dict_0006_0206.uasset" 10073
"../../../Engine/Content/EngineMaterials/Substrate/Glints2/dict_0006_0207.uasset" 10074
"../../../Engine/Content/EngineMaterials/Substrate/Glints2/dict_0006_0208.uasset" 10075
"../../../Engine/Content/EngineMaterials/Substrate/Glints2/dict_0006_0210.uasset" 10076
"../../../Engine/Content/EngineMaterials/Substrate/Glints2/dict_0006_0204.uasset" 10077
"../../../Engine/Content/EngineMaterials/Substrate/Glints2/dict_0006_0211.uasset" 10078
"../../../Engine/Content/EngineMaterials/Substrate/Glints2/dict_0006_0203.uasset" 10079
"../../../Engine/Content/EngineMaterials/Substrate/Glints2/dict_0006_0209.uasset" 10080
"../../../Engine/Content/EngineMaterials/Substrate/Glints2/dict_0006_0212.uasset" 10081
"../../../Engine/Content/EngineMaterials/Substrate/Glints2/dict_0006_0215.uasset" 10082
"../../../Engine/Content/EngineMaterials/Substrate/Glints2/dict_0006_0216.uasset" 10083
"../../../Engine/Content/EngineMaterials/Substrate/Glints2/dict_0006_0214.uasset" 10084
"../../../Engine/Content/EngineMaterials/Substrate/Glints2/dict_0006_0213.uasset" 10085
"../../../Engine/Content/EngineMaterials/Substrate/Glints2/dict_0006_0218.uasset" 10086
"../../../Engine/Content/EngineMaterials/Substrate/Glints2/dict_0006_0220.uasset" 10087
"../../../Engine/Content/EngineMaterials/Substrate/Glints2/dict_0006_0221.uasset" 10088
"../../../Engine/Content/EngineMaterials/Substrate/Glints2/dict_0006_0217.uasset" 10089
"/Engine/EngineMaterials/Substrate/Glints2/dict_0006_0215" 10090
"/Engine/EngineMaterials/Substrate/Glints2/dict_0006_0214" 10091
"../../../Engine/Content/EngineMaterials/Substrate/Glints2/dict_0006_0222.uasset" 10092
"/Engine/EngineMaterials/Substrate/Glints2/dict_0006_0213" 10093
"/Engine/EngineMaterials/Substrate/Glints2/dict_0006_0212" 10094
"/Engine/EngineMaterials/Substrate/Glints2/dict_0006_0211" 10095
"/Engine/EngineMaterials/Substrate/Glints2/dict_0006_0210" 10096
"../../../Engine/Content/EngineMaterials/Substrate/Glints2/dict_0006_0223.uasset" 10097
"/Engine/EngineMaterials/Substrate/Glints2/dict_0006_0221" 10098
"../../../Engine/Content/EngineMaterials/Substrate/Glints2/dict_0006_0219.uasset" 10099
"/Engine/EngineMaterials/Substrate/Glints2/dict_0006_0220" 10100
"/Engine/EngineMaterials/Substrate/Glints2/dict_0006_0218" 10101
"/Engine/EngineMaterials/Substrate/Glints2/dict_0006_0216" 10102
"/Engine/EngineMaterials/Substrate/Glints2/dict_0006_0209" 10103
"../../../Engine/Content/EngineMaterials/Substrate/Glints2/dict_0006_0226.uasset" 10104
"/Engine/EngineMaterials/Substrate/Glints2/dict_0006_0208" 10105
"../../../Engine/Content/EngineMaterials/Substrate/Glints2/dict_0006_0228.uasset" 10106
"../../../Engine/Content/EngineMaterials/Substrate/Glints2/dict_0006_0227.uasset" 10107
"/Engine/EngineMaterials/Substrate/Glints2/dict_0006_0207" 10108
"/Engine/EngineMaterials/Substrate/Glints2/dict_0006_0206" 10109
"/Engine/EngineMaterials/Substrate/Glints2/dict_0006_0205" 10110
"../../../Engine/Content/EngineMaterials/Substrate/Glints2/dict_0006_0231.uasset" 10111
"/Engine/EngineMaterials/Substrate/Glints2/dict_0006_0204" 10112
"/Engine/EngineMaterials/Substrate/Glints2/dict_0006_0203" 10113
"/Engine/EngineMaterials/Substrate/Glints2/dict_0006_0202" 10114
"../../../Engine/Content/EngineMaterials/Substrate/Glints2/dict_0006_0229.uasset" 10115
"../../../Engine/Content/EngineMaterials/Substrate/Glints2/dict_0006_0232.uasset" 10116
"/Engine/EngineMaterials/Substrate/Glints2/dict_0006_0228" 10117
"../../../Engine/Content/EngineMaterials/Substrate/Glints2/dict_0006_0233.uasset" 10118
"../../../Engine/Content/EngineMaterials/Substrate/Glints2/dict_0006_0225.uasset" 10119
"/Engine/EngineMaterials/Substrate/Glints2/dict_0006_0232" 10120
"../../../Engine/Content/EngineMaterials/Substrate/Glints2/dict_0006_0224.uasset" 10121
"/Engine/EngineMaterials/Substrate/Glints2/dict_0006_0227" 10122
"/Engine/EngineMaterials/Substrate/Glints2/dict_0006_0231" 10123
"/Engine/EngineMaterials/Substrate/Glints2/dict_0006_0226" 10124
"/Engine/EngineMaterials/Substrate/Glints2/dict_0006_0223" 10125
"/Engine/EngineMaterials/Substrate/Glints2/dict_0006_0222" 10126
"/Engine/EngineMaterials/Substrate/Glints2/dict_0006_0219" 10127
"/Engine/EngineMaterials/Substrate/Glints2/dict_0006_0229" 10128
"/Engine/EngineMaterials/Substrate/Glints2/dict_0006_0217" 10129
"/Engine/EngineMaterials/Substrate/Glints2/dict_0006_0233" 10130
"/Engine/EngineMaterials/Substrate/Glints2/dict_0006_0225" 10131
"/Engine/EngineMaterials/Substrate/Glints2/dict_0006_0224" 10132
"../../../Engine/Content/EngineMaterials/Substrate/Glints2/dict_0006_0230.uasset" 10133
"../../../Engine/Content/EngineMaterials/Substrate/Glints2/dict_0006_0242.uasset" 10134
"../../../Engine/Content/EngineMaterials/Substrate/Glints2/dict_0006_0239.uasset" 10135
"../../../Engine/Content/EngineMaterials/Substrate/Glints2/dict_0006_0237.uasset" 10136
"../../../Engine/Content/EngineMaterials/Substrate/Glints2/dict_0006_0234.uasset" 10137
"../../../Engine/Content/EngineMaterials/Substrate/Glints2/dict_0006_0241.uasset" 10138
"../../../Engine/Content/EngineMaterials/Substrate/Glints2/dict_0006_0243.uasset" 10139
"../../../Engine/Content/EngineMaterials/Substrate/Glints2/dict_0006_0240.uasset" 10140
"../../../Engine/Content/EngineMaterials/Substrate/Glints2/dict_0006_0236.uasset" 10141
"../../../Engine/Content/EngineMaterials/Substrate/Glints2/dict_0006_0245.uasset" 10142
"../../../Engine/Content/EngineMaterials/Substrate/Glints2/dict_0006_0238.uasset" 10143
"../../../Engine/Content/EngineMaterials/Substrate/Glints2/dict_0006_0244.uasset" 10144
"../../../Engine/Content/EngineMaterials/Substrate/Glints2/dict_0006_0246.uasset" 10145
"../../../Engine/Content/EngineMaterials/Substrate/Glints2/dict_0006_0235.uasset" 10146
"/Engine/EngineMaterials/Substrate/Glints2/dict_0006_0246" 10147
"/Engine/EngineMaterials/Substrate/Glints2/dict_0006_0230" 10148
"../../../Engine/Content/EngineMaterials/Substrate/Glints2/dict_0006_0251.uasset" 10149
"../../../Engine/Content/EngineMaterials/Substrate/Glints2/dict_0006_0253.uasset" 10150
"/Engine/EngineMaterials/Substrate/Glints2/dict_0006_0245" 10151
"../../../Engine/Content/EngineMaterials/Substrate/Glints2/dict_0006_0252.uasset" 10152
"../../../Engine/Content/EngineMaterials/Substrate/Glints2/dict_0006_0254.uasset" 10153
"../../../Engine/Content/EngineMaterials/Substrate/Glints2/dict_0006_0249.uasset" 10154
"/Engine/EngineMaterials/Substrate/Glints2/dict_0006_0244" 10155
"../../../Engine/Content/EngineMaterials/Substrate/Glints2/dict_0006_0247.uasset" 10156
"/Engine/EngineMaterials/Substrate/Glints2/dict_0006_0243" 10157
"../../../Engine/Content/EngineMaterials/Substrate/Glints2/dict_0007_0001.uasset" 10158
"../../../Engine/Content/EngineMaterials/Substrate/Glints2/dict_0006_0248.uasset" 10159
"/Engine/EngineMaterials/Substrate/Glints2/dict_0006_0242" 10160
"../../../Engine/Content/EngineMaterials/Substrate/Glints2/dict_0007_0000.uasset" 10161
"/Engine/EngineMaterials/Substrate/Glints2/dict_0006_0241" 10162
"../../../Engine/Content/EngineMaterials/Substrate/Glints2/dict_0006_0250.uasset" 10163
"/Engine/EngineMaterials/Substrate/Glints2/dict_0006_0240" 10164
"/Engine/EngineMaterials/Substrate/Glints2/dict_0006_0239" 10165
"/Engine/EngineMaterials/Substrate/Glints2/dict_0006_0238" 10166
"/Engine/EngineMaterials/Substrate/Glints2/dict_0006_0237" 10167
"/Engine/EngineMaterials/Substrate/Glints2/dict_0006_0236" 10168
"/Engine/EngineMaterials/Substrate/Glints2/dict_0006_0235" 10169
"/Engine/EngineMaterials/Substrate/Glints2/dict_0006_0234" 10170
"/Engine/EngineMaterials/Substrate/Glints2/dict_0006_0251" 10171
"../../../Engine/Content/EngineMaterials/Substrate/Glints2/dict_0007_0004.uasset" 10172
"/Engine/EngineMaterials/Substrate/Glints2/dict_0006_0250" 10173
"../../../Engine/Content/EngineMaterials/Substrate/Glints2/dict_0007_0003.uasset" 10174
"/Engine/EngineMaterials/Substrate/Glints2/dict_0006_0249" 10175
"../../../Engine/Content/EngineMaterials/Substrate/Glints2/dict_0006_0255.uasset" 10176
"/Engine/EngineMaterials/Substrate/Glints2/dict_0006_0248" 10177
"../../../Engine/Content/EngineMaterials/Substrate/Glints2/dict_0007_0002.uasset" 10178
"/Engine/EngineMaterials/Substrate/Glints2/dict_0006_0247" 10179
"/Engine/EngineMaterials/Substrate/Glints2/dict_0007_0001" 10180
"/Engine/EngineMaterials/Substrate/Glints2/dict_0007_0000" 10181
"/Engine/EngineMaterials/Substrate/Glints2/dict_0006_0254" 10182
"../../../Engine/Content/EngineMaterials/Substrate/Glints2/dict_0007_0007.uasset" 10183
"../../../Engine/Content/EngineMaterials/Substrate/Glints2/dict_0007_0005.uasset" 10184
"../../../Engine/Content/EngineMaterials/Substrate/Glints2/dict_0007_0006.uasset" 10185
"../../../Engine/Content/EngineMaterials/Substrate/Glints2/dict_0007_0008.uasset" 10186
"/Engine/EngineMaterials/Substrate/Glints2/dict_0006_0253" 10187
"/Engine/EngineMaterials/Substrate/Glints2/dict_0006_0252" 10188
"/Engine/EngineMaterials/Substrate/Glints2/dict_0007_0005" 10189
"/Engine/EngineMaterials/Substrate/Glints2/dict_0007_0004" 10190
"/Engine/EngineMaterials/Substrate/Glints2/dict_0007_0003" 10191
"/Engine/EngineMaterials/Substrate/Glints2/dict_0007_0002" 10192
"/Engine/EngineMaterials/Substrate/Glints2/dict_0007_0008" 10193
"/Engine/EngineMaterials/Substrate/Glints2/dict_0007_0007" 10194
"/Engine/EngineMaterials/Substrate/Glints2/dict_0007_0006" 10195
"/Engine/EngineMaterials/Substrate/Glints2/dict_0006_0255" 10196
"../../../Engine/Content/EngineMaterials/Substrate/Glints2/dict_0007_0013.uasset" 10197
"../../../Engine/Content/EngineMaterials/Substrate/Glints2/dict_0007_0015.uasset" 10198
"../../../Engine/Content/EngineMaterials/Substrate/Glints2/dict_0007_0009.uasset" 10199
"/Engine/EngineMaterials/Substrate/Glints2/dict_0007_0013" 10200
"/Engine/EngineMaterials/Substrate/Glints2/dict_0007_0009" 10201
"../../../Engine/Content/EngineMaterials/Substrate/Glints2/dict_0007_0011.uasset" 10202
"/Engine/EngineMaterials/Substrate/Glints2/dict_0007_0015" 10203
"../../../Engine/Content/EngineMaterials/Substrate/Glints2/dict_0007_0010.uasset" 10204
"/Engine/EngineMaterials/Substrate/Glints2/dict_0007_0011" 10205
"/Engine/EngineMaterials/Substrate/Glints2/dict_0007_0010" 10206
"../../../Engine/Content/EngineMaterials/Substrate/Glints2/dict_0007_0019.uasset" 10207
"../../../Engine/Content/EngineMaterials/Substrate/Glints2/dict_0007_0022.uasset" 10208
"../../../Engine/Content/EngineMaterials/Substrate/Glints2/dict_0007_0021.uasset" 10209
"../../../Engine/Content/EngineMaterials/Substrate/Glints2/dict_0007_0017.uasset" 10210
"../../../Engine/Content/EngineMaterials/Substrate/Glints2/dict_0007_0018.uasset" 10211
"../../../Engine/Content/EngineMaterials/Substrate/Glints2/dict_0007_0016.uasset" 10212
"../../../Engine/Content/EngineMaterials/Substrate/Glints2/dict_0007_0014.uasset" 10213
"../../../Engine/Content/EngineMaterials/Substrate/Glints2/dict_0007_0012.uasset" 10214
"../../../Engine/Content/EngineMaterials/Substrate/Glints2/dict_0007_0023.uasset" 10215
"../../../Engine/Content/EngineMaterials/Substrate/Glints2/dict_0007_0026.uasset" 10216
"../../../Engine/Content/EngineMaterials/Substrate/Glints2/dict_0007_0020.uasset" 10217
"../../../Engine/Content/EngineMaterials/Substrate/Glints2/dict_0007_0027.uasset" 10218
"../../../Engine/Content/EngineMaterials/Substrate/Glints2/dict_0007_0025.uasset" 10219
"../../../Engine/Content/EngineMaterials/Substrate/Glints2/dict_0007_0028.uasset" 10220
"../../../Engine/Content/EngineMaterials/Substrate/Glints2/dict_0007_0024.uasset" 10221
"/Engine/EngineMaterials/Substrate/Glints2/dict_0007_0028" 10222
"../../../Engine/Content/EngineMaterials/Substrate/Glints2/dict_0007_0029.uasset" 10223
"/Engine/EngineMaterials/Substrate/Glints2/dict_0007_0022" 10224
"/Engine/EngineMaterials/Substrate/Glints2/dict_0007_0021" 10225
"../../../Engine/Content/EngineMaterials/Substrate/Glints2/dict_0007_0030.uasset" 10226
"/Engine/EngineMaterials/Substrate/Glints2/dict_0007_0027" 10227
"../../../Engine/Content/EngineMaterials/Substrate/Glints2/dict_0007_0032.uasset" 10228
"/Engine/EngineMaterials/Substrate/Glints2/dict_0007_0026" 10229
"/Engine/EngineMaterials/Substrate/Glints2/dict_0007_0020" 10230
"/Engine/EngineMaterials/Substrate/Glints2/dict_0007_0019" 10231
"/Engine/EngineMaterials/Substrate/Glints2/dict_0007_0025" 10232
"/Engine/EngineMaterials/Substrate/Glints2/dict_0007_0018" 10233
"/Engine/EngineMaterials/Substrate/Glints2/dict_0007_0024" 10234
"../../../Engine/Content/EngineMaterials/Substrate/Glints2/dict_0007_0037.uasset" 10235
"/Engine/EngineMaterials/Substrate/Glints2/dict_0007_0023" 10236
"../../../Engine/Content/EngineMaterials/Substrate/Glints2/dict_0007_0041.uasset" 10237
"../../../Engine/Content/EngineMaterials/Substrate/Glints2/dict_0007_0036.uasset" 10238
"../../../Engine/Content/EngineMaterials/Substrate/Glints2/dict_0007_0040.uasset" 10239
"/Engine/EngineMaterials/Substrate/Glints2/dict_0007_0017" 10240
"../../../Engine/Content/EngineMaterials/Substrate/Glints2/dict_0007_0038.uasset" 10241
"../../../Engine/Content/EngineMaterials/Substrate/Glints2/dict_0007_0039.uasset" 10242
"/Engine/EngineMaterials/Substrate/Glints2/dict_0007_0016" 10243
"../../../Engine/Content/EngineMaterials/Substrate/Glints2/dict_0007_0034.uasset" 10244
"/Engine/EngineMaterials/Substrate/Glints2/dict_0007_0014" 10245
"../../../Engine/Content/EngineMaterials/Substrate/Glints2/dict_0007_0031.uasset" 10246
"/Engine/EngineMaterials/Substrate/Glints2/dict_0007_0012" 10247
"/Engine/EngineMaterials/Substrate/Glints2/dict_0007_0032" 10248
"/Engine/EngineMaterials/Substrate/Glints2/dict_0007_0031" 10249
"/Engine/EngineMaterials/Substrate/Glints2/dict_0007_0030" 10250
"/Engine/EngineMaterials/Substrate/Glints2/dict_0007_0040" 10251
"/Engine/EngineMaterials/Substrate/Glints2/dict_0007_0029" 10252
"/Engine/EngineMaterials/Substrate/Glints2/dict_0007_0039" 10253
"/Engine/EngineMaterials/Substrate/Glints2/dict_0007_0038" 10254
"../../../Engine/Content/EngineMaterials/Substrate/Glints2/dict_0007_0043.uasset" 10255
"../../../Engine/Content/EngineMaterials/Substrate/Glints2/dict_0007_0044.uasset" 10256
"/Engine/EngineMaterials/Substrate/Glints2/dict_0007_0037" 10257
"/Engine/EngineMaterials/Substrate/Glints2/dict_0007_0036" 10258
"/Engine/EngineMaterials/Substrate/Glints2/dict_0007_0034" 10259
"../../../Engine/Content/EngineMaterials/Substrate/Glints2/dict_0007_0042.uasset" 10260
"../../../Engine/Content/EngineMaterials/Substrate/Glints2/dict_0007_0045.uasset" 10261
"../../../Engine/Content/EngineMaterials/Substrate/Glints2/dict_0007_0035.uasset" 10262
"/Engine/EngineMaterials/Substrate/Glints2/dict_0007_0041" 10263
"/Engine/EngineMaterials/Substrate/Glints2/dict_0007_0035" 10264
"/Engine/EngineMaterials/Substrate/Glints2/dict_0007_0044" 10265
"/Engine/EngineMaterials/Substrate/Glints2/dict_0007_0042" 10266
"/Engine/EngineMaterials/Substrate/Glints2/dict_0007_0043" 10267
"/Engine/EngineMaterials/Substrate/Glints2/dict_0007_0045" 10268
"../../../Engine/Content/EngineMaterials/Substrate/Glints2/dict_0007_0047.uasset" 10269
"../../../Engine/Content/EngineMaterials/Substrate/Glints2/dict_0007_0046.uasset" 10270
"../../../Engine/Content/EngineMaterials/Substrate/Glints2/dict_0007_0033.uasset" 10271
"../../../Engine/Content/EngineMaterials/Substrate/Glints2/dict_0007_0050.uasset" 10272
"/Engine/EngineMaterials/Substrate/Glints2/dict_0007_0047" 10273
"../../../Engine/Content/EngineMaterials/Substrate/Glints2/dict_0007_0049.uasset" 10274
"/Engine/EngineMaterials/Substrate/Glints2/dict_0007_0046" 10275
"/Engine/EngineMaterials/Substrate/Glints2/dict_0007_0033" 10276
"/Engine/EngineMaterials/Substrate/Glints2/dict_0007_0050" 10277
"../../../Engine/Content/EngineMaterials/Substrate/Glints2/dict_0007_0051.uasset" 10278
"../../../Engine/Content/EngineMaterials/Substrate/Glints2/dict_0007_0052.uasset" 10279
"/Engine/EngineMaterials/Substrate/Glints2/dict_0007_0049" 10280
"/Engine/EngineMaterials/Substrate/Glints2/dict_0007_0052" 10281
"/Engine/EngineMaterials/Substrate/Glints2/dict_0007_0051" 10282
"../../../Engine/Content/EngineMaterials/Substrate/Glints2/dict_0007_0053.uasset" 10283
"../../../Engine/Content/EngineMaterials/Substrate/Glints2/dict_0007_0055.uasset" 10284
"../../../Engine/Content/EngineMaterials/Substrate/Glints2/dict_0007_0056.uasset" 10285
"../../../Engine/Content/EngineMaterials/Substrate/Glints2/dict_0007_0060.uasset" 10286
"../../../Engine/Content/EngineMaterials/Substrate/Glints2/dict_0007_0059.uasset" 10287
"../../../Engine/Content/EngineMaterials/Substrate/Glints2/dict_0007_0048.uasset" 10288
"../../../Engine/Content/EngineMaterials/Substrate/Glints2/dict_0007_0054.uasset" 10289
"../../../Engine/Content/EngineMaterials/Substrate/Glints2/dict_0007_0063.uasset" 10290
"../../../Engine/Content/EngineMaterials/Substrate/Glints2/dict_0007_0057.uasset" 10291
"../../../Engine/Content/EngineMaterials/Substrate/Glints2/dict_0007_0058.uasset" 10292
"../../../Engine/Content/EngineMaterials/Substrate/Glints2/dict_0007_0062.uasset" 10293
"../../../Engine/Content/EngineMaterials/Substrate/Glints2/dict_0007_0061.uasset" 10294
"../../../Engine/Content/EngineMaterials/Substrate/Glints2/dict_0007_0064.uasset" 10295
"/Engine/EngineMaterials/Substrate/Glints2/dict_0007_0060" 10296
"/Engine/EngineMaterials/Substrate/Glints2/dict_0007_0059" 10297
"/Engine/EngineMaterials/Substrate/Glints2/dict_0007_0064" 10298
"../../../Engine/Content/EngineMaterials/Substrate/Glints2/dict_0007_0067.uasset" 10299
"/Engine/EngineMaterials/Substrate/Glints2/dict_0007_0058" 10300
"../../../Engine/Content/EngineMaterials/Substrate/Glints2/dict_0007_0070.uasset" 10301
"../../../Engine/Content/EngineMaterials/Substrate/Glints2/dict_0007_0068.uasset" 10302
"../../../Engine/Content/EngineMaterials/Substrate/Glints2/dict_0007_0066.uasset" 10303
"/Engine/EngineMaterials/Substrate/Glints2/dict_0007_0057" 10304
"/Engine/EngineMaterials/Substrate/Glints2/dict_0007_0063" 10305
"../../../Engine/Content/EngineMaterials/Substrate/Glints2/dict_0007_0069.uasset" 10306
"/Engine/EngineMaterials/Substrate/Glints2/dict_0007_0062" 10307
"../../../Engine/Content/EngineMaterials/Substrate/Glints2/dict_0007_0065.uasset" 10308
"/Engine/EngineMaterials/Substrate/Glints2/dict_0007_0056" 10309
"/Engine/EngineMaterials/Substrate/Glints2/dict_0007_0055" 10310
"../../../Engine/Content/EngineMaterials/Substrate/Glints2/dict_0007_0076.uasset" 10311
"/Engine/EngineMaterials/Substrate/Glints2/dict_0007_0054" 10312
"/Engine/EngineMaterials/Substrate/Glints2/dict_0007_0053" 10313
"../../../Engine/Content/EngineMaterials/Substrate/Glints2/dict_0007_0073.uasset" 10314
"/Engine/EngineMaterials/Substrate/Glints2/dict_0007_0048" 10315
"/Engine/EngineMaterials/Substrate/Glints2/dict_0007_0061" 10316
"../../../Engine/Content/EngineMaterials/Substrate/Glints2/dict_0007_0074.uasset" 10317
"../../../Engine/Content/EngineMaterials/Substrate/Glints2/dict_0007_0071.uasset" 10318
"../../../Engine/Content/EngineMaterials/Substrate/Glints2/dict_0007_0077.uasset" 10319
"../../../Engine/Content/EngineMaterials/Substrate/Glints2/dict_0007_0078.uasset" 10320
"/Engine/EngineMaterials/Substrate/Glints2/dict_0007_0071" 10321
"/Engine/EngineMaterials/Substrate/Glints2/dict_0007_0070" 10322
"/Engine/EngineMaterials/Substrate/Glints2/dict_0007_0069" 10323
"/Engine/EngineMaterials/Substrate/Glints2/dict_0007_0068" 10324
"/Engine/EngineMaterials/Substrate/Glints2/dict_0007_0067" 10325
"/Engine/EngineMaterials/Substrate/Glints2/dict_0007_0066" 10326
"/Engine/EngineMaterials/Substrate/Glints2/dict_0007_0065" 10327
"/Engine/EngineMaterials/Substrate/Glints2/dict_0007_0076" 10328
"../../../Engine/Content/EngineMaterials/Substrate/Glints2/dict_0007_0075.uasset" 10329
"/Engine/EngineMaterials/Substrate/Glints2/dict_0007_0078" 10330
"../../../Engine/Content/EngineMaterials/Substrate/Glints2/dict_0007_0082.uasset" 10331
"../../../Engine/Content/EngineMaterials/Substrate/Glints2/dict_0007_0079.uasset" 10332
"../../../Engine/Content/EngineMaterials/Substrate/Glints2/dict_0007_0080.uasset" 10333
"/Engine/EngineMaterials/Substrate/Glints2/dict_0007_0074" 10334
"/Engine/EngineMaterials/Substrate/Glints2/dict_0007_0077" 10335
"../../../Engine/Content/EngineMaterials/Substrate/Glints2/dict_0007_0072.uasset" 10336
"/Engine/EngineMaterials/Substrate/Glints2/dict_0007_0073" 10337
"/Engine/EngineMaterials/Substrate/Glints2/dict_0007_0082" 10338
"/Engine/EngineMaterials/Substrate/Glints2/dict_0007_0080" 10339
"/Engine/EngineMaterials/Substrate/Glints2/dict_0007_0079" 10340
"/Engine/EngineMaterials/Substrate/Glints2/dict_0007_0075" 10341
"/Engine/EngineMaterials/Substrate/Glints2/dict_0007_0072" 10342
"../../../Engine/Content/EngineMaterials/Substrate/Glints2/dict_0007_0081.uasset" 10343
"../../../Engine/Content/EngineMaterials/Substrate/Glints2/dict_0007_0083.uasset" 10344
"../../../Engine/Content/EngineMaterials/Substrate/Glints2/dict_0007_0086.uasset" 10345
"../../../Engine/Content/EngineMaterials/Substrate/Glints2/dict_0007_0087.uasset" 10346
"../../../Engine/Content/EngineMaterials/Substrate/Glints2/dict_0007_0085.uasset" 10347
"../../../Engine/Content/EngineMaterials/Substrate/Glints2/dict_0007_0084.uasset" 10348
"../../../Engine/Content/EngineMaterials/Substrate/Glints2/dict_0007_0091.uasset" 10349
"../../../Engine/Content/EngineMaterials/Substrate/Glints2/dict_0007_0093.uasset" 10350
"../../../Engine/Content/EngineMaterials/Substrate/Glints2/dict_0007_0089.uasset" 10351
"../../../Engine/Content/EngineMaterials/Substrate/Glints2/dict_0007_0090.uasset" 10352
"../../../Engine/Content/EngineMaterials/Substrate/Glints2/dict_0007_0095.uasset" 10353
"../../../Engine/Content/EngineMaterials/Substrate/Glints2/dict_0007_0094.uasset" 10354
"../../../Engine/Content/EngineMaterials/Substrate/Glints2/dict_0007_0092.uasset" 10355
"../../../Engine/Content/EngineMaterials/Substrate/Glints2/dict_0007_0098.uasset" 10356
"../../../Engine/Content/EngineMaterials/Substrate/Glints2/dict_0007_0096.uasset" 10357
"../../../Engine/Content/EngineMaterials/Substrate/Glints2/dict_0007_0099.uasset" 10358
"/Engine/EngineMaterials/Substrate/Glints2/dict_0007_0096" 10359
"/Engine/EngineMaterials/Substrate/Glints2/dict_0007_0095" 10360
"../../../Engine/Content/EngineMaterials/Substrate/Glints2/dict_0007_0097.uasset" 10361
"/Engine/EngineMaterials/Substrate/Glints2/dict_0007_0094" 10362
"/Engine/EngineMaterials/Substrate/Glints2/dict_0007_0093" 10363
"/Engine/EngineMaterials/Substrate/Glints2/dict_0007_0092" 10364
"../../../Engine/Content/EngineMaterials/Substrate/Glints2/dict_0007_0104.uasset" 10365
"../../../Engine/Content/EngineMaterials/Substrate/Glints2/dict_0007_0103.uasset" 10366
"/Engine/EngineMaterials/Substrate/Glints2/dict_0007_0091" 10367
"../../../Engine/Content/EngineMaterials/Substrate/Glints2/dict_0007_0101.uasset" 10368
"../../../Engine/Content/EngineMaterials/Substrate/Glints2/dict_0007_0106.uasset" 10369
"../../../Engine/Content/EngineMaterials/Substrate/Glints2/dict_0007_0100.uasset" 10370
"/Engine/EngineMaterials/Substrate/Glints2/dict_0007_0090" 10371
"/Engine/EngineMaterials/Substrate/Glints2/dict_0007_0089" 10372
"/Engine/EngineMaterials/Substrate/Glints2/dict_0007_0081" 10373
"/Engine/EngineMaterials/Substrate/Glints2/dict_0007_0087" 10374
"../../../Engine/Content/EngineMaterials/Substrate/Glints2/dict_0007_0102.uasset" 10375
"/Engine/EngineMaterials/Substrate/Glints2/dict_0007_0086" 10376
"/Engine/EngineMaterials/Substrate/Glints2/dict_0007_0083" 10377
"/Engine/EngineMaterials/Substrate/Glints2/dict_0007_0085" 10378
"../../../Engine/Content/EngineMaterials/Substrate/Glints2/dict_0007_0107.uasset" 10379
"../../../Engine/Content/EngineMaterials/Substrate/Glints2/dict_0007_0105.uasset" 10380
"/Engine/EngineMaterials/Substrate/Glints2/dict_0007_0098" 10381
"/Engine/EngineMaterials/Substrate/Glints2/dict_0007_0084" 10382
"../../../Engine/Content/EngineMaterials/Substrate/Glints2/dict_0007_0108.uasset" 10383
"/Engine/EngineMaterials/Substrate/Glints2/dict_0007_0108" 10384
"/Engine/EngineMaterials/Substrate/Glints2/dict_0007_0107" 10385
"../../../Engine/Content/EngineMaterials/Substrate/Glints2/dict_0007_0109.uasset" 10386
"/Engine/EngineMaterials/Substrate/Glints2/dict_0007_0106" 10387
"../../../Engine/Content/EngineMaterials/Substrate/Glints2/dict_0007_0110.uasset" 10388
"/Engine/EngineMaterials/Substrate/Glints2/dict_0007_0105" 10389
"../../../Engine/Content/EngineMaterials/Substrate/Glints2/dict_0007_0111.uasset" 10390
"/Engine/EngineMaterials/Substrate/Glints2/dict_0007_0104" 10391
"/Engine/EngineMaterials/Substrate/Glints2/dict_0007_0103" 10392
"/Engine/EngineMaterials/Substrate/Glints2/dict_0007_0102" 10393
"/Engine/EngineMaterials/Substrate/Glints2/dict_0007_0101" 10394
"/Engine/EngineMaterials/Substrate/Glints2/dict_0007_0100" 10395
"/Engine/EngineMaterials/Substrate/Glints2/dict_0007_0099" 10396
"/Engine/EngineMaterials/Substrate/Glints2/dict_0007_0097" 10397
"/Engine/EngineMaterials/Substrate/Glints2/dict_0007_0111" 10398
"/Engine/EngineMaterials/Substrate/Glints2/dict_0007_0110" 10399
"/Engine/EngineMaterials/Substrate/Glints2/dict_0007_0109" 10400
"../../../Engine/Content/EngineMaterials/Substrate/Glints2/dict_0007_0113.uasset" 10401
"/Engine/EngineMaterials/Substrate/Glints2/dict_0007_0113" 10402
"../../../Engine/Content/EngineMaterials/Substrate/Glints2/dict_0007_0088.uasset" 10403
"../../../Engine/Content/EngineMaterials/Substrate/Glints2/dict_0007_0120.uasset" 10404
"../../../Engine/Content/EngineMaterials/Substrate/Glints2/dict_0007_0121.uasset" 10405
"../../../Engine/Content/EngineMaterials/Substrate/Glints2/dict_0007_0112.uasset" 10406
"../../../Engine/Content/EngineMaterials/Substrate/Glints2/dict_0007_0118.uasset" 10407
"../../../Engine/Content/EngineMaterials/Substrate/Glints2/dict_0007_0114.uasset" 10408
"../../../Engine/Content/EngineMaterials/Substrate/Glints2/dict_0007_0122.uasset" 10409
"../../../Engine/Content/EngineMaterials/Substrate/Glints2/dict_0007_0119.uasset" 10410
"../../../Engine/Content/EngineMaterials/Substrate/Glints2/dict_0007_0124.uasset" 10411
"../../../Engine/Content/EngineMaterials/Substrate/Glints2/dict_0007_0117.uasset" 10412
"../../../Engine/Content/EngineMaterials/Substrate/Glints2/dict_0007_0116.uasset" 10413
"../../../Engine/Content/EngineMaterials/Substrate/Glints2/dict_0007_0123.uasset" 10414
"../../../Engine/Content/EngineMaterials/Substrate/Glints2/dict_0007_0129.uasset" 10415
"../../../Engine/Content/EngineMaterials/Substrate/Glints2/dict_0007_0115.uasset" 10416
"../../../Engine/Content/EngineMaterials/Substrate/Glints2/dict_0007_0131.uasset" 10417
"/Engine/EngineMaterials/Substrate/Glints2/dict_0007_0124" 10418
"../../../Engine/Content/EngineMaterials/Substrate/Glints2/dict_0007_0132.uasset" 10419
"../../../Engine/Content/EngineMaterials/Substrate/Glints2/dict_0007_0130.uasset" 10420
"/Engine/EngineMaterials/Substrate/Glints2/dict_0007_0123" 10421
"../../../Engine/Content/EngineMaterials/Substrate/Glints2/dict_0007_0134.uasset" 10422
"/Engine/EngineMaterials/Substrate/Glints2/dict_0007_0122" 10423
"../../../Engine/Content/EngineMaterials/Substrate/Glints2/dict_0007_0127.uasset" 10424
"../../../Engine/Content/EngineMaterials/Substrate/Glints2/dict_0007_0125.uasset" 10425
"../../../Engine/Content/EngineMaterials/Substrate/Glints2/dict_0007_0136.uasset" 10426
"/Engine/EngineMaterials/Substrate/Glints2/dict_0007_0121" 10427
"../../../Engine/Content/EngineMaterials/Substrate/Glints2/dict_0007_0135.uasset" 10428
"/Engine/EngineMaterials/Substrate/Glints2/dict_0007_0120" 10429
"../../../Engine/Content/EngineMaterials/Substrate/Glints2/dict_0007_0133.uasset" 10430
"/Engine/EngineMaterials/Substrate/Glints2/dict_0007_0088" 10431
"/Engine/EngineMaterials/Substrate/Glints2/dict_0007_0119" 10432
"../../../Engine/Content/EngineMaterials/Substrate/Glints2/dict_0007_0137.uasset" 10433
"../../../Engine/Content/EngineMaterials/Substrate/Glints2/dict_0007_0126.uasset" 10434
"/Engine/EngineMaterials/Substrate/Glints2/dict_0007_0118" 10435
"../../../Engine/Content/EngineMaterials/Substrate/Glints2/dict_0007_0128.uasset" 10436
"/Engine/EngineMaterials/Substrate/Glints2/dict_0007_0117" 10437
"/Engine/EngineMaterials/Substrate/Glints2/dict_0007_0112" 10438
"/Engine/EngineMaterials/Substrate/Glints2/dict_0007_0116" 10439
"/Engine/EngineMaterials/Substrate/Glints2/dict_0007_0115" 10440
"/Engine/EngineMaterials/Substrate/Glints2/dict_0007_0129" 10441
"/Engine/EngineMaterials/Substrate/Glints2/dict_0007_0114" 10442
"/Engine/EngineMaterials/Substrate/Glints2/dict_0007_0137" 10443
"/Engine/EngineMaterials/Substrate/Glints2/dict_0007_0136" 10444
"/Engine/EngineMaterials/Substrate/Glints2/dict_0007_0135" 10445
"/Engine/EngineMaterials/Substrate/Glints2/dict_0007_0128" 10446
"/Engine/EngineMaterials/Substrate/Glints2/dict_0007_0127" 10447
"../../../Engine/Content/EngineMaterials/Substrate/Glints2/dict_0007_0140.uasset" 10448
"../../../Engine/Content/EngineMaterials/Substrate/Glints2/dict_0007_0142.uasset" 10449
"/Engine/EngineMaterials/Substrate/Glints2/dict_0007_0134" 10450
"/Engine/EngineMaterials/Substrate/Glints2/dict_0007_0133" 10451
"../../../Engine/Content/EngineMaterials/Substrate/Glints2/dict_0007_0139.uasset" 10452
"/Engine/EngineMaterials/Substrate/Glints2/dict_0007_0126" 10453
"../../../Engine/Content/EngineMaterials/Substrate/Glints2/dict_0007_0138.uasset" 10454
"../../../Engine/Content/EngineMaterials/Substrate/Glints2/dict_0007_0141.uasset" 10455
"/Engine/EngineMaterials/Substrate/Glints2/dict_0007_0125" 10456
"../../../Engine/Content/EngineMaterials/Substrate/Glints2/dict_0007_0143.uasset" 10457
"/Engine/EngineMaterials/Substrate/Glints2/dict_0007_0132" 10458
"/Engine/EngineMaterials/Substrate/Glints2/dict_0007_0131" 10459
"/Engine/EngineMaterials/Substrate/Glints2/dict_0007_0130" 10460
"/Engine/EngineMaterials/Substrate/Glints2/dict_0007_0139" 10461
"/Engine/EngineMaterials/Substrate/Glints2/dict_0007_0138" 10462
"/Engine/EngineMaterials/Substrate/Glints2/dict_0007_0143" 10463
"/Engine/EngineMaterials/Substrate/Glints2/dict_0007_0142" 10464
"/Engine/EngineMaterials/Substrate/Glints2/dict_0007_0141" 10465
"/Engine/EngineMaterials/Substrate/Glints2/dict_0007_0140" 10466
"../../../Engine/Content/EngineMaterials/Substrate/Glints2/dict_0007_0147.uasset" 10467
"../../../Engine/Content/EngineMaterials/Substrate/Glints2/dict_0007_0144.uasset" 10468
"../../../Engine/Content/EngineMaterials/Substrate/Glints2/dict_0007_0149.uasset" 10469
"../../../Engine/Content/EngineMaterials/Substrate/Glints2/dict_0007_0145.uasset" 10470
"../../../Engine/Content/EngineMaterials/Substrate/Glints2/dict_0007_0148.uasset" 10471
"../../../Engine/Content/EngineMaterials/Substrate/Glints2/dict_0007_0152.uasset" 10472
"../../../Engine/Content/EngineMaterials/Substrate/Glints2/dict_0007_0153.uasset" 10473
"../../../Engine/Content/EngineMaterials/Substrate/Glints2/dict_0007_0155.uasset" 10474
"../../../Engine/Content/EngineMaterials/Substrate/Glints2/dict_0007_0156.uasset" 10475
"../../../Engine/Content/EngineMaterials/Substrate/Glints2/dict_0007_0157.uasset" 10476
"../../../Engine/Content/EngineMaterials/Substrate/Glints2/dict_0007_0146.uasset" 10477
"../../../Engine/Content/EngineMaterials/Substrate/Glints2/dict_0007_0150.uasset" 10478
"../../../Engine/Content/EngineMaterials/Substrate/Glints2/dict_0007_0151.uasset" 10479
"../../../Engine/Content/EngineMaterials/Substrate/Glints2/dict_0007_0158.uasset" 10480
"../../../Engine/Content/EngineMaterials/Substrate/Glints2/dict_0007_0163.uasset" 10481
"../../../Engine/Content/EngineMaterials/Substrate/Glints2/dict_0007_0162.uasset" 10482
"../../../Engine/Content/EngineMaterials/Substrate/Glints2/dict_0007_0161.uasset" 10483
"../../../Engine/Content/EngineMaterials/Substrate/Glints2/dict_0007_0154.uasset" 10484
"../../../Engine/Content/EngineMaterials/Substrate/Glints2/dict_0007_0167.uasset" 10485
"../../../Engine/Content/EngineMaterials/Substrate/Glints2/dict_0007_0166.uasset" 10486
"/Engine/EngineMaterials/Substrate/Glints2/dict_0007_0167" 10487
"../../../Engine/Content/EngineMaterials/Substrate/Glints2/dict_0007_0164.uasset" 10488
"../../../Engine/Content/EngineMaterials/Substrate/Glints2/dict_0007_0159.uasset" 10489
"../../../Engine/Content/EngineMaterials/Substrate/Glints2/dict_0007_0168.uasset" 10490
"../../../Engine/Content/EngineMaterials/Substrate/Glints2/dict_0007_0160.uasset" 10491
"../../../Engine/Content/EngineMaterials/Substrate/Glints2/dict_0007_0165.uasset" 10492
"/Engine/EngineMaterials/Substrate/Glints2/dict_0007_0163" 10493
"/Engine/EngineMaterials/Substrate/Glints2/dict_0007_0162" 10494
"/Engine/EngineMaterials/Substrate/Glints2/dict_0007_0161" 10495
"/Engine/EngineMaterials/Substrate/Glints2/dict_0007_0157" 10496
"../../../Engine/Content/EngineMaterials/Substrate/Glints2/dict_0007_0169.uasset" 10497
"../../../Engine/Content/EngineMaterials/Substrate/Glints2/dict_0007_0170.uasset" 10498
"/Engine/EngineMaterials/Substrate/Glints2/dict_0007_0156" 10499
"/Engine/EngineMaterials/Substrate/Glints2/dict_0007_0155" 10500
"/Engine/EngineMaterials/Substrate/Glints2/dict_0007_0154" 10501
"/Engine/EngineMaterials/Substrate/Glints2/dict_0007_0153" 10502
"/Engine/EngineMaterials/Substrate/Glints2/dict_0007_0152" 10503
"/Engine/EngineMaterials/Substrate/Glints2/dict_0007_0151" 10504
"/Engine/EngineMaterials/Substrate/Glints2/dict_0007_0150" 10505
"/Engine/EngineMaterials/Substrate/Glints2/dict_0007_0149" 10506
"/Engine/EngineMaterials/Substrate/Glints2/dict_0007_0148" 10507
"/Engine/EngineMaterials/Substrate/Glints2/dict_0007_0147" 10508
"/Engine/EngineMaterials/Substrate/Glints2/dict_0007_0158" 10509
"/Engine/EngineMaterials/Substrate/Glints2/dict_0007_0146" 10510
"/Engine/EngineMaterials/Substrate/Glints2/dict_0007_0145" 10511
"/Engine/EngineMaterials/Substrate/Glints2/dict_0007_0144" 10512
"../../../Engine/Content/EngineMaterials/Substrate/Glints2/dict_0007_0173.uasset" 10513
"../../../Engine/Content/EngineMaterials/Substrate/Glints2/dict_0007_0175.uasset" 10514
"../../../Engine/Content/EngineMaterials/Substrate/Glints2/dict_0007_0174.uasset" 10515
"../../../Engine/Content/EngineMaterials/Substrate/Glints2/dict_0007_0171.uasset" 10516
"/Engine/EngineMaterials/Substrate/Glints2/dict_0007_0169" 10517
"../../../Engine/Content/EngineMaterials/Substrate/Glints2/dict_0007_0172.uasset" 10518
"/Engine/EngineMaterials/Substrate/Glints2/dict_0007_0168" 10519
"/Engine/EngineMaterials/Substrate/Glints2/dict_0007_0166" 10520
"/Engine/EngineMaterials/Substrate/Glints2/dict_0007_0165" 10521
"/Engine/EngineMaterials/Substrate/Glints2/dict_0007_0164" 10522
"/Engine/EngineMaterials/Substrate/Glints2/dict_0007_0160" 10523
"/Engine/EngineMaterials/Substrate/Glints2/dict_0007_0159" 10524
"/Engine/EngineMaterials/Substrate/Glints2/dict_0007_0170" 10525
"/Engine/EngineMaterials/Substrate/Glints2/dict_0007_0175" 10526
"/Engine/EngineMaterials/Substrate/Glints2/dict_0007_0174" 10527
"/Engine/EngineMaterials/Substrate/Glints2/dict_0007_0173" 10528
"/Engine/EngineMaterials/Substrate/Glints2/dict_0007_0172" 10529
"/Engine/EngineMaterials/Substrate/Glints2/dict_0007_0171" 10530
"../../../Engine/Content/EngineMaterials/Substrate/Glints2/dict_0007_0181.uasset" 10531
"../../../Engine/Content/EngineMaterials/Substrate/Glints2/dict_0007_0188.uasset" 10532
"../../../Engine/Content/EngineMaterials/Substrate/Glints2/dict_0007_0179.uasset" 10533
"../../../Engine/Content/EngineMaterials/Substrate/Glints2/dict_0007_0182.uasset" 10534
"../../../Engine/Content/EngineMaterials/Substrate/Glints2/dict_0007_0176.uasset" 10535
"../../../Engine/Content/EngineMaterials/Substrate/Glints2/dict_0007_0189.uasset" 10536
"../../../Engine/Content/EngineMaterials/Substrate/Glints2/dict_0007_0185.uasset" 10537
"../../../Engine/Content/EngineMaterials/Substrate/Glints2/dict_0007_0177.uasset" 10538
"../../../Engine/Content/EngineMaterials/Substrate/Glints2/dict_0007_0184.uasset" 10539
"../../../Engine/Content/EngineMaterials/Substrate/Glints2/dict_0007_0178.uasset" 10540
"../../../Engine/Content/EngineMaterials/Substrate/Glints2/dict_0007_0180.uasset" 10541
"../../../Engine/Content/EngineMaterials/Substrate/Glints2/dict_0007_0187.uasset" 10542
"../../../Engine/Content/EngineMaterials/Substrate/Glints2/dict_0007_0183.uasset" 10543
"../../../Engine/Content/EngineMaterials/Substrate/Glints2/dict_0007_0186.uasset" 10544
"/Engine/EngineMaterials/Substrate/Glints2/dict_0007_0189" 10545
"/Engine/EngineMaterials/Substrate/Glints2/dict_0007_0188" 10546
"/Engine/EngineMaterials/Substrate/Glints2/dict_0007_0187" 10547
"../../../Engine/Content/EngineMaterials/Substrate/Glints2/dict_0007_0190.uasset" 10548
"../../../Engine/Content/EngineMaterials/Substrate/Glints2/dict_0007_0198.uasset" 10549
"../../../Engine/Content/EngineMaterials/Substrate/Glints2/dict_0007_0194.uasset" 10550
"../../../Engine/Content/EngineMaterials/Substrate/Glints2/dict_0007_0199.uasset" 10551
"../../../Engine/Content/EngineMaterials/Substrate/Glints2/dict_0007_0200.uasset" 10552
"../../../Engine/Content/EngineMaterials/Substrate/Glints2/dict_0007_0202.uasset" 10553
"../../../Engine/Content/EngineMaterials/Substrate/Glints2/dict_0007_0196.uasset" 10554
"../../../Engine/Content/EngineMaterials/Substrate/Glints2/dict_0007_0195.uasset" 10555
"../../../Engine/Content/EngineMaterials/Substrate/Glints2/dict_0007_0193.uasset" 10556
"../../../Engine/Content/EngineMaterials/Substrate/Glints2/dict_0007_0192.uasset" 10557
"../../../Engine/Content/EngineMaterials/Substrate/Glints2/dict_0007_0197.uasset" 10558
"/Engine/EngineMaterials/Substrate/Glints2/dict_0007_0186" 10559
"../../../Engine/Content/EngineMaterials/Substrate/Glints2/dict_0007_0201.uasset" 10560
"/Engine/EngineMaterials/Substrate/Glints2/dict_0007_0185" 10561
"/Engine/EngineMaterials/Substrate/Glints2/dict_0007_0184" 10562
"/Engine/EngineMaterials/Substrate/Glints2/dict_0007_0183" 10563
"/Engine/EngineMaterials/Substrate/Glints2/dict_0007_0182" 10564
"/Engine/EngineMaterials/Substrate/Glints2/dict_0007_0181" 10565
"/Engine/EngineMaterials/Substrate/Glints2/dict_0007_0180" 10566
"/Engine/EngineMaterials/Substrate/Glints2/dict_0007_0179" 10567
"../../../Engine/Content/EngineMaterials/Substrate/Glints2/dict_0007_0191.uasset" 10568
"/Engine/EngineMaterials/Substrate/Glints2/dict_0007_0178" 10569
"/Engine/EngineMaterials/Substrate/Glints2/dict_0007_0177" 10570
"C:/Users/Will/AppData/Local/Temp/UnrealShaderWorkingDir/680E62474AA836ADF89BD38ECEC5B1C0/11/WorkerOutputOnly.out" 10571
"/Engine/EngineMaterials/Substrate/Glints2/dict_0007_0176" 10572
"/Engine/EngineMaterials/Substrate/Glints2/dict_0007_0202" 10573
"/Engine/EngineMaterials/Substrate/Glints2/dict_0007_0201" 10574
"/Engine/EngineMaterials/Substrate/Glints2/dict_0007_0194" 10575
"/Engine/EngineMaterials/Substrate/Glints2/dict_0007_0200" 10576
"/Engine/EngineMaterials/Substrate/Glints2/dict_0007_0199" 10577
"/Engine/EngineMaterials/Substrate/Glints2/dict_0007_0198" 10578
"/Engine/EngineMaterials/Substrate/Glints2/dict_0007_0193" 10579
"/Engine/EngineMaterials/Substrate/Glints2/dict_0007_0192" 10580
"/Engine/EngineMaterials/Substrate/Glints2/dict_0007_0191" 10581
"/Engine/EngineMaterials/Substrate/Glints2/dict_0007_0190" 10582
"../../../Engine/Content/EngineMaterials/Substrate/Glints2/dict_0007_0205.uasset" 10583
"../../../Engine/Content/EngineMaterials/Substrate/Glints2/dict_0007_0207.uasset" 10584
"../../../Engine/Content/EngineMaterials/Substrate/Glints2/dict_0007_0206.uasset" 10585
"/Engine/EngineMaterials/Substrate/Glints2/dict_0007_0197" 10586
"/Engine/EngineMaterials/Substrate/Glints2/dict_0007_0196" 10587
"../../../Engine/Content/EngineMaterials/Substrate/Glints2/dict_0007_0203.uasset" 10588
"/Engine/EngineMaterials/Substrate/Glints2/dict_0007_0195" 10589
"../../../Engine/Content/EngineMaterials/Substrate/Glints2/dict_0007_0204.uasset" 10590
"/Engine/EngineMaterials/Substrate/Glints2/dict_0007_0207" 10591
"/Engine/EngineMaterials/Substrate/Glints2/dict_0007_0206" 10592
"/Engine/EngineMaterials/Substrate/Glints2/dict_0007_0205" 10593
"/Engine/EngineMaterials/Substrate/Glints2/dict_0007_0204" 10594
"/Engine/EngineMaterials/Substrate/Glints2/dict_0007_0203" 10595
"../../../Engine/Content/EngineMaterials/Substrate/Glints2/dict_0007_0208.uasset" 10596
"../../../Engine/Content/EngineMaterials/Substrate/Glints2/dict_0007_0210.uasset" 10597
"../../../Engine/Content/EngineMaterials/Substrate/Glints2/dict_0007_0212.uasset" 10598
"../../../Engine/Content/EngineMaterials/Substrate/Glints2/dict_0007_0211.uasset" 10599
"../../../Engine/Content/EngineMaterials/Substrate/Glints2/dict_0007_0213.uasset" 10600
"../../../Engine/Content/EngineMaterials/Substrate/Glints2/dict_0007_0215.uasset" 10601
"../../../Engine/Content/EngineMaterials/Substrate/Glints2/dict_0007_0216.uasset" 10602
"../../../Engine/Content/EngineMaterials/Substrate/Glints2/dict_0007_0219.uasset" 10603
"../../../Engine/Content/EngineMaterials/Substrate/Glints2/dict_0007_0220.uasset" 10604
"../../../Engine/Content/EngineMaterials/Substrate/Glints2/dict_0007_0217.uasset" 10605
"../../../Engine/Content/EngineMaterials/Substrate/Glints2/dict_0007_0209.uasset" 10606
"../../../Engine/Content/EngineMaterials/Substrate/Glints2/dict_0007_0214.uasset" 10607
"../../../Engine/Content/EngineMaterials/Substrate/Glints2/dict_0007_0218.uasset" 10608
"../../../Engine/Content/EngineMaterials/Substrate/Glints2/dict_0007_0221.uasset" 10609
"../../../Engine/Content/EngineMaterials/Substrate/Glints2/dict_0007_0224.uasset" 10610
"../../../Engine/Content/EngineMaterials/Substrate/Glints2/dict_0007_0223.uasset" 10611
"../../../Engine/Content/EngineMaterials/Substrate/Glints2/dict_0007_0222.uasset" 10612
"../../../Engine/Content/EngineMaterials/Substrate/Glints2/dict_0007_0226.uasset" 10613
"../../../Engine/Content/EngineMaterials/Substrate/Glints2/dict_0007_0225.uasset" 10614
"/Engine/EngineMaterials/Substrate/Glints2/dict_0007_0226" 10615
"/Engine/EngineMaterials/Substrate/Glints2/dict_0007_0225" 10616
"/Engine/EngineMaterials/Substrate/Glints2/dict_0007_0221" 10617
"/Engine/EngineMaterials/Substrate/Glints2/dict_0007_0224" 10618
"/Engine/EngineMaterials/Substrate/Glints2/dict_0007_0220" 10619
"../../../Engine/Content/EngineMaterials/Substrate/Glints2/dict_0007_0229.uasset" 10620
"../../../Engine/Content/EngineMaterials/Substrate/Glints2/dict_0007_0227.uasset" 10621
"/Engine/EngineMaterials/Substrate/Glints2/dict_0007_0219" 10622
"../../../Engine/Content/EngineMaterials/Substrate/Glints2/dict_0007_0230.uasset" 10623
"/Engine/EngineMaterials/Substrate/Glints2/dict_0007_0218" 10624
"../../../Engine/Content/EngineMaterials/Substrate/Glints2/dict_0007_0232.uasset" 10625
"/Engine/EngineMaterials/Substrate/Glints2/dict_0007_0217" 10626
"../../../Engine/Content/EngineMaterials/Substrate/Glints2/dict_0007_0233.uasset" 10627
"/Engine/EngineMaterials/Substrate/Glints2/dict_0007_0216" 10628
"/Engine/EngineMaterials/Substrate/Glints2/dict_0007_0215" 10629
"../../../Engine/Content/EngineMaterials/Substrate/Glints2/dict_0007_0228.uasset" 10630
"/Engine/EngineMaterials/Substrate/Glints2/dict_0007_0214" 10631
"../../../Engine/Content/EngineMaterials/Substrate/Glints2/dict_0007_0235.uasset" 10632
"/Engine/EngineMaterials/Substrate/Glints2/dict_0007_0213" 10633
"../../../Engine/Content/EngineMaterials/Substrate/Glints2/dict_0007_0231.uasset" 10634
"/Engine/EngineMaterials/Substrate/Glints2/dict_0007_0212" 10635
"../../../Engine/Content/EngineMaterials/Substrate/Glints2/dict_0007_0234.uasset" 10636
"/Engine/EngineMaterials/Substrate/Glints2/dict_0007_0223" 10637
"/Engine/EngineMaterials/Substrate/Glints2/dict_0007_0211" 10638
"/Engine/EngineMaterials/Substrate/Glints2/dict_0007_0210" 10639
"/Engine/EngineMaterials/Substrate/Glints2/dict_0007_0209" 10640
"/Engine/EngineMaterials/Substrate/Glints2/dict_0007_0222" 10641
"/Engine/EngineMaterials/Substrate/Glints2/dict_0007_0208" 10642
"../../../Engine/Content/EngineMaterials/Substrate/Glints2/dict_0007_0236.uasset" 10643
"../../../Engine/Content/EngineMaterials/Substrate/Glints2/dict_0007_0238.uasset" 10644
"../../../Engine/Content/EngineMaterials/Substrate/Glints2/dict_0007_0239.uasset" 10645
"/Engine/EngineMaterials/Substrate/Glints2/dict_0007_0234" 10646
"/Engine/EngineMaterials/Substrate/Glints2/dict_0007_0233" 10647
"/Engine/EngineMaterials/Substrate/Glints2/dict_0007_0232" 10648
"/Engine/EngineMaterials/Substrate/Glints2/dict_0007_0231" 10649
"/Engine/EngineMaterials/Substrate/Glints2/dict_0007_0230" 10650
"/Engine/EngineMaterials/Substrate/Glints2/dict_0007_0229" 10651
"/Engine/EngineMaterials/Substrate/Glints2/dict_0007_0228" 10652
"../../../Engine/Content/EngineMaterials/Substrate/Glints2/dict_0007_0237.uasset" 10653
"/Engine/EngineMaterials/Substrate/Glints2/dict_0007_0227" 10654
"/Engine/EngineMaterials/Substrate/Glints2/dict_0007_0235" 10655
"/Engine/EngineMaterials/Substrate/Glints2/dict_0007_0239" 10656
"/Engine/EngineMaterials/Substrate/Glints2/dict_0007_0238" 10657
"/Engine/EngineMaterials/Substrate/Glints2/dict_0007_0237" 10658
"/Engine/EngineMaterials/Substrate/Glints2/dict_0007_0236" 10659
"../../../Engine/Content/EngineMaterials/Substrate/Glints2/dict_0007_0250.uasset" 10660
"../../../Engine/Content/EngineMaterials/Substrate/Glints2/dict_0007_0243.uasset" 10661
"../../../Engine/Content/EngineMaterials/Substrate/Glints2/dict_0007_0252.uasset" 10662
"../../../Engine/Content/EngineMaterials/Substrate/Glints2/dict_0007_0246.uasset" 10663
"../../../Engine/Content/EngineMaterials/Substrate/Glints2/dict_0007_0249.uasset" 10664
"../../../Engine/Content/EngineMaterials/Substrate/Glints2/dict_0007_0242.uasset" 10665
"../../../Engine/Content/EngineMaterials/Substrate/Glints2/dict_0007_0241.uasset" 10666
"../../../Engine/Content/EngineMaterials/Substrate/Glints2/dict_0007_0244.uasset" 10667
"../../../Engine/Content/EngineMaterials/Substrate/Glints2/dict_0007_0245.uasset" 10668
"../../../Engine/Content/EngineMaterials/Substrate/Glints2/dict_0007_0248.uasset" 10669
"../../../Engine/Content/EngineMaterials/PPM_DefaultCalibrationColor.uasset" 10670
"../../../Engine/Content/EngineMaterials/Substrate/Glints2/dict_0007_0240.uasset" 10671
"../../../Engine/Content/EngineMaterials/Substrate/Glints2/dict_0007_0247.uasset" 10672
"../../../Engine/Content/EngineMaterials/PPM_DefaultCalibrationGrayscale.uasset" 10673
"../../../Engine/Content/EngineMaterials/Substrate/Glints2/dict_0007_0251.uasset" 10674
"../../../Engine/Content/EngineMaterials/Substrate/Glints2/dict_0007_0253.uasset" 10675
"/Engine/EngineMaterials/Substrate/Glints2/dict_0007_0253" 10676
"/Engine/EngineMaterials/Substrate/Glints2/dict_0007_0252" 10677
"/Engine/EngineMaterials/Substrate/Glints2/dict_0007_0251" 10678
"/Engine/EngineMaterials/Substrate/Glints2/dict_0007_0250" 10679
"/Engine/EngineMaterials/Substrate/Glints2/dict_0007_0249" 10680
"../../../Engine/Content/EngineMaterials/Substrate/Glints2/AGlintTex2dArray2.uasset" 10681
"../../../Engine/Content/EngineMaterials/Substrate/Glints2/dict_0007_0255.uasset" 10682
"../../../Engine/Content/EngineMaterials/Substrate/Volume/SubstrateSimpleVolumeLUT3D.uasset" 10683
"../../../Engine/Content/EngineMaterials/Substrate/Glints2/dict_0007_0254.uasset" 10684
"../../../Engine/Content/EngineMaterials/Substrate/Volume/SubstrateSimpleVolumeEnvLUT3D.uasset" 10685
"../../../Engine/Content/EngineMaterials/Substrate/Volume/SubstrateSimpleVolumeLUT2D.uasset" 10686
"../../../Engine/Content/EngineMaterials/DefaultCalibrationColor.uasset" 10687
"/Engine/EngineMaterials/Substrate/Glints2/dict_0007_0248" 10688
"/Engine/EngineMaterials/Substrate/Glints2/dict_0007_0247" 10689
"/Engine/EngineMaterials/Substrate/Glints2/dict_0007_0246" 10690
"/Engine/EngineMaterials/Substrate/Glints2/dict_0007_0245" 10691
"/Engine/EngineMaterials/Substrate/Glints2/dict_0007_0244" 10692
"/Engine/EngineMaterials/Substrate/Glints2/dict_0007_0243" 10693
"/Engine/EngineMaterials/Substrate/Glints2/dict_0007_0242" 10694
"/Engine/EngineMaterials/Substrate/Glints2/dict_0007_0241" 10695
"/Engine/EngineMaterials/Substrate/Glints2/dict_0007_0240" 10696
"../../../Engine/Plugins/Interchange/Assets/Content/Functions/MX_Surface.uasset" 10697
"../../../Engine/Content/EngineMaterials/DefaultCalibrationGrayscale.uasset" 10698
"/Engine/EngineMaterials/PPM_DefaultCalibrationColor" 10699
"../../../Engine/Content/Functions/Engine_MaterialFunctions02/Utility/BlendAngleCorrectedNormals.uasset" 10700
"../../../Engine/Plugins/Interchange/Assets/Content/Functions/MX_Displacement.uasset" 10701
"../../../Engine/Content/Functions/Engine_MaterialFunctions03/Procedurals/HeightToNormalSmooth.uasset" 10702
"/Engine/EngineMaterials/Substrate/Volume/SubstrateSimpleVolumeLUT3D" 10703
"/Engine/EngineMaterials/Substrate/Glints2/AGlintTex2dArray2" 10704
"../../../Engine/Content/Functions/MaterialLayerFunctions/MatLayerBlend_OverrideOpacity.uasset" 10705
"../../../Engine/Content/EngineMaterials/Substrate/Volume/SubstrateSimpleVolumeEnvLUT2D.uasset" 10706
"../../../Engine/Plugins/NNE/NNEDenoiser/Content/NNEDT_Oidn2-3_Balanced_Alpha.uasset" 10707
"../../../Engine/Plugins/NNE/NNEDenoiser/Content/NNEDIM_ColorAlbedoNormal_Default.uasset" 10708
"../../../Engine/Plugins/NNE/NNEDenoiser/Content/NNEDIM_HighQuality_Default.uasset" 10709
"../../../Engine/Plugins/NNE/NNEDenoiser/Content/NNEDTOM_Output_Alpha.uasset" 10710
"../../../Engine/Plugins/NNE/NNEDenoiser/Content/NNEDT_Oidn2-3_Balanced.uasset" 10711
"../../../Engine/Plugins/NNE/NNEDenoiser/Content/NNEDIM_ColorAlbedoNormal_Alpha.uasset" 10712
"../../../Engine/Plugins/NNE/NNEDenoiser/Content/NNEDTIM_ColorAlbedoNormal_Alpha.uasset" 10713
"../../../Engine/Plugins/NNE/NNEDenoiser/Content/NNEDTOM_Output_Default.uasset" 10714
"../../../Engine/Plugins/NNE/NNEDenoiser/Content/NNEDOM_Output_Default.uasset" 10715
"../../../Engine/Plugins/NNE/NNEDenoiser/Content/NNEDTIM_ColorAlbedoNormal_Default.uasset" 10716
"../../../Engine/Plugins/NNE/NNEDenoiser/Content/NNEDOM_Output_Alpha.uasset" 10717
"../../../Engine/Plugins/NNE/NNEDenoiser/Content/NNEDIM_HighQuality_Alpha.uasset" 10718
"../../../Engine/Plugins/NNE/NNEDenoiser/Content/NNED_Oidn2-3_Balanced_Alpha.uasset" 10719
"../../../Engine/Plugins/NNE/NNEDenoiser/Content/NNED_Oidn2-3_Balanced.uasset" 10720
"/Engine/Functions/Engine_MaterialFunctions03/Procedurals/HeightToNormalSmooth" 10721
"/InterchangeAssets/Functions/MX_Surface" 10722
"/Engine/EngineMaterials/PPM_DefaultCalibrationGrayscale" 10723
"/Engine/EngineMaterials/Substrate/Volume/SubstrateSimpleVolumeEnvLUT3D" 10724
"/NNEDenoiser/NNED_Oidn2-3_Balanced_Alpha" 10725
"/NNEDenoiser/NNED_Oidn2-3_Balanced" 10726
"/NNEDenoiser/NNEDT_Oidn2-3_Balanced_Alpha" 10727
"/NNEDenoiser/NNEDT_Oidn2-3_Balanced" 10728
"/NNEDenoiser/NNEDTOM_Output_Default" 10729
"/NNEDenoiser/NNEDTOM_Output_Alpha" 10730
"../../../Engine/Plugins/NNE/NNEDenoiser/Content/NNED_Oidn2-3_HighQuality_Alpha.uasset" 10731
"../../../Engine/Plugins/NNE/NNEDenoiser/Content/NNED_Oidn2-3_HighQuality.uasset" 10732
"../../../Engine/Plugins/NNE/NNEDenoiser/Content/NNED_Oidn2-3_Fast.uasset" 10733
"/InterchangeAssets/Functions/MX_Displacement" 10734
"/NNEDenoiser/NNEDTIM_ColorAlbedoNormal_Default" 10735
"/NNEDenoiser/NNEDTIM_ColorAlbedoNormal_Alpha" 10736
"../../../Engine/Plugins/NNE/NNEDenoiser/Content/NNE_oidn2-3-0_rt_hdr_alb_nrm__dyn__fp16_opset11_DenoiseAlpha.uasset" 10737
"../../../Engine/Plugins/NNE/NNEDenoiser/Content/NNED_Oidn2-3_Fast_Alpha.uasset" 10738
"../../../Engine/Plugins/NNE/NNEDenoiser/Content/NNE_oidn2-3-0_rt_hdr_alb_nrm_small__dyn__fp16_opset11_ForwardAlpha.uasset" 10739
"../../../Engine/Plugins/NNE/NNEDenoiser/Content/NNE_oidn2-3-0_rt_hdr_alb_nrm_small__dyn__fp16_opset11_DenoiseAlpha.uasset" 10740
"/NNEDenoiser/NNEDOM_Output_Default" 10741
"../../../Engine/Plugins/NNE/NNEDenoiser/Content/NNE_oidn2-3-0_rt_hdr_alb_nrm__dyn__fp16_opset11_ForwardAlpha.uasset" 10742
"/NNEDenoiser/NNEDOM_Output_Alpha" 10743
"/NNEDenoiser/NNEDIM_HighQuality_Default" 10744
"../../../Engine/Plugins/NNE/NNEDenoiser/Content/NNE_oidn2-3-0_rt_hdr_calb_cnrm_large__dyn__fp16_opset11_DenoiseAlpha.uasset" 10745
"/NNEDenoiser/NNEDIM_HighQuality_Alpha" 10746
"/NNEDenoiser/NNEDIM_ColorAlbedoNormal_Default" 10747
"/NNEDenoiser/NNEDIM_ColorAlbedoNormal_Alpha" 10748
"../../../Engine/Plugins/FX/Niagara/Content/ParameterDefinitions/DecalRenderer.uasset" 10749
"../../../Engine/Content/EngineMaterials/FastBlueNoise_scalar_128x128x64.uasset" 10750
"../../../Engine/Plugins/FX/Niagara/Content/ParameterDefinitions/LightRenderer.uasset" 10751
"../../../Engine/Content/EngineMaterials/FastBlueNoise_vec2_128x128x64.uasset" 10752
"../../../Engine/Content/EngineMaterials/DefaultBloomKernel.uasset" 10753
"../../../Engine/Content/EditorResources/BSPVertex.uasset" 10754
"../../../Engine/Content/EngineDebugMaterials/DebugEditorMaterial.uasset" 10755
"/NNEDenoiser/NNE_oidn2-3-0_rt_hdr_alb_nrm__dyn__fp16_opset11_ForwardAlpha" 10756
"../../../Engine/Plugins/Interchange/Runtime/Content/Pipelines/DefaultMaterialXPipeline.uasset" 10757
"../../../Engine/Content/EngineSounds/Master.uasset" 10758
"../../../Engine/Plugins/Interchange/Runtime/Content/Pipelines/DefaultGLTFAssetsPipeline.uasset" 10759
"../../../Engine/Plugins/Interchange/Runtime/Content/Pipelines/DefaultMaterialPipeline.uasset" 10760
"../../../Engine/Plugins/Interchange/Runtime/Content/Pipelines/DefaultGLTFPipeline.uasset" 10761
"../../../Engine/Plugins/Interchange/Runtime/Content/Pipelines/DefaultTexturePipeline.uasset" 10762
"../../../Engine/Plugins/Interchange/Runtime/Content/Pipelines/DefaultAssetsPipeline.uasset" 10763
"/NNEDenoiser/NNE_oidn2-3-0_rt_hdr_alb_nrm__dyn__fp16_opset11_DenoiseAlpha" 10764
"/NNEDenoiser/NNE_oidn2-3-0_rt_hdr_alb_nrm_small__dyn__fp16_opset11_ForwardAlpha" 10765
"/NNEDenoiser/NNE_oidn2-3-0_rt_hdr_alb_nrm_small__dyn__fp16_opset11_DenoiseAlpha" 10766
"/NNEDenoiser/NNED_Oidn2-3_HighQuality_Alpha" 10767
"/NNEDenoiser/NNED_Oidn2-3_HighQuality" 10768
"/NNEDenoiser/NNED_Oidn2-3_Fast_Alpha" 10769
"/NNEDenoiser/NNED_Oidn2-3_Fast" 10770
"/Engine/EngineMaterials/FastBlueNoise_scalar_128x128x64" 10771
"../../../Engine/Plugins/Interchange/Runtime/Content/Pipelines/DefaultSceneAssetsPipeline.uasset" 10772
"../../../Engine/Plugins/Interchange/Runtime/Content/Pipelines/DefaultSceneLevelPipeline.uasset" 10773
"../../../Engine/Plugins/Interchange/Runtime/Content/Pipelines/DefaultGLTFSceneAssetsPipeline.uasset" 10774
"/NNEDenoiser/NNE_oidn2-3-0_rt_hdr_calb_cnrm_large__dyn__fp16_opset11_DenoiseAlpha" 10775
"../../../Engine/Content/EngineResources/Development/ZenLogo_64.uasset" 10776
"../../../Engine/Content/EngineMaterials/LTC/Sheen_LTC.uasset" 10777
"../../../Engine/Content/EngineMaterials/EnergyConservation/Diffuse_Energy.uasset" 10778
"../../../Engine/Content/EngineMaterials/FastBlueNoise_scalar_128x128x8.uasset" 10779
"../../../Engine/Plugins/NNE/NNEDenoiser/Content/NNE_oidn2-3-0_rt_hdr_calb_cnrm_large__dyn__fp16_opset11_ForwardAlpha.uasset" 10780
"../../../Engine/Plugins/Interchange/Assets/Content/Functions/MX_UsdPreviewSurface.uasset" 10781
"../../../Engine/Plugins/Interchange/Assets/Content/Functions/MX_OrenNayarBSDF.uasset" 10782
"../../../Engine/Plugins/Interchange/Assets/Content/Functions/MX_GeneralizedSchlickBSDF.uasset" 10783
"../../../Engine/Plugins/Interchange/Assets/Content/Functions/MX_SubsurfaceBSDF.uasset" 10784
"../../../Engine/Plugins/Interchange/Assets/Content/Functions/MX_SurfaceUnlit.uasset" 10785
"../../../Engine/Plugins/Interchange/Assets/Content/Functions/MX_DielectricBSDF.uasset" 10786
"../../../Engine/Plugins/Interchange/Assets/Content/Functions/MX_ConductorBSDF.uasset" 10787
"../../../Engine/Content/EngineMaterials/EnergyConservation/Sheen_Energy.uasset" 10788
"../../../Engine/Plugins/Interchange/Assets/Content/Functions/MX_SheenBSDF.uasset" 10789
"../../../Engine/Content/EngineResources/FilmGrains/Marcie_Grain_v3_128_M2_000.uasset" 10790
"../../../Engine/Plugins/Interchange/Assets/Content/Functions/MX_TranslucentBSDF.uasset" 10791
"../../../Engine/Plugins/Interchange/Assets/Content/Functions/MX_BurleyDiffuseBSDF.uasset" 10792
"/Interchange/Pipelines/DefaultTexturePipeline" 10793
"/Interchange/Pipelines/DefaultMaterialPipeline" 10794
"/Interchange/Pipelines/DefaultMaterialXPipeline" 10795
"/Engine/EngineSounds/Master" 10796
"/Engine/EngineMaterials/FastBlueNoise_vec2_128x128x64" 10797
"/Engine/EngineDebugMaterials/DebugEditorMaterial" 10798
"/Engine/EngineMaterials/DefaultBloomKernel" 10799
"/Engine/EditorResources/BSPVertex" 10800
"/InterchangeAssets/Functions/MX_SheenBSDF" 10801
"/Interchange/Pipelines/DefaultSceneLevelPipeline" 10802
"/Interchange/Pipelines/DefaultSceneAssetsPipeline" 10803
"../../../Engine/Plugins/Interchange/Assets/Content/Functions/MX_AbsorptionVDF.uasset" 10804
"../../../Engine/Plugins/Interchange/Assets/Content/Functions/MX_ConicalEDF.uasset" 10805
"../../../Engine/Plugins/Interchange/Assets/Content/Functions/MX_AnisotropicVDF.uasset" 10806
"../../../Engine/Plugins/Animation/ControlRig/Content/Controls/ControlRigGizmoMaterial.uasset" 10807
"../../../Engine/Plugins/Interchange/Assets/Content/Functions/MX_ThinFilmBSDF.uasset" 10808
"../../../Engine/Plugins/Interchange/Assets/Content/Functions/MX_MeasuredEDF.uasset" 10809
"../../../Engine/Plugins/Interchange/Assets/Content/Functions/MX_UniformEDF.uasset" 10810
"/Interchange/Pipelines/DefaultGLTFPipeline" 10811
"/InterchangeAssets/Functions/MX_SubsurfaceBSDF" 10812
"/InterchangeAssets/Functions/MX_GeneralizedSchlickBSDF" 10813
"/Interchange/Pipelines/DefaultGLTFAssetsPipeline" 10814
"/InterchangeAssets/Functions/MX_ConductorBSDF" 10815
"/InterchangeAssets/Functions/MX_DielectricBSDF" 10816
"/InterchangeAssets/Functions/MX_TranslucentBSDF" 10817
"/InterchangeAssets/Functions/MX_BurleyDiffuseBSDF" 10818
"/InterchangeAssets/Functions/MX_OrenNayarBSDF" 10819
"/Interchange/Pipelines/DefaultAssetsPipeline" 10820
"/Engine/EngineMaterials/EnergyConservation/Diffuse_Energy" 10821
"/Engine/EngineMaterials/EnergyConservation/Sheen_Energy" 10822
"/Engine/EngineMaterials/LTC/Sheen_LTC" 10823
"/Engine/EngineMaterials/FastBlueNoise_scalar_128x128x8" 10824
"/InterchangeAssets/Functions/MX_UsdPreviewSurface" 10825
"/Engine/EngineResources/Development/ZenLogo_64" 10826
"/Engine/EngineResources/FilmGrains/Marcie_Grain_v3_128_M2_000" 10827
"/InterchangeAssets/Functions/MX_SurfaceUnlit" 10828
"/Interchange/Pipelines/DefaultGLTFSceneAssetsPipeline" 10829
"/NNEDenoiser/NNE_oidn2-3-0_rt_hdr_calb_cnrm_large__dyn__fp16_opset11_ForwardAlpha" 10830
"/ControlRig/Controls/ControlRigGizmoMaterial" 10831
"/InterchangeAssets/Functions/MX_AnisotropicVDF" 10832
"/InterchangeAssets/Functions/MX_AbsorptionVDF" 10833
"/InterchangeAssets/Functions/MX_MeasuredEDF" 10834
"/InterchangeAssets/Functions/MX_ConicalEDF" 10835
"/InterchangeAssets/Functions/MX_UniformEDF" 10836
"/InterchangeAssets/Functions/MX_ThinFilmBSDF" 10837
"C:/Users/Will/AppData/Local/Temp/UnrealShaderWorkingDir/680E62474AA836ADF89BD38ECEC5B1C0/7/WorkerOutputOnly.out" 10838
"C:/Users/Will/AppData/Local/Temp/UnrealShaderWorkingDir/680E62474AA836ADF89BD38ECEC5B1C0/9/WorkerOutputOnly.out" 10839
"C:/Users/Will/AppData/Local/Temp/UnrealShaderWorkingDir/680E62474AA836ADF89BD38ECEC5B1C0/10/WorkerOutputOnly.out" 10840
"C:/Users/Will/AppData/Local/Temp/UnrealShaderWorkingDir/680E62474AA836ADF89BD38ECEC5B1C0/5/WorkerOutputOnly.out" 10841
"C:/Users/Will/AppData/Local/Temp/UnrealShaderWorkingDir/680E62474AA836ADF89BD38ECEC5B1C0/4/WorkerOutputOnly.out" 10842
"C:/Users/Will/AppData/Local/Temp/UnrealShaderWorkingDir/680E62474AA836ADF89BD38ECEC5B1C0/8/WorkerOutputOnly.out" 10843
"C:/Users/Will/AppData/Local/Temp/UnrealShaderWorkingDir/680E62474AA836ADF89BD38ECEC5B1C0/1/WorkerOutputOnly.out" 10844
"C:/Users/Will/AppData/Local/Temp/UnrealShaderWorkingDir/680E62474AA836ADF89BD38ECEC5B1C0/6/WorkerOutputOnly.out" 10845
"C:/Users/Will/Desktop/Work/CHICO/EldritchBotanist/The_Eldritch_Botanist/EldritchBotanistGame/Saved/Cooked/Android_ASTC/EldritchBotanistGame/Metadata/CookedSettings.txt" 10846
